curso_id,curso_nome,modalidade,codigo_api,url_pagina,fonte_dados,pagina_carrossel,ordem_na_pagina,ordem_global,disciplina,texto_intro_secao
administracao,Administração,EAD,ADM_EAD,https://sumare.edu.br/graduacao/ead/administracao,api,1,1,1,Administração Contemporânea,"As disciplinas de cada curso da Sumaré são concebidas pelo NDE (Núcleo Docente Estruturante), que é composto por professores com notório saber, que além da DCN (Diretrizes Curriculares Nacionais) de cada curso, levam em consideração as pautas mais importantes do mercado de trabalho, ou seja, o que você aprende na Sumaré você usa na prática!"
administracao,Administração,EAD,ADM_EAD,https://sumare.edu.br/graduacao/ead/administracao,api,1,2,2,Atividade Extensionista - Gestão Empresarial,
administracao,Administração,EAD,ADM_EAD,https://sumare.edu.br/graduacao/ead/administracao,api,1,3,3,Comunicação e Marketing,
administracao,Administração,EAD,ADM_EAD,https://sumare.edu.br/graduacao/ead/administracao,api,1,4,4,Contabilidade,
administracao,Administração,EAD,ADM_EAD,https://sumare.edu.br/graduacao/ead/administracao,api,1,5,5,Tecnologia e Sociedade,
administracao,Administração,EAD,ADM_EAD,https://sumare.edu.br/graduacao/ead/administracao,api,2,1,6,Estatística Aplicada,
administracao,Administração,EAD,ADM_EAD,https://sumare.edu.br/graduacao/ead/administracao,api,2,2,7,Atividade Extensionista - Recursos Financeiros e Humanos,
administracao,Administração,EAD,ADM_EAD,https://sumare.edu.br/graduacao/ead/administracao,api,2,3,8,Matemática Financeira,
administracao,Administração,EAD,ADM_EAD,https://sumare.edu.br/graduacao/ead/administracao,api,2,4,9,Legislação Trabalhista,
administracao,Administração,EAD,ADM_EAD,https://sumare.edu.br/graduacao/ead/administracao,api,2,5,10,Sustentabilidade e Responsabilidade Social,
administracao,Administração,EAD,ADM_EAD,https://sumare.edu.br/graduacao/ead/administracao,api,3,1,11,Análise das Demonstrações Financeiras,
administracao,Administração,EAD,ADM_EAD,https://sumare.edu.br/graduacao/ead/administracao,api,3,2,12,Atividade Extensionista - Gestão por Competência e Análise de Dados,
administracao,Administração,EAD,ADM_EAD,https://sumare.edu.br/graduacao/ead/administracao,api,3,3,13,Economia,
administracao,Administração,EAD,ADM_EAD,https://sumare.edu.br/graduacao/ead/administracao,api,3,4,14,Administração de Pessoal e Cálculos Trabalhistas,
administracao,Administração,EAD,ADM_EAD,https://sumare.edu.br/graduacao/ead/administracao,api,3,5,15,Filosofia,
administracao,Administração,EAD,ADM_EAD,https://sumare.edu.br/graduacao/ead/administracao,api,4,1,16,Logística,
administracao,Administração,EAD,ADM_EAD,https://sumare.edu.br/graduacao/ead/administracao,api,4,2,17,Atividade Extensionista - Gestão Operacional,
administracao,Administração,EAD,ADM_EAD,https://sumare.edu.br/graduacao/ead/administracao,api,4,3,18,Finanças Corporativas e Riscos Financeiros,
administracao,Administração,EAD,ADM_EAD,https://sumare.edu.br/graduacao/ead/administracao,api,4,4,19,Teorias Organizacionais,
administracao,Administração,EAD,ADM_EAD,https://sumare.edu.br/graduacao/ead/administracao,api,4,5,20,Comportamento nas Organizações,
administracao,Administração,EAD,ADM_EAD,https://sumare.edu.br/graduacao/ead/administracao,api,5,1,21,Marketing de Serviços,
administracao,Administração,EAD,ADM_EAD,https://sumare.edu.br/graduacao/ead/administracao,api,5,2,22,Recursos Humanos,
administracao,Administração,EAD,ADM_EAD,https://sumare.edu.br/graduacao/ead/administracao,api,5,3,23,Planejamento Orçamentário,
administracao,Administração,EAD,ADM_EAD,https://sumare.edu.br/graduacao/ead/administracao,api,5,4,24,Lógica e Interpretação de Dados,
administracao,Administração,EAD,ADM_EAD,https://sumare.edu.br/graduacao/ead/administracao,api,6,1,25,Administração da Produção,
administracao,Administração,EAD,ADM_EAD,https://sumare.edu.br/graduacao/ead/administracao,api,6,2,26,Direito Público e Privado,
administracao,Administração,EAD,ADM_EAD,https://sumare.edu.br/graduacao/ead/administracao,api,6,3,27,Gestão de Custos e Preços,
administracao,Administração,EAD,ADM_EAD,https://sumare.edu.br/graduacao/ead/administracao,api,6,4,28,Governança Corporativa,
administracao,Administração,EAD,ADM_EAD,https://sumare.edu.br/graduacao/ead/administracao,api,7,1,29,Gestão de Pessoas,
administracao,Administração,EAD,ADM_EAD,https://sumare.edu.br/graduacao/ead/administracao,api,7,2,30,Inovação e Empreendedorismo,
administracao,Administração,EAD,ADM_EAD,https://sumare.edu.br/graduacao/ead/administracao,api,7,3,31,Controladoria,
administracao,Administração,EAD,ADM_EAD,https://sumare.edu.br/graduacao/ead/administracao,api,7,4,32,Direito Empresarial,
administracao,Administração,EAD,ADM_EAD,https://sumare.edu.br/graduacao/ead/administracao,api,8,1,33,Gestão Ambiental nas Empresas,
administracao,Administração,EAD,ADM_EAD,https://sumare.edu.br/graduacao/ead/administracao,api,8,2,34,ATC,
administracao,Administração,EAD,ADM_EAD,https://sumare.edu.br/graduacao/ead/administracao,api,8,3,35,Estágio Obrigatório,
administracao,Administração,EAD,ADM_EAD,https://sumare.edu.br/graduacao/ead/administracao,api,8,4,36,PPI,
administracao,Administração,EAD,ADM_EAD,https://sumare.edu.br/graduacao/ead/administracao,api,8,5,37,Plano de Negócios,
administracao,Administração,EAD,ADM_EAD,https://sumare.edu.br/graduacao/ead/administracao,api,8,6,38,Tópicos de Gestão,
administracao,Administração,EAD,ADM_EAD,https://sumare.edu.br/graduacao/ead/administracao,api,8,7,39,Aplicação e Análise de Casos,
administracao,Administração,Presencial,},https://sumare.edu.br/graduacao/presencial/administracao,html,,,,,"As disciplinas de cada curso da Sumaré são concebidas pelo NDE (Núcleo Docente Estruturante), que é composto por professores com notório saber, que além da DCN (Diretrizes Curriculares Nacionais) de cada curso, levam em consideração as pautas mais importantes do mercado de trabalho, ou seja, o que você aprende na Sumaré você usa na prática!"
analise-e-desenvolvimento-de-sistemas,Análise e Desenvolvimento de Sistemas,EAD,ADS_EAD,https://sumare.edu.br/graduacao/ead/analise-e-desenvolvimento-de-sistemas,api,1,1,1,Arquitetura de Computadores,"As disciplinas de cada curso da Sumaré são concebidas pelo NDE (Núcleo Docente Estruturante), que é composto por professores com notório saber, que além da DCN (Diretrizes Curriculares Nacionais) de cada curso, levam em consideração as pautas mais importantes do mercado de trabalho, ou seja, o que você aprende na Sumaré você usa na prática!"
analise-e-desenvolvimento-de-sistemas,Análise e Desenvolvimento de Sistemas,EAD,ADS_EAD,https://sumare.edu.br/graduacao/ead/analise-e-desenvolvimento-de-sistemas,api,1,2,2,Atividade Extensionista - Tópicos da Computação,
analise-e-desenvolvimento-de-sistemas,Análise e Desenvolvimento de Sistemas,EAD,ADS_EAD,https://sumare.edu.br/graduacao/ead/analise-e-desenvolvimento-de-sistemas,api,1,3,3,Redes de Computadores e Telecomunicação,
analise-e-desenvolvimento-de-sistemas,Análise e Desenvolvimento de Sistemas,EAD,ADS_EAD,https://sumare.edu.br/graduacao/ead/analise-e-desenvolvimento-de-sistemas,api,1,4,4,Sistemas Operacionais,
analise-e-desenvolvimento-de-sistemas,Análise e Desenvolvimento de Sistemas,EAD,ADS_EAD,https://sumare.edu.br/graduacao/ead/analise-e-desenvolvimento-de-sistemas,api,1,5,5,Desenvolvimento para WEB,
analise-e-desenvolvimento-de-sistemas,Análise e Desenvolvimento de Sistemas,EAD,ADS_EAD,https://sumare.edu.br/graduacao/ead/analise-e-desenvolvimento-de-sistemas,api,1,6,6,Tecnologia e Sociedade,
analise-e-desenvolvimento-de-sistemas,Análise e Desenvolvimento de Sistemas,EAD,ADS_EAD,https://sumare.edu.br/graduacao/ead/analise-e-desenvolvimento-de-sistemas,api,2,1,7,Algoritmos,
analise-e-desenvolvimento-de-sistemas,Análise e Desenvolvimento de Sistemas,EAD,ADS_EAD,https://sumare.edu.br/graduacao/ead/analise-e-desenvolvimento-de-sistemas,api,2,2,8,Atividade Extensionista - Programação WEB,
analise-e-desenvolvimento-de-sistemas,Análise e Desenvolvimento de Sistemas,EAD,ADS_EAD,https://sumare.edu.br/graduacao/ead/analise-e-desenvolvimento-de-sistemas,api,2,3,9,Banco de Dados,
analise-e-desenvolvimento-de-sistemas,Análise e Desenvolvimento de Sistemas,EAD,ADS_EAD,https://sumare.edu.br/graduacao/ead/analise-e-desenvolvimento-de-sistemas,api,2,4,10,Paradigmas e Linguagem de Programação,
analise-e-desenvolvimento-de-sistemas,Análise e Desenvolvimento de Sistemas,EAD,ADS_EAD,https://sumare.edu.br/graduacao/ead/analise-e-desenvolvimento-de-sistemas,api,2,5,11,Programação em Banco de Dados,
analise-e-desenvolvimento-de-sistemas,Análise e Desenvolvimento de Sistemas,EAD,ADS_EAD,https://sumare.edu.br/graduacao/ead/analise-e-desenvolvimento-de-sistemas,api,2,6,12,Sustentabilidade e Responsabilidade social,
analise-e-desenvolvimento-de-sistemas,Análise e Desenvolvimento de Sistemas,EAD,ADS_EAD,https://sumare.edu.br/graduacao/ead/analise-e-desenvolvimento-de-sistemas,api,3,1,13,Gestão de Projetos,
analise-e-desenvolvimento-de-sistemas,Análise e Desenvolvimento de Sistemas,EAD,ADS_EAD,https://sumare.edu.br/graduacao/ead/analise-e-desenvolvimento-de-sistemas,api,3,2,14,Atividade Extensionista - Administração de Sistemas,
analise-e-desenvolvimento-de-sistemas,Análise e Desenvolvimento de Sistemas,EAD,ADS_EAD,https://sumare.edu.br/graduacao/ead/analise-e-desenvolvimento-de-sistemas,api,3,3,15,Engenharia de Software,
analise-e-desenvolvimento-de-sistemas,Análise e Desenvolvimento de Sistemas,EAD,ADS_EAD,https://sumare.edu.br/graduacao/ead/analise-e-desenvolvimento-de-sistemas,api,3,4,16,Qualidade de Software,
analise-e-desenvolvimento-de-sistemas,Análise e Desenvolvimento de Sistemas,EAD,ADS_EAD,https://sumare.edu.br/graduacao/ead/analise-e-desenvolvimento-de-sistemas,api,3,5,17,Segurança da Informação,
analise-e-desenvolvimento-de-sistemas,Análise e Desenvolvimento de Sistemas,EAD,ADS_EAD,https://sumare.edu.br/graduacao/ead/analise-e-desenvolvimento-de-sistemas,api,3,6,18,Empreendedorismo,
analise-e-desenvolvimento-de-sistemas,Análise e Desenvolvimento de Sistemas,EAD,ADS_EAD,https://sumare.edu.br/graduacao/ead/analise-e-desenvolvimento-de-sistemas,api,4,1,19,Laboratório de Programação,
analise-e-desenvolvimento-de-sistemas,Análise e Desenvolvimento de Sistemas,EAD,ADS_EAD,https://sumare.edu.br/graduacao/ead/analise-e-desenvolvimento-de-sistemas,api,4,2,20,Atividade Extensionista - Técnicas de Programação,
analise-e-desenvolvimento-de-sistemas,Análise e Desenvolvimento de Sistemas,EAD,ADS_EAD,https://sumare.edu.br/graduacao/ead/analise-e-desenvolvimento-de-sistemas,api,4,3,21,Programação Paralela e Concorrente,
analise-e-desenvolvimento-de-sistemas,Análise e Desenvolvimento de Sistemas,EAD,ADS_EAD,https://sumare.edu.br/graduacao/ead/analise-e-desenvolvimento-de-sistemas,api,4,4,22,Estrutura de Dados,
analise-e-desenvolvimento-de-sistemas,Análise e Desenvolvimento de Sistemas,EAD,ADS_EAD,https://sumare.edu.br/graduacao/ead/analise-e-desenvolvimento-de-sistemas,api,4,5,23,Programação Orientada a Objetos,
analise-e-desenvolvimento-de-sistemas,Análise e Desenvolvimento de Sistemas,EAD,ADS_EAD,https://sumare.edu.br/graduacao/ead/analise-e-desenvolvimento-de-sistemas,api,4,6,24,Comportamento nas Organizações,
analise-e-desenvolvimento-de-sistemas,Análise e Desenvolvimento de Sistemas,EAD,ADS_EAD,https://sumare.edu.br/graduacao/ead/analise-e-desenvolvimento-de-sistemas,api,5,1,25,Interface Humano-Computador,
analise-e-desenvolvimento-de-sistemas,Análise e Desenvolvimento de Sistemas,EAD,ADS_EAD,https://sumare.edu.br/graduacao/ead/analise-e-desenvolvimento-de-sistemas,api,5,2,26,Atividade Extensionista - Projeto de Sistemas,
analise-e-desenvolvimento-de-sistemas,Análise e Desenvolvimento de Sistemas,EAD,ADS_EAD,https://sumare.edu.br/graduacao/ead/analise-e-desenvolvimento-de-sistemas,api,5,3,27,ATC,
analise-e-desenvolvimento-de-sistemas,Análise e Desenvolvimento de Sistemas,EAD,ADS_EAD,https://sumare.edu.br/graduacao/ead/analise-e-desenvolvimento-de-sistemas,api,5,4,28,Estágio Obrigatório,
analise-e-desenvolvimento-de-sistemas,Análise e Desenvolvimento de Sistemas,EAD,ADS_EAD,https://sumare.edu.br/graduacao/ead/analise-e-desenvolvimento-de-sistemas,api,5,5,29,PPI,
analise-e-desenvolvimento-de-sistemas,Análise e Desenvolvimento de Sistemas,EAD,ADS_EAD,https://sumare.edu.br/graduacao/ead/analise-e-desenvolvimento-de-sistemas,api,5,6,30,Probabilidade e Estatística,
analise-e-desenvolvimento-de-sistemas,Análise e Desenvolvimento de Sistemas,EAD,ADS_EAD,https://sumare.edu.br/graduacao/ead/analise-e-desenvolvimento-de-sistemas,api,5,7,31,Análise de Projeto de Sistemas,
analise-e-desenvolvimento-de-sistemas,Análise e Desenvolvimento de Sistemas,EAD,ADS_EAD,https://sumare.edu.br/graduacao/ead/analise-e-desenvolvimento-de-sistemas,api,5,8,32,Mineração de Dados,
arquitetura-e-urbanismo,Arquitetura e Urbanismo,EAD,ARUB_EAD,https://sumare.edu.br/graduacao/ead/arquitetura-e-urbanismo,html,1,1,1,Bem-Vindo ao AVA Sumaré,"As disciplinas de cada curso da Sumaré são concebidas pelo NDE (Núcleo Docente Estruturante), que é composto por professores com notório saber, que além da DCN (Diretrizes Curriculares Nacionais) de cada curso, levam em consideração as pautas mais importantes do mercado de trabalho, ou seja, o que você aprende na Sumaré você usa na prática!"
arquitetura-e-urbanismo,Arquitetura e Urbanismo,EAD,ARUB_EAD,https://sumare.edu.br/graduacao/ead/arquitetura-e-urbanismo,html,1,2,2,Conheça seu Tutor,
arquitetura-e-urbanismo,Arquitetura e Urbanismo,EAD,ARUB_EAD,https://sumare.edu.br/graduacao/ead/arquitetura-e-urbanismo,html,1,3,3,Conheça seu curso - Arquitetura e Urbanismo,
arquitetura-e-urbanismo,Arquitetura e Urbanismo,EAD,ARUB_EAD,https://sumare.edu.br/graduacao/ead/arquitetura-e-urbanismo,html,1,4,4,Artesanato e Cultura Brasileira,
arquitetura-e-urbanismo,Arquitetura e Urbanismo,EAD,ARUB_EAD,https://sumare.edu.br/graduacao/ead/arquitetura-e-urbanismo,html,1,5,5,Teoria e História da Arquitetura I,
arquitetura-e-urbanismo,Arquitetura e Urbanismo,EAD,ARUB_EAD,https://sumare.edu.br/graduacao/ead/arquitetura-e-urbanismo,html,1,6,6,Teoria e História da Arquitetura II,
arquitetura-e-urbanismo,Arquitetura e Urbanismo,EAD,ARUB_EAD,https://sumare.edu.br/graduacao/ead/arquitetura-e-urbanismo,html,1,7,7,Projeto Arquitetônico,
arquitetura-e-urbanismo,Arquitetura e Urbanismo,EAD,ARUB_EAD,https://sumare.edu.br/graduacao/ead/arquitetura-e-urbanismo,html,1,8,8,Atividade Extensionista - Teoria e História da Arquitetura,
arquitetura-e-urbanismo,Arquitetura e Urbanismo,EAD,ARUB_EAD,https://sumare.edu.br/graduacao/ead/arquitetura-e-urbanismo,html,1,9,9,Biblioteca Virtual,
arquitetura-e-urbanismo,Arquitetura e Urbanismo,EAD,ARUB_EAD,https://sumare.edu.br/graduacao/ead/arquitetura-e-urbanismo,html,2,1,10,Teoria do Urbanismo,
arquitetura-e-urbanismo,Arquitetura e Urbanismo,EAD,ARUB_EAD,https://sumare.edu.br/graduacao/ead/arquitetura-e-urbanismo,html,2,2,11,Estudos da Cidade,
arquitetura-e-urbanismo,Arquitetura e Urbanismo,EAD,ARUB_EAD,https://sumare.edu.br/graduacao/ead/arquitetura-e-urbanismo,html,2,3,12,Topografia,
arquitetura-e-urbanismo,Arquitetura e Urbanismo,EAD,ARUB_EAD,https://sumare.edu.br/graduacao/ead/arquitetura-e-urbanismo,html,2,4,13,Ética e Sociologia,
arquitetura-e-urbanismo,Arquitetura e Urbanismo,EAD,ARUB_EAD,https://sumare.edu.br/graduacao/ead/arquitetura-e-urbanismo,html,2,5,14,Atividade Extensionista - Topografia,
arquitetura-e-urbanismo,Arquitetura e Urbanismo,EAD,ARUB_EAD,https://sumare.edu.br/graduacao/ead/arquitetura-e-urbanismo,html,3,1,15,Teoria e História do Paisagismo,
arquitetura-e-urbanismo,Arquitetura e Urbanismo,EAD,ARUB_EAD,https://sumare.edu.br/graduacao/ead/arquitetura-e-urbanismo,html,3,2,16,Desenho Artístico e Arquitetônico,
arquitetura-e-urbanismo,Arquitetura e Urbanismo,EAD,ARUB_EAD,https://sumare.edu.br/graduacao/ead/arquitetura-e-urbanismo,html,3,3,17,Diversidade Étnico-Cultural,
arquitetura-e-urbanismo,Arquitetura e Urbanismo,EAD,ARUB_EAD,https://sumare.edu.br/graduacao/ead/arquitetura-e-urbanismo,html,3,4,18,Paisagismo e Composição Paisagística,
arquitetura-e-urbanismo,Arquitetura e Urbanismo,EAD,ARUB_EAD,https://sumare.edu.br/graduacao/ead/arquitetura-e-urbanismo,html,3,5,19,Atividade Extensionista - Paisagismo,
arquitetura-e-urbanismo,Arquitetura e Urbanismo,EAD,ARUB_EAD,https://sumare.edu.br/graduacao/ead/arquitetura-e-urbanismo,html,4,1,20,História das Artes e Estética,
arquitetura-e-urbanismo,Arquitetura e Urbanismo,EAD,ARUB_EAD,https://sumare.edu.br/graduacao/ead/arquitetura-e-urbanismo,html,4,2,21,Expressão Gráfica e Geometria Descritiva,
arquitetura-e-urbanismo,Arquitetura e Urbanismo,EAD,ARUB_EAD,https://sumare.edu.br/graduacao/ead/arquitetura-e-urbanismo,html,4,3,22,Representação Gráfica,
arquitetura-e-urbanismo,Arquitetura e Urbanismo,EAD,ARUB_EAD,https://sumare.edu.br/graduacao/ead/arquitetura-e-urbanismo,html,4,4,23,Informática Aplicada a Arquitetura,
arquitetura-e-urbanismo,Arquitetura e Urbanismo,EAD,ARUB_EAD,https://sumare.edu.br/graduacao/ead/arquitetura-e-urbanismo,html,4,5,24,Atividade Extensionista - História das Artes e Estética,
arquitetura-e-urbanismo,Arquitetura e Urbanismo,EAD,ARUB_EAD,https://sumare.edu.br/graduacao/ead/arquitetura-e-urbanismo,html,5,1,25,Estágio Supervisionado - Arquitetura e Engenharia,
arquitetura-e-urbanismo,Arquitetura e Urbanismo,EAD,ARUB_EAD,https://sumare.edu.br/graduacao/ead/arquitetura-e-urbanismo,html,5,2,26,Resistência dos Materiais,
arquitetura-e-urbanismo,Arquitetura e Urbanismo,EAD,ARUB_EAD,https://sumare.edu.br/graduacao/ead/arquitetura-e-urbanismo,html,5,3,27,Materiais de Construção Civil,
arquitetura-e-urbanismo,Arquitetura e Urbanismo,EAD,ARUB_EAD,https://sumare.edu.br/graduacao/ead/arquitetura-e-urbanismo,html,5,4,28,Fundações,
arquitetura-e-urbanismo,Arquitetura e Urbanismo,EAD,ARUB_EAD,https://sumare.edu.br/graduacao/ead/arquitetura-e-urbanismo,html,5,5,29,Construção Civil,
arquitetura-e-urbanismo,Arquitetura e Urbanismo,EAD,ARUB_EAD,https://sumare.edu.br/graduacao/ead/arquitetura-e-urbanismo,html,6,1,30,Saneamento: pluviais e sanitário,
arquitetura-e-urbanismo,Arquitetura e Urbanismo,EAD,ARUB_EAD,https://sumare.edu.br/graduacao/ead/arquitetura-e-urbanismo,html,6,2,31,Sistemas prediais elétricos,
arquitetura-e-urbanismo,Arquitetura e Urbanismo,EAD,ARUB_EAD,https://sumare.edu.br/graduacao/ead/arquitetura-e-urbanismo,html,6,3,32,"Estruturas Metálicas, de Madeira e Pré-Fabricadas",
arquitetura-e-urbanismo,Arquitetura e Urbanismo,EAD,ARUB_EAD,https://sumare.edu.br/graduacao/ead/arquitetura-e-urbanismo,html,6,4,33,Concreto Armado,
arquitetura-e-urbanismo,Arquitetura e Urbanismo,EAD,ARUB_EAD,https://sumare.edu.br/graduacao/ead/arquitetura-e-urbanismo,html,6,5,34,Custos e planejamentos,
arquitetura-e-urbanismo,Arquitetura e Urbanismo,EAD,ARUB_EAD,https://sumare.edu.br/graduacao/ead/arquitetura-e-urbanismo,html,7,1,35,Gestão Ambiental e Meio Ambiente,
arquitetura-e-urbanismo,Arquitetura e Urbanismo,EAD,ARUB_EAD,https://sumare.edu.br/graduacao/ead/arquitetura-e-urbanismo,html,7,2,36,Conforto Ambiental: Luminotécnica e Ergonomia,
arquitetura-e-urbanismo,Arquitetura e Urbanismo,EAD,ARUB_EAD,https://sumare.edu.br/graduacao/ead/arquitetura-e-urbanismo,html,7,3,37,Conforto Ambiental: Térmico e Climático,
arquitetura-e-urbanismo,Arquitetura e Urbanismo,EAD,ARUB_EAD,https://sumare.edu.br/graduacao/ead/arquitetura-e-urbanismo,html,7,4,38,Conforto Ambiental: Acústico,
arquitetura-e-urbanismo,Arquitetura e Urbanismo,EAD,ARUB_EAD,https://sumare.edu.br/graduacao/ead/arquitetura-e-urbanismo,html,8,1,39,Planejamento e mobilidade urbanos,
arquitetura-e-urbanismo,Arquitetura e Urbanismo,EAD,ARUB_EAD,https://sumare.edu.br/graduacao/ead/arquitetura-e-urbanismo,html,8,2,40,Projeto de Interiores,
arquitetura-e-urbanismo,Arquitetura e Urbanismo,EAD,ARUB_EAD,https://sumare.edu.br/graduacao/ead/arquitetura-e-urbanismo,html,8,3,41,Teoria do Restauro e do Patrimônio,
arquitetura-e-urbanismo,Arquitetura e Urbanismo,EAD,ARUB_EAD,https://sumare.edu.br/graduacao/ead/arquitetura-e-urbanismo,html,8,4,42,Arquitetura Sustentável,
arquitetura-e-urbanismo,Arquitetura e Urbanismo,EAD,ARUB_EAD,https://sumare.edu.br/graduacao/ead/arquitetura-e-urbanismo,html,8,5,43,Legislação Urbana,
arquitetura-e-urbanismo,Arquitetura e Urbanismo,EAD,ARUB_EAD,https://sumare.edu.br/graduacao/ead/arquitetura-e-urbanismo,html,9,1,44,Trabalho de Conclusão de Curso : Projetos,
arquitetura-e-urbanismo,Arquitetura e Urbanismo,EAD,ARUB_EAD,https://sumare.edu.br/graduacao/ead/arquitetura-e-urbanismo,html,9,2,45,Segurança do Trabalho e Saúde Ocupacional,
arquitetura-e-urbanismo,Arquitetura e Urbanismo,EAD,ARUB_EAD,https://sumare.edu.br/graduacao/ead/arquitetura-e-urbanismo,html,9,3,46,Gestão de Resíduos,
arquitetura-e-urbanismo,Arquitetura e Urbanismo,EAD,ARUB_EAD,https://sumare.edu.br/graduacao/ead/arquitetura-e-urbanismo,html,10,1,47,Gestão de Projetos,
arquitetura-e-urbanismo,Arquitetura e Urbanismo,EAD,ARUB_EAD,https://sumare.edu.br/graduacao/ead/arquitetura-e-urbanismo,html,10,2,48,Trabalho de Conclusão de Curso : Aplicação,
arquitetura-e-urbanismo,Arquitetura e Urbanismo,EAD,ARUB_EAD,https://sumare.edu.br/graduacao/ead/arquitetura-e-urbanismo,html,10,3,49,Empreendedorismo e Inovação,
arquitetura-e-urbanismo,Arquitetura e Urbanismo,Semipresencial,ARUB_SEMI,https://sumare.edu.br/graduacao/semi/arquitetura-e-urbanismo,html,1,1,1,Bem-Vindo ao AVA Sumaré,"As disciplinas de cada curso da Sumaré são concebidas pelo NDE (Núcleo Docente Estruturante), que é composto por professores com notório saber, que além da DCN (Diretrizes Curriculares Nacionais) de cada curso, levam em consideração as pautas mais importantes do mercado de trabalho, ou seja, o que você aprende na Sumaré você usa na prática!"
arquitetura-e-urbanismo,Arquitetura e Urbanismo,Semipresencial,ARUB_SEMI,https://sumare.edu.br/graduacao/semi/arquitetura-e-urbanismo,html,1,2,2,Conheça seu Tutor,
arquitetura-e-urbanismo,Arquitetura e Urbanismo,Semipresencial,ARUB_SEMI,https://sumare.edu.br/graduacao/semi/arquitetura-e-urbanismo,html,1,3,3,Conheça seu curso - Arquitetura e Urbanismo Semipresencial,
arquitetura-e-urbanismo,Arquitetura e Urbanismo,Semipresencial,ARUB_SEMI,https://sumare.edu.br/graduacao/semi/arquitetura-e-urbanismo,html,1,4,4,Teoria e História da Arquitetura I,
arquitetura-e-urbanismo,Arquitetura e Urbanismo,Semipresencial,ARUB_SEMI,https://sumare.edu.br/graduacao/semi/arquitetura-e-urbanismo,html,1,5,5,Teoria e História da Arquitetura II,
arquitetura-e-urbanismo,Arquitetura e Urbanismo,Semipresencial,ARUB_SEMI,https://sumare.edu.br/graduacao/semi/arquitetura-e-urbanismo,html,1,6,6,Representação Gráfica,
arquitetura-e-urbanismo,Arquitetura e Urbanismo,Semipresencial,ARUB_SEMI,https://sumare.edu.br/graduacao/semi/arquitetura-e-urbanismo,html,1,7,7,Ética e Sociologia,
arquitetura-e-urbanismo,Arquitetura e Urbanismo,Semipresencial,ARUB_SEMI,https://sumare.edu.br/graduacao/semi/arquitetura-e-urbanismo,html,1,8,8,Atividade Extensionista - Teoria e História da Arquitetura,
arquitetura-e-urbanismo,Arquitetura e Urbanismo,Semipresencial,ARUB_SEMI,https://sumare.edu.br/graduacao/semi/arquitetura-e-urbanismo,html,1,9,9,Biblioteca Virtual,
arquitetura-e-urbanismo,Arquitetura e Urbanismo,Semipresencial,ARUB_SEMI,https://sumare.edu.br/graduacao/semi/arquitetura-e-urbanismo,html,2,1,10,Introdução e Fundamentos da Arquitetura e Urbanismo,
arquitetura-e-urbanismo,Arquitetura e Urbanismo,Semipresencial,ARUB_SEMI,https://sumare.edu.br/graduacao/semi/arquitetura-e-urbanismo,html,2,2,11,Estudos da Cidade,
arquitetura-e-urbanismo,Arquitetura e Urbanismo,Semipresencial,ARUB_SEMI,https://sumare.edu.br/graduacao/semi/arquitetura-e-urbanismo,html,2,3,12,História das Artes e Estética,
arquitetura-e-urbanismo,Arquitetura e Urbanismo,Semipresencial,ARUB_SEMI,https://sumare.edu.br/graduacao/semi/arquitetura-e-urbanismo,html,2,4,13,Expressão Gráica e Geometria Descritiva,
arquitetura-e-urbanismo,Arquitetura e Urbanismo,Semipresencial,ARUB_SEMI,https://sumare.edu.br/graduacao/semi/arquitetura-e-urbanismo,html,2,5,14,Atividade Extensionista - Estudos das Cidades,
arquitetura-e-urbanismo,Arquitetura e Urbanismo,Semipresencial,ARUB_SEMI,https://sumare.edu.br/graduacao/semi/arquitetura-e-urbanismo,html,3,1,15,Teoria e História do Paisagismo,
arquitetura-e-urbanismo,Arquitetura e Urbanismo,Semipresencial,ARUB_SEMI,https://sumare.edu.br/graduacao/semi/arquitetura-e-urbanismo,html,3,2,16,Paisagismo e Composição Paisagística,
arquitetura-e-urbanismo,Arquitetura e Urbanismo,Semipresencial,ARUB_SEMI,https://sumare.edu.br/graduacao/semi/arquitetura-e-urbanismo,html,3,3,17,Desenho de Observação,
arquitetura-e-urbanismo,Arquitetura e Urbanismo,Semipresencial,ARUB_SEMI,https://sumare.edu.br/graduacao/semi/arquitetura-e-urbanismo,html,3,4,18,Informática Aplicada a Arquitetura,
arquitetura-e-urbanismo,Arquitetura e Urbanismo,Semipresencial,ARUB_SEMI,https://sumare.edu.br/graduacao/semi/arquitetura-e-urbanismo,html,3,5,19,Atividade Extensionista - Aplicações de Paisagismo,
arquitetura-e-urbanismo,Arquitetura e Urbanismo,Semipresencial,ARUB_SEMI,https://sumare.edu.br/graduacao/semi/arquitetura-e-urbanismo,html,4,1,20,Topografia,
arquitetura-e-urbanismo,Arquitetura e Urbanismo,Semipresencial,ARUB_SEMI,https://sumare.edu.br/graduacao/semi/arquitetura-e-urbanismo,html,4,2,21,Teoria do Urbanismo,
arquitetura-e-urbanismo,Arquitetura e Urbanismo,Semipresencial,ARUB_SEMI,https://sumare.edu.br/graduacao/semi/arquitetura-e-urbanismo,html,4,3,22,Arquitetura Contemporânea,
arquitetura-e-urbanismo,Arquitetura e Urbanismo,Semipresencial,ARUB_SEMI,https://sumare.edu.br/graduacao/semi/arquitetura-e-urbanismo,html,4,4,23,Diversidade Étnico Cultural,
arquitetura-e-urbanismo,Arquitetura e Urbanismo,Semipresencial,ARUB_SEMI,https://sumare.edu.br/graduacao/semi/arquitetura-e-urbanismo,html,4,5,24,Atividade Extensionista - Arquitetura Contemporânea,
arquitetura-e-urbanismo,Arquitetura e Urbanismo,Semipresencial,ARUB_SEMI,https://sumare.edu.br/graduacao/semi/arquitetura-e-urbanismo,html,5,1,25,Estágio Supervisionado - Arquitetura e Engenharia,
arquitetura-e-urbanismo,Arquitetura e Urbanismo,Semipresencial,ARUB_SEMI,https://sumare.edu.br/graduacao/semi/arquitetura-e-urbanismo,html,5,2,26,Resistência dos Materiais,
arquitetura-e-urbanismo,Arquitetura e Urbanismo,Semipresencial,ARUB_SEMI,https://sumare.edu.br/graduacao/semi/arquitetura-e-urbanismo,html,5,3,27,Materiais de Construção Civil,
arquitetura-e-urbanismo,Arquitetura e Urbanismo,Semipresencial,ARUB_SEMI,https://sumare.edu.br/graduacao/semi/arquitetura-e-urbanismo,html,5,4,28,Legislação Urbana,
arquitetura-e-urbanismo,Arquitetura e Urbanismo,Semipresencial,ARUB_SEMI,https://sumare.edu.br/graduacao/semi/arquitetura-e-urbanismo,html,5,5,29,Arquitetura Unifamiliar,
arquitetura-e-urbanismo,Arquitetura e Urbanismo,Semipresencial,ARUB_SEMI,https://sumare.edu.br/graduacao/semi/arquitetura-e-urbanismo,html,5,6,30,Atividade Extensionista - Ediicações Uniffamiliar,
arquitetura-e-urbanismo,Arquitetura e Urbanismo,Semipresencial,ARUB_SEMI,https://sumare.edu.br/graduacao/semi/arquitetura-e-urbanismo,html,6,1,31,"Estruturas Metálicas, de Madeira e Pré-Fabricadas",
arquitetura-e-urbanismo,Arquitetura e Urbanismo,Semipresencial,ARUB_SEMI,https://sumare.edu.br/graduacao/semi/arquitetura-e-urbanismo,html,6,2,32,Projeto Arquitetônico Multifamiliar,
arquitetura-e-urbanismo,Arquitetura e Urbanismo,Semipresencial,ARUB_SEMI,https://sumare.edu.br/graduacao/semi/arquitetura-e-urbanismo,html,6,3,33,Fundações e Concreto Armado,
arquitetura-e-urbanismo,Arquitetura e Urbanismo,Semipresencial,ARUB_SEMI,https://sumare.edu.br/graduacao/semi/arquitetura-e-urbanismo,html,6,4,34,Saneamento: Pluviais e Sanitário,
arquitetura-e-urbanismo,Arquitetura e Urbanismo,Semipresencial,ARUB_SEMI,https://sumare.edu.br/graduacao/semi/arquitetura-e-urbanismo,html,6,5,35,Sistemas Prediais Elétricos,
arquitetura-e-urbanismo,Arquitetura e Urbanismo,Semipresencial,ARUB_SEMI,https://sumare.edu.br/graduacao/semi/arquitetura-e-urbanismo,html,6,6,36,Custos e Planejamentos,
arquitetura-e-urbanismo,Arquitetura e Urbanismo,Semipresencial,ARUB_SEMI,https://sumare.edu.br/graduacao/semi/arquitetura-e-urbanismo,html,6,7,37,Atividade Extensionista - Ediicações Multifamiliar,
arquitetura-e-urbanismo,Arquitetura e Urbanismo,Semipresencial,ARUB_SEMI,https://sumare.edu.br/graduacao/semi/arquitetura-e-urbanismo,html,7,1,38,Conforto Ambiental: Térmico e Climático,
arquitetura-e-urbanismo,Arquitetura e Urbanismo,Semipresencial,ARUB_SEMI,https://sumare.edu.br/graduacao/semi/arquitetura-e-urbanismo,html,7,2,39,Conforto Ambiental: Luminotécnica e Ergonomia,
arquitetura-e-urbanismo,Arquitetura e Urbanismo,Semipresencial,ARUB_SEMI,https://sumare.edu.br/graduacao/semi/arquitetura-e-urbanismo,html,7,3,40,Conforto Ambiental: Luz e Acústico,
arquitetura-e-urbanismo,Arquitetura e Urbanismo,Semipresencial,ARUB_SEMI,https://sumare.edu.br/graduacao/semi/arquitetura-e-urbanismo,html,7,4,41,Gestão Ambiental e Meio Ambiente,
arquitetura-e-urbanismo,Arquitetura e Urbanismo,Semipresencial,ARUB_SEMI,https://sumare.edu.br/graduacao/semi/arquitetura-e-urbanismo,html,7,5,42,Atividade Extensionista - Conforto Ambiental,
arquitetura-e-urbanismo,Arquitetura e Urbanismo,Semipresencial,ARUB_SEMI,https://sumare.edu.br/graduacao/semi/arquitetura-e-urbanismo,html,8,1,43,Teoria do Restauro e do Patrimônio,
arquitetura-e-urbanismo,Arquitetura e Urbanismo,Semipresencial,ARUB_SEMI,https://sumare.edu.br/graduacao/semi/arquitetura-e-urbanismo,html,8,2,44,Projeto de Interiores,
arquitetura-e-urbanismo,Arquitetura e Urbanismo,Semipresencial,ARUB_SEMI,https://sumare.edu.br/graduacao/semi/arquitetura-e-urbanismo,html,8,3,45,Planejamento e Mobilidade Urbanos,
arquitetura-e-urbanismo,Arquitetura e Urbanismo,Semipresencial,ARUB_SEMI,https://sumare.edu.br/graduacao/semi/arquitetura-e-urbanismo,html,8,4,46,Arquitetura Sustentável,
arquitetura-e-urbanismo,Arquitetura e Urbanismo,Semipresencial,ARUB_SEMI,https://sumare.edu.br/graduacao/semi/arquitetura-e-urbanismo,html,8,5,47,Atividade Extensionista - Planejamento e Arquitetura Sustentável,
arquitetura-e-urbanismo,Arquitetura e Urbanismo,Semipresencial,ARUB_SEMI,https://sumare.edu.br/graduacao/semi/arquitetura-e-urbanismo,html,9,1,48,Trabalho de Conclusão de Curso : Projetos,
arquitetura-e-urbanismo,Arquitetura e Urbanismo,Semipresencial,ARUB_SEMI,https://sumare.edu.br/graduacao/semi/arquitetura-e-urbanismo,html,9,2,49,Gestão de Projetos,
arquitetura-e-urbanismo,Arquitetura e Urbanismo,Semipresencial,ARUB_SEMI,https://sumare.edu.br/graduacao/semi/arquitetura-e-urbanismo,html,9,3,50,Planejamento Ambiental e de Espaços Livres,
arquitetura-e-urbanismo,Arquitetura e Urbanismo,Semipresencial,ARUB_SEMI,https://sumare.edu.br/graduacao/semi/arquitetura-e-urbanismo,html,9,4,51,Atividade Extensionista - Gestão de Projetos,
arquitetura-e-urbanismo,Arquitetura e Urbanismo,Semipresencial,ARUB_SEMI,https://sumare.edu.br/graduacao/semi/arquitetura-e-urbanismo,html,10,1,52,Trabalho de Conclusão de Curso : Aplicação,
arquitetura-e-urbanismo,Arquitetura e Urbanismo,Semipresencial,ARUB_SEMI,https://sumare.edu.br/graduacao/semi/arquitetura-e-urbanismo,html,10,2,53,Segurança do Trabalho e Saúde Ocupacional,
arquitetura-e-urbanismo,Arquitetura e Urbanismo,Semipresencial,ARUB_SEMI,https://sumare.edu.br/graduacao/semi/arquitetura-e-urbanismo,html,10,3,54,Técnicas de Apresentação e Portifólio,
banco-de-dados,Banco de Dados,EAD,BD_EAD,https://sumare.edu.br/graduacao/ead/banco-de-dados,api,1,1,1,Arquitetura de Computadores,"As disciplinas de cada curso da Sumaré são concebidas pelo NDE (Núcleo Docente Estruturante), que é composto por professores com notório saber, que além da DCN (Diretrizes Curriculares Nacionais) de cada curso, levam em consideração as pautas mais importantes do mercado de trabalho, ou seja, o que você aprende na Sumaré você usa na prática!"
banco-de-dados,Banco de Dados,EAD,BD_EAD,https://sumare.edu.br/graduacao/ead/banco-de-dados,api,1,2,2,Atividade Extensionista - Tópicos da Computação,
banco-de-dados,Banco de Dados,EAD,BD_EAD,https://sumare.edu.br/graduacao/ead/banco-de-dados,api,1,3,3,Redes de Computadores e Telecomunicação,
banco-de-dados,Banco de Dados,EAD,BD_EAD,https://sumare.edu.br/graduacao/ead/banco-de-dados,api,1,4,4,Sistemas Operacionais,
banco-de-dados,Banco de Dados,EAD,BD_EAD,https://sumare.edu.br/graduacao/ead/banco-de-dados,api,1,5,5,Desenvolvimento para WEB,
banco-de-dados,Banco de Dados,EAD,BD_EAD,https://sumare.edu.br/graduacao/ead/banco-de-dados,api,1,6,6,Tecnologia e Sociedade,
banco-de-dados,Banco de Dados,EAD,BD_EAD,https://sumare.edu.br/graduacao/ead/banco-de-dados,api,2,1,7,Banco de Dados,
banco-de-dados,Banco de Dados,EAD,BD_EAD,https://sumare.edu.br/graduacao/ead/banco-de-dados,api,2,2,8,Atividade Extensionista - Programação WEB,
banco-de-dados,Banco de Dados,EAD,BD_EAD,https://sumare.edu.br/graduacao/ead/banco-de-dados,api,2,3,9,Algoritmos,
banco-de-dados,Banco de Dados,EAD,BD_EAD,https://sumare.edu.br/graduacao/ead/banco-de-dados,api,2,4,10,Gestão de Projetos,
banco-de-dados,Banco de Dados,EAD,BD_EAD,https://sumare.edu.br/graduacao/ead/banco-de-dados,api,2,5,11,Segurança da Informação,
banco-de-dados,Banco de Dados,EAD,BD_EAD,https://sumare.edu.br/graduacao/ead/banco-de-dados,api,2,6,12,Sustentabilidade e Responsabilidade social,
banco-de-dados,Banco de Dados,EAD,BD_EAD,https://sumare.edu.br/graduacao/ead/banco-de-dados,api,3,1,13,Administração de Banco de Dados,
banco-de-dados,Banco de Dados,EAD,BD_EAD,https://sumare.edu.br/graduacao/ead/banco-de-dados,api,3,2,14,Atividade Extensionista - Arquitetura Banco de Dados,
banco-de-dados,Banco de Dados,EAD,BD_EAD,https://sumare.edu.br/graduacao/ead/banco-de-dados,api,3,3,15,Engenharia de Software,
banco-de-dados,Banco de Dados,EAD,BD_EAD,https://sumare.edu.br/graduacao/ead/banco-de-dados,api,3,4,16,Data Werehouse,
banco-de-dados,Banco de Dados,EAD,BD_EAD,https://sumare.edu.br/graduacao/ead/banco-de-dados,api,3,5,17,Backup e Recuperação de Dados,
banco-de-dados,Banco de Dados,EAD,BD_EAD,https://sumare.edu.br/graduacao/ead/banco-de-dados,api,3,6,18,Empreendedorismo,
banco-de-dados,Banco de Dados,EAD,BD_EAD,https://sumare.edu.br/graduacao/ead/banco-de-dados,api,4,1,19,Estrutura de Dados,
banco-de-dados,Banco de Dados,EAD,BD_EAD,https://sumare.edu.br/graduacao/ead/banco-de-dados,api,4,2,20,Atividade Extensionista - Programação em Banco de Dados,
banco-de-dados,Banco de Dados,EAD,BD_EAD,https://sumare.edu.br/graduacao/ead/banco-de-dados,api,4,3,21,Gestão de Sistemas de Informação,
banco-de-dados,Banco de Dados,EAD,BD_EAD,https://sumare.edu.br/graduacao/ead/banco-de-dados,api,4,4,22,Programação em SQL,
banco-de-dados,Banco de Dados,EAD,BD_EAD,https://sumare.edu.br/graduacao/ead/banco-de-dados,api,4,5,23,TI Aplicada aos Negócios,
banco-de-dados,Banco de Dados,EAD,BD_EAD,https://sumare.edu.br/graduacao/ead/banco-de-dados,api,4,6,24,Comportamento nas Organizações,
banco-de-dados,Banco de Dados,EAD,BD_EAD,https://sumare.edu.br/graduacao/ead/banco-de-dados,api,5,1,25,Armazenamento de Dados,
banco-de-dados,Banco de Dados,EAD,BD_EAD,https://sumare.edu.br/graduacao/ead/banco-de-dados,api,5,2,26,Atividade Extensionista - Tópicos Avançados em Banco de Dados,
banco-de-dados,Banco de Dados,EAD,BD_EAD,https://sumare.edu.br/graduacao/ead/banco-de-dados,api,5,3,27,ATC,
banco-de-dados,Banco de Dados,EAD,BD_EAD,https://sumare.edu.br/graduacao/ead/banco-de-dados,api,5,4,28,Estágio Obrigatório,
banco-de-dados,Banco de Dados,EAD,BD_EAD,https://sumare.edu.br/graduacao/ead/banco-de-dados,api,5,5,29,PPI,
banco-de-dados,Banco de Dados,EAD,BD_EAD,https://sumare.edu.br/graduacao/ead/banco-de-dados,api,5,6,30,Inteligência de Negócios,
banco-de-dados,Banco de Dados,EAD,BD_EAD,https://sumare.edu.br/graduacao/ead/banco-de-dados,api,5,7,31,Mineração de Dados,
banco-de-dados,Banco de Dados,EAD,BD_EAD,https://sumare.edu.br/graduacao/ead/banco-de-dados,api,5,8,32,Banco de Dados não Relacional,
biomedicina,Biomedicina,EAD,BIOM_EAD,https://sumare.edu.br/graduacao/ead/biomedicina,html,1,1,1,Bem-Vindo ao AVA Sumaré,"As disciplinas de cada curso da Sumaré são concebidas pelo NDE (Núcleo Docente Estruturante), que é composto por professores com notório saber, que além da DCN (Diretrizes Curriculares Nacionais) de cada curso, levam em consideração as pautas mais importantes do mercado de trabalho, ou seja, o que você aprende na Sumaré você usa na prática!"
biomedicina,Biomedicina,EAD,BIOM_EAD,https://sumare.edu.br/graduacao/ead/biomedicina,html,1,2,2,Conheça seu Tutor,
biomedicina,Biomedicina,EAD,BIOM_EAD,https://sumare.edu.br/graduacao/ead/biomedicina,html,1,3,3,Conheça seu curso - Biomedicina,
biomedicina,Biomedicina,EAD,BIOM_EAD,https://sumare.edu.br/graduacao/ead/biomedicina,html,1,4,4,Biossegurança e Boas Práticas Laboratoriais,
biomedicina,Biomedicina,EAD,BIOM_EAD,https://sumare.edu.br/graduacao/ead/biomedicina,html,1,5,5,Estrutura celular e tecidual: anatomia e citologia,
biomedicina,Biomedicina,EAD,BIOM_EAD,https://sumare.edu.br/graduacao/ead/biomedicina,html,1,6,6,Estrutura celular e tecidual: histologia e embriologia,
biomedicina,Biomedicina,EAD,BIOM_EAD,https://sumare.edu.br/graduacao/ead/biomedicina,html,1,7,7,Aplicação da Biomedicina,
biomedicina,Biomedicina,EAD,BIOM_EAD,https://sumare.edu.br/graduacao/ead/biomedicina,html,1,8,8,Atividade Extensionista - Aplicação da Biomedicina,
biomedicina,Biomedicina,EAD,BIOM_EAD,https://sumare.edu.br/graduacao/ead/biomedicina,html,1,9,9,Coleta de Materiais Biológicos,
biomedicina,Biomedicina,EAD,BIOM_EAD,https://sumare.edu.br/graduacao/ead/biomedicina,html,1,10,10,Biblioteca Virtual,
biomedicina,Biomedicina,EAD,BIOM_EAD,https://sumare.edu.br/graduacao/ead/biomedicina,html,2,1,11,Fisiologia,
biomedicina,Biomedicina,EAD,BIOM_EAD,https://sumare.edu.br/graduacao/ead/biomedicina,html,2,2,12,Química geral / Bioquímica,
biomedicina,Biomedicina,EAD,BIOM_EAD,https://sumare.edu.br/graduacao/ead/biomedicina,html,2,3,13,Sistemas Anatômicos,
biomedicina,Biomedicina,EAD,BIOM_EAD,https://sumare.edu.br/graduacao/ead/biomedicina,html,2,4,14,Estátistica Aplicada à Saúde,
biomedicina,Biomedicina,EAD,BIOM_EAD,https://sumare.edu.br/graduacao/ead/biomedicina,html,2,5,15,Atividade Extensionista - Análise Laboratoriais,
biomedicina,Biomedicina,EAD,BIOM_EAD,https://sumare.edu.br/graduacao/ead/biomedicina,html,3,1,16,Biologia Molecular e Biotecnologia,
biomedicina,Biomedicina,EAD,BIOM_EAD,https://sumare.edu.br/graduacao/ead/biomedicina,html,3,2,17,Atividade Extensionista - Doenças Infecciosas e Parasitárias,
biomedicina,Biomedicina,EAD,BIOM_EAD,https://sumare.edu.br/graduacao/ead/biomedicina,html,3,3,18,Urinalise,
biomedicina,Biomedicina,EAD,BIOM_EAD,https://sumare.edu.br/graduacao/ead/biomedicina,html,3,4,19,Mecanismos de agressão e defesa: Imunologia e Parasitologia,
biomedicina,Biomedicina,EAD,BIOM_EAD,https://sumare.edu.br/graduacao/ead/biomedicina,html,3,5,20,Mecanismos de agressão e defesa: Microbiologia,
biomedicina,Biomedicina,EAD,BIOM_EAD,https://sumare.edu.br/graduacao/ead/biomedicina,html,3,6,21,Filosofia,
biomedicina,Biomedicina,EAD,BIOM_EAD,https://sumare.edu.br/graduacao/ead/biomedicina,html,4,1,22,Genética e Patologia,
biomedicina,Biomedicina,EAD,BIOM_EAD,https://sumare.edu.br/graduacao/ead/biomedicina,html,4,2,23,Parasitologia Clínica,
biomedicina,Biomedicina,EAD,BIOM_EAD,https://sumare.edu.br/graduacao/ead/biomedicina,html,4,3,24,Farmacologia,
biomedicina,Biomedicina,EAD,BIOM_EAD,https://sumare.edu.br/graduacao/ead/biomedicina,html,4,4,25,Atividade Extensionista - Patologia Clínica,
biomedicina,Biomedicina,EAD,BIOM_EAD,https://sumare.edu.br/graduacao/ead/biomedicina,html,4,5,26,Comportamento nas Organizações,
biomedicina,Biomedicina,EAD,BIOM_EAD,https://sumare.edu.br/graduacao/ead/biomedicina,html,5,1,27,Hematologia,
biomedicina,Biomedicina,EAD,BIOM_EAD,https://sumare.edu.br/graduacao/ead/biomedicina,html,5,2,28,Epidemiologia e Saúde Pública,
biomedicina,Biomedicina,EAD,BIOM_EAD,https://sumare.edu.br/graduacao/ead/biomedicina,html,5,3,29,Metodologia Científica,
biomedicina,Biomedicina,EAD,BIOM_EAD,https://sumare.edu.br/graduacao/ead/biomedicina,html,5,4,30,Direito Empresarial,
biomedicina,Biomedicina,EAD,BIOM_EAD,https://sumare.edu.br/graduacao/ead/biomedicina,html,6,1,31,Controle de Qualidade e Gerenciamento Laboratorial,
biomedicina,Biomedicina,EAD,BIOM_EAD,https://sumare.edu.br/graduacao/ead/biomedicina,html,6,2,32,Toxicologia,
biomedicina,Biomedicina,EAD,BIOM_EAD,https://sumare.edu.br/graduacao/ead/biomedicina,html,6,3,33,Microbiologia / Micologia Médica,
biomedicina,Biomedicina,EAD,BIOM_EAD,https://sumare.edu.br/graduacao/ead/biomedicina,html,6,4,34,Relações Étnico-Raciais e Cultura Afro-Bras. e Africana e Indígena,
biomedicina,Biomedicina,EAD,BIOM_EAD,https://sumare.edu.br/graduacao/ead/biomedicina,html,7,1,35,Estágio Supervisionado - Biomedicina,
biomedicina,Biomedicina,EAD,BIOM_EAD,https://sumare.edu.br/graduacao/ead/biomedicina,html,7,2,36,Citopatologia / Citologia Clínica,
biomedicina,Biomedicina,EAD,BIOM_EAD,https://sumare.edu.br/graduacao/ead/biomedicina,html,7,3,37,Saneamento e Análise Ambiental,
biomedicina,Biomedicina,EAD,BIOM_EAD,https://sumare.edu.br/graduacao/ead/biomedicina,html,7,4,38,Imagenologia,
biomedicina,Biomedicina,EAD,BIOM_EAD,https://sumare.edu.br/graduacao/ead/biomedicina,html,7,5,39,Tecnologia e Sociedade,
biomedicina,Biomedicina,EAD,BIOM_EAD,https://sumare.edu.br/graduacao/ead/biomedicina,html,8,1,40,Biomedicina Forence,
biomedicina,Biomedicina,EAD,BIOM_EAD,https://sumare.edu.br/graduacao/ead/biomedicina,html,8,2,41,Bromatologia,
biomedicina,Biomedicina,EAD,BIOM_EAD,https://sumare.edu.br/graduacao/ead/biomedicina,html,8,3,42,Trabalho de Conclusão de Curso,
biomedicina,Biomedicina,EAD,BIOM_EAD,https://sumare.edu.br/graduacao/ead/biomedicina,html,8,4,43,Bioquímica Clinica,
biomedicina,Biomedicina,EAD,BIOM_EAD,https://sumare.edu.br/graduacao/ead/biomedicina,html,8,5,44,Tópicos de Atuação Profissional - Biomedicina,
biomedicina,Biomedicina,EAD,BIOM_EAD,https://sumare.edu.br/graduacao/ead/biomedicina,html,8,6,45,Sustentabilidade e Responsabilidade Social,
biomedicina,Biomedicina,Presencial,},https://sumare.edu.br/graduacao/presencial/biomedicina,html,,,,,"As disciplinas de cada curso da Sumaré são concebidas pelo NDE (Núcleo Docente Estruturante), que é composto por professores com notório saber, que além da DCN (Diretrizes Curriculares Nacionais) de cada curso, levam em consideração as pautas mais importantes do mercado de trabalho, ou seja, o que você aprende na Sumaré você usa na prática!"
biomedicina,Biomedicina,Semipresencial,BIOM_SEMI,https://sumare.edu.br/graduacao/semi/biomedicina,html,1,1,1,Bem-Vindo ao AVA Sumaré,"As disciplinas de cada curso da Sumaré são concebidas pelo NDE (Núcleo Docente Estruturante), que é composto por professores com notório saber, que além da DCN (Diretrizes Curriculares Nacionais) de cada curso, levam em consideração as pautas mais importantes do mercado de trabalho, ou seja, o que você aprende na Sumaré você usa na prática!"
biomedicina,Biomedicina,Semipresencial,BIOM_SEMI,https://sumare.edu.br/graduacao/semi/biomedicina,html,1,2,2,Conheça seu Tutor,
biomedicina,Biomedicina,Semipresencial,BIOM_SEMI,https://sumare.edu.br/graduacao/semi/biomedicina,html,1,3,3,Conheça seu curso - Biomedicina Semipresencial,
biomedicina,Biomedicina,Semipresencial,BIOM_SEMI,https://sumare.edu.br/graduacao/semi/biomedicina,html,1,4,4,Sistemas Anatômicos,
biomedicina,Biomedicina,Semipresencial,BIOM_SEMI,https://sumare.edu.br/graduacao/semi/biomedicina,html,1,5,5,Filosofia,
biomedicina,Biomedicina,Semipresencial,BIOM_SEMI,https://sumare.edu.br/graduacao/semi/biomedicina,html,1,6,6,Biossegurança e boas Práticas Laboratoriais,
biomedicina,Biomedicina,Semipresencial,BIOM_SEMI,https://sumare.edu.br/graduacao/semi/biomedicina,html,1,7,7,Coleta de Materiais Biológicos,
biomedicina,Biomedicina,Semipresencial,BIOM_SEMI,https://sumare.edu.br/graduacao/semi/biomedicina,html,1,8,8,Bioquímica Básica,
biomedicina,Biomedicina,Semipresencial,BIOM_SEMI,https://sumare.edu.br/graduacao/semi/biomedicina,html,1,9,9,Atividade Extensionista - Aplicação da Biomedicina,
biomedicina,Biomedicina,Semipresencial,BIOM_SEMI,https://sumare.edu.br/graduacao/semi/biomedicina,html,1,10,10,Biblioteca Virtual,
biomedicina,Biomedicina,Semipresencial,BIOM_SEMI,https://sumare.edu.br/graduacao/semi/biomedicina,html,2,1,11,Citologia,
biomedicina,Biomedicina,Semipresencial,BIOM_SEMI,https://sumare.edu.br/graduacao/semi/biomedicina,html,2,2,12,Aplicação da Biomedicina,
biomedicina,Biomedicina,Semipresencial,BIOM_SEMI,https://sumare.edu.br/graduacao/semi/biomedicina,html,2,3,13,Estrutura Celular e Tecidual: Histologia e Embriologia,
biomedicina,Biomedicina,Semipresencial,BIOM_SEMI,https://sumare.edu.br/graduacao/semi/biomedicina,html,2,4,14,Estatística Aplicada à Saúde,
biomedicina,Biomedicina,Semipresencial,BIOM_SEMI,https://sumare.edu.br/graduacao/semi/biomedicina,html,2,5,15,Atividade Extensionista - Análise Laboratoriais,
biomedicina,Biomedicina,Semipresencial,BIOM_SEMI,https://sumare.edu.br/graduacao/semi/biomedicina,html,3,1,16,Mecanismos de Agressão e Defesa: Imunologia e Parasitologia,
biomedicina,Biomedicina,Semipresencial,BIOM_SEMI,https://sumare.edu.br/graduacao/semi/biomedicina,html,3,2,17,Fisiologia,
biomedicina,Biomedicina,Semipresencial,BIOM_SEMI,https://sumare.edu.br/graduacao/semi/biomedicina,html,3,3,18,Mecanismos de Agressão e Defesa: Microbiologia,
biomedicina,Biomedicina,Semipresencial,BIOM_SEMI,https://sumare.edu.br/graduacao/semi/biomedicina,html,3,4,19,Biologia Molecular e Biotecnologia,
biomedicina,Biomedicina,Semipresencial,BIOM_SEMI,https://sumare.edu.br/graduacao/semi/biomedicina,html,3,5,20,Urinalise,
biomedicina,Biomedicina,Semipresencial,BIOM_SEMI,https://sumare.edu.br/graduacao/semi/biomedicina,html,3,6,21,Atividade Extensionista - Doenças Infecciosas e Parasitárias,
biomedicina,Biomedicina,Semipresencial,BIOM_SEMI,https://sumare.edu.br/graduacao/semi/biomedicina,html,4,1,22,Comportamento nas Organizações,
biomedicina,Biomedicina,Semipresencial,BIOM_SEMI,https://sumare.edu.br/graduacao/semi/biomedicina,html,4,2,23,Genética e Patologia,
biomedicina,Biomedicina,Semipresencial,BIOM_SEMI,https://sumare.edu.br/graduacao/semi/biomedicina,html,4,3,24,Parasitologia Clinica,
biomedicina,Biomedicina,Semipresencial,BIOM_SEMI,https://sumare.edu.br/graduacao/semi/biomedicina,html,4,4,25,Fundamentos da Farmacologia,
biomedicina,Biomedicina,Semipresencial,BIOM_SEMI,https://sumare.edu.br/graduacao/semi/biomedicina,html,4,5,26,Atividade Extensionista - Patologia Clinica,
biomedicina,Biomedicina,Semipresencial,BIOM_SEMI,https://sumare.edu.br/graduacao/semi/biomedicina,html,5,1,27,Metodologia Científica,
biomedicina,Biomedicina,Semipresencial,BIOM_SEMI,https://sumare.edu.br/graduacao/semi/biomedicina,html,5,2,28,Epidemiologia e Saúde Pública,
biomedicina,Biomedicina,Semipresencial,BIOM_SEMI,https://sumare.edu.br/graduacao/semi/biomedicina,html,5,3,29,Hematologia,
biomedicina,Biomedicina,Semipresencial,BIOM_SEMI,https://sumare.edu.br/graduacao/semi/biomedicina,html,5,4,30,Direito Empresarial,
biomedicina,Biomedicina,Semipresencial,BIOM_SEMI,https://sumare.edu.br/graduacao/semi/biomedicina,html,6,1,31,Controle de Qualidade e Gerenciamento Laboratorial,
biomedicina,Biomedicina,Semipresencial,BIOM_SEMI,https://sumare.edu.br/graduacao/semi/biomedicina,html,6,2,32,Microbiologia / Micologia Médica,
biomedicina,Biomedicina,Semipresencial,BIOM_SEMI,https://sumare.edu.br/graduacao/semi/biomedicina,html,6,3,33,Relações Étnico-raciais e Cultura Afro-Bras. e Africana e Indigena,
biomedicina,Biomedicina,Semipresencial,BIOM_SEMI,https://sumare.edu.br/graduacao/semi/biomedicina,html,6,4,34,Toxicologia,
biomedicina,Biomedicina,Semipresencial,BIOM_SEMI,https://sumare.edu.br/graduacao/semi/biomedicina,html,7,1,35,Estágio Supervisionado - Biomedicina,
biomedicina,Biomedicina,Semipresencial,BIOM_SEMI,https://sumare.edu.br/graduacao/semi/biomedicina,html,7,2,36,Imagenologia,
biomedicina,Biomedicina,Semipresencial,BIOM_SEMI,https://sumare.edu.br/graduacao/semi/biomedicina,html,7,3,37,Citopatologia / Citologia Clinica,
biomedicina,Biomedicina,Semipresencial,BIOM_SEMI,https://sumare.edu.br/graduacao/semi/biomedicina,html,7,4,38,Saneamento e Análise Ambiental,
biomedicina,Biomedicina,Semipresencial,BIOM_SEMI,https://sumare.edu.br/graduacao/semi/biomedicina,html,7,5,39,Tecnologia e Sociedade,
biomedicina,Biomedicina,Semipresencial,BIOM_SEMI,https://sumare.edu.br/graduacao/semi/biomedicina,html,8,1,40,Biomedicina Forense,
biomedicina,Biomedicina,Semipresencial,BIOM_SEMI,https://sumare.edu.br/graduacao/semi/biomedicina,html,8,2,41,Bioquimica Clinica,
biomedicina,Biomedicina,Semipresencial,BIOM_SEMI,https://sumare.edu.br/graduacao/semi/biomedicina,html,8,3,42,Bromatologia,
biomedicina,Biomedicina,Semipresencial,BIOM_SEMI,https://sumare.edu.br/graduacao/semi/biomedicina,html,8,4,43,Tópicos de Atuação Profissional - Biomedicina,
biomedicina,Biomedicina,Semipresencial,BIOM_SEMI,https://sumare.edu.br/graduacao/semi/biomedicina,html,8,5,44,Sustentabilidade e Responsabilidade Social,
biomedicina,Biomedicina,Semipresencial,BIOM_SEMI,https://sumare.edu.br/graduacao/semi/biomedicina,html,8,6,45,Trabalho de Conclusão de Curso,
ciencia-da-computacao,Ciência da Computação,EAD,CCOMP_EAD,https://sumare.edu.br/graduacao/ead/ciencia-da-computacao,api,1,1,1,Arquitetura de Computadores,"As disciplinas de cada curso da Sumaré são concebidas pelo NDE (Núcleo Docente Estruturante), que é composto por professores com notório saber, que além da DCN (Diretrizes Curriculares Nacionais) de cada curso, levam em consideração as pautas mais importantes do mercado de trabalho, ou seja, o que você aprende na Sumaré você usa na prática!"
ciencia-da-computacao,Ciência da Computação,EAD,CCOMP_EAD,https://sumare.edu.br/graduacao/ead/ciencia-da-computacao,api,1,2,2,Atividade Extensionista - Tópicos da Computação,
ciencia-da-computacao,Ciência da Computação,EAD,CCOMP_EAD,https://sumare.edu.br/graduacao/ead/ciencia-da-computacao,api,1,3,3,Redes de Computadores e Telecomunicação,
ciencia-da-computacao,Ciência da Computação,EAD,CCOMP_EAD,https://sumare.edu.br/graduacao/ead/ciencia-da-computacao,api,1,4,4,Desenvolvimento para WEB,
ciencia-da-computacao,Ciência da Computação,EAD,CCOMP_EAD,https://sumare.edu.br/graduacao/ead/ciencia-da-computacao,api,1,5,5,Tecnologia e Sociedade,
ciencia-da-computacao,Ciência da Computação,EAD,CCOMP_EAD,https://sumare.edu.br/graduacao/ead/ciencia-da-computacao,api,2,1,6,Banco de Dados,
ciencia-da-computacao,Ciência da Computação,EAD,CCOMP_EAD,https://sumare.edu.br/graduacao/ead/ciencia-da-computacao,api,2,2,7,Atividade Extensionista - Programação WEB,
ciencia-da-computacao,Ciência da Computação,EAD,CCOMP_EAD,https://sumare.edu.br/graduacao/ead/ciencia-da-computacao,api,2,3,8,Algoritmos,
ciencia-da-computacao,Ciência da Computação,EAD,CCOMP_EAD,https://sumare.edu.br/graduacao/ead/ciencia-da-computacao,api,2,4,9,Programação Orientada a Objetos,
ciencia-da-computacao,Ciência da Computação,EAD,CCOMP_EAD,https://sumare.edu.br/graduacao/ead/ciencia-da-computacao,api,2,5,10,Sustentabilidade e Responsabilidade social,
ciencia-da-computacao,Ciência da Computação,EAD,CCOMP_EAD,https://sumare.edu.br/graduacao/ead/ciencia-da-computacao,api,3,1,11,Segurança da Informação,
ciencia-da-computacao,Ciência da Computação,EAD,CCOMP_EAD,https://sumare.edu.br/graduacao/ead/ciencia-da-computacao,api,3,2,12,Atividade Extensionista - Engenharia de Software,
ciencia-da-computacao,Ciência da Computação,EAD,CCOMP_EAD,https://sumare.edu.br/graduacao/ead/ciencia-da-computacao,api,3,3,13,Engenharia de Software,
ciencia-da-computacao,Ciência da Computação,EAD,CCOMP_EAD,https://sumare.edu.br/graduacao/ead/ciencia-da-computacao,api,3,4,14,Estrutura de Dados,
ciencia-da-computacao,Ciência da Computação,EAD,CCOMP_EAD,https://sumare.edu.br/graduacao/ead/ciencia-da-computacao,api,3,5,15,Filosofia,
ciencia-da-computacao,Ciência da Computação,EAD,CCOMP_EAD,https://sumare.edu.br/graduacao/ead/ciencia-da-computacao,api,4,1,16,Computação Gráfica Processamento de Imagem,
ciencia-da-computacao,Ciência da Computação,EAD,CCOMP_EAD,https://sumare.edu.br/graduacao/ead/ciencia-da-computacao,api,4,2,17,Atividade Extensionista - Computação Gráfica,
ciencia-da-computacao,Ciência da Computação,EAD,CCOMP_EAD,https://sumare.edu.br/graduacao/ead/ciencia-da-computacao,api,4,3,18,Probabilidade e Estatística,
ciencia-da-computacao,Ciência da Computação,EAD,CCOMP_EAD,https://sumare.edu.br/graduacao/ead/ciencia-da-computacao,api,4,4,19,Teoria da Computação,
ciencia-da-computacao,Ciência da Computação,EAD,CCOMP_EAD,https://sumare.edu.br/graduacao/ead/ciencia-da-computacao,api,4,5,20,Comportamento nas Organizações,
ciencia-da-computacao,Ciência da Computação,EAD,CCOMP_EAD,https://sumare.edu.br/graduacao/ead/ciencia-da-computacao,api,5,1,21,Compiladores,
ciencia-da-computacao,Ciência da Computação,EAD,CCOMP_EAD,https://sumare.edu.br/graduacao/ead/ciencia-da-computacao,api,5,2,22,Paradigmas e Linguagem de Programação,
ciencia-da-computacao,Ciência da Computação,EAD,CCOMP_EAD,https://sumare.edu.br/graduacao/ead/ciencia-da-computacao,api,5,3,23,Sistemas Distribuídos,
ciencia-da-computacao,Ciência da Computação,EAD,CCOMP_EAD,https://sumare.edu.br/graduacao/ead/ciencia-da-computacao,api,5,4,24,Direito Empresarial,
ciencia-da-computacao,Ciência da Computação,EAD,CCOMP_EAD,https://sumare.edu.br/graduacao/ead/ciencia-da-computacao,api,6,1,25,Laboratório de Programação,
ciencia-da-computacao,Ciência da Computação,EAD,CCOMP_EAD,https://sumare.edu.br/graduacao/ead/ciencia-da-computacao,api,6,2,26,Matemática Computacional,
ciencia-da-computacao,Ciência da Computação,EAD,CCOMP_EAD,https://sumare.edu.br/graduacao/ead/ciencia-da-computacao,api,6,3,27,Teoria dos Grafos,
ciencia-da-computacao,Ciência da Computação,EAD,CCOMP_EAD,https://sumare.edu.br/graduacao/ead/ciencia-da-computacao,api,6,4,28,Empreendedorismo,
ciencia-da-computacao,Ciência da Computação,EAD,CCOMP_EAD,https://sumare.edu.br/graduacao/ead/ciencia-da-computacao,api,7,1,29,Geometria Analítica e Vetores,
ciencia-da-computacao,Ciência da Computação,EAD,CCOMP_EAD,https://sumare.edu.br/graduacao/ead/ciencia-da-computacao,api,7,2,30,Inteligência Artificial,
ciencia-da-computacao,Ciência da Computação,EAD,CCOMP_EAD,https://sumare.edu.br/graduacao/ead/ciencia-da-computacao,api,7,3,31,Interface Humano-Computador,
ciencia-da-computacao,Ciência da Computação,EAD,CCOMP_EAD,https://sumare.edu.br/graduacao/ead/ciencia-da-computacao,api,7,4,32,Lógica e Interpretação de Dados,
ciencia-da-computacao,Ciência da Computação,EAD,CCOMP_EAD,https://sumare.edu.br/graduacao/ead/ciencia-da-computacao,api,8,1,33,Direito Digital,
ciencia-da-computacao,Ciência da Computação,EAD,CCOMP_EAD,https://sumare.edu.br/graduacao/ead/ciencia-da-computacao,api,8,2,34,ATC,
ciencia-da-computacao,Ciência da Computação,EAD,CCOMP_EAD,https://sumare.edu.br/graduacao/ead/ciencia-da-computacao,api,8,3,35,Estágio Obrigatório,
ciencia-da-computacao,Ciência da Computação,EAD,CCOMP_EAD,https://sumare.edu.br/graduacao/ead/ciencia-da-computacao,api,8,4,36,PPI,
ciencia-da-computacao,Ciência da Computação,EAD,CCOMP_EAD,https://sumare.edu.br/graduacao/ead/ciencia-da-computacao,api,8,5,37,Linguagens Formais e Autômatos,
ciencia-da-computacao,Ciência da Computação,EAD,CCOMP_EAD,https://sumare.edu.br/graduacao/ead/ciencia-da-computacao,api,8,6,38,Programação Concorrente e Paralela,
ciencia-da-computacao,Ciência da Computação,EAD,CCOMP_EAD,https://sumare.edu.br/graduacao/ead/ciencia-da-computacao,api,8,7,39,Aplicação e Análise de Casos,
ciencias-contabeis,Ciências Contábeis,EAD,CCONT_EAD,https://sumare.edu.br/graduacao/ead/ciencias-contabeis,api,1,1,1,Administração Contemporânea,"As disciplinas de cada curso da Sumaré são concebidas pelo NDE (Núcleo Docente Estruturante), que é composto por professores com notório saber, que além da DCN (Diretrizes Curriculares Nacionais) de cada curso, levam em consideração as pautas mais importantes do mercado de trabalho, ou seja, o que você aprende na Sumaré você usa na prática!"
ciencias-contabeis,Ciências Contábeis,EAD,CCONT_EAD,https://sumare.edu.br/graduacao/ead/ciencias-contabeis,api,1,2,2,Atividade Extensionista - Gestão Empresarial,
ciencias-contabeis,Ciências Contábeis,EAD,CCONT_EAD,https://sumare.edu.br/graduacao/ead/ciencias-contabeis,api,1,3,3,Comunicação e Marketing,
ciencias-contabeis,Ciências Contábeis,EAD,CCONT_EAD,https://sumare.edu.br/graduacao/ead/ciencias-contabeis,api,1,4,4,Contabilidade,
ciencias-contabeis,Ciências Contábeis,EAD,CCONT_EAD,https://sumare.edu.br/graduacao/ead/ciencias-contabeis,api,1,5,5,Tecnologia e Sociedade,
ciencias-contabeis,Ciências Contábeis,EAD,CCONT_EAD,https://sumare.edu.br/graduacao/ead/ciencias-contabeis,api,2,1,6,Estatística Aplicada,
ciencias-contabeis,Ciências Contábeis,EAD,CCONT_EAD,https://sumare.edu.br/graduacao/ead/ciencias-contabeis,api,2,2,7,Atividade Extensionista - Recursos Financeiros e Humanos,
ciencias-contabeis,Ciências Contábeis,EAD,CCONT_EAD,https://sumare.edu.br/graduacao/ead/ciencias-contabeis,api,2,3,8,Matemática Financeira,
ciencias-contabeis,Ciências Contábeis,EAD,CCONT_EAD,https://sumare.edu.br/graduacao/ead/ciencias-contabeis,api,2,4,9,Legislação Trabalhista,
ciencias-contabeis,Ciências Contábeis,EAD,CCONT_EAD,https://sumare.edu.br/graduacao/ead/ciencias-contabeis,api,2,5,10,Sustentabilidade e Responsabilidade Social,
ciencias-contabeis,Ciências Contábeis,EAD,CCONT_EAD,https://sumare.edu.br/graduacao/ead/ciencias-contabeis,api,3,1,11,Análise das Demonstrações Financeiras,
ciencias-contabeis,Ciências Contábeis,EAD,CCONT_EAD,https://sumare.edu.br/graduacao/ead/ciencias-contabeis,api,3,2,12,Atividade Extensionista - Gestão por Competência e Análise de Dados,
ciencias-contabeis,Ciências Contábeis,EAD,CCONT_EAD,https://sumare.edu.br/graduacao/ead/ciencias-contabeis,api,3,3,13,Economia,
ciencias-contabeis,Ciências Contábeis,EAD,CCONT_EAD,https://sumare.edu.br/graduacao/ead/ciencias-contabeis,api,3,4,14,Administração de Pessoal e Cálculos Trabalhistas,
ciencias-contabeis,Ciências Contábeis,EAD,CCONT_EAD,https://sumare.edu.br/graduacao/ead/ciencias-contabeis,api,3,5,15,Filosofia,
ciencias-contabeis,Ciências Contábeis,EAD,CCONT_EAD,https://sumare.edu.br/graduacao/ead/ciencias-contabeis,api,4,1,16,Contabilidade Empresarial,
ciencias-contabeis,Ciências Contábeis,EAD,CCONT_EAD,https://sumare.edu.br/graduacao/ead/ciencias-contabeis,api,4,2,17,Atividade Extensionista - Contabilidade Empresarial,
ciencias-contabeis,Ciências Contábeis,EAD,CCONT_EAD,https://sumare.edu.br/graduacao/ead/ciencias-contabeis,api,4,3,18,Finanças Corporativas e Riscos Financeiros,
ciencias-contabeis,Ciências Contábeis,EAD,CCONT_EAD,https://sumare.edu.br/graduacao/ead/ciencias-contabeis,api,4,4,19,Teoria da Contabilidade,
ciencias-contabeis,Ciências Contábeis,EAD,CCONT_EAD,https://sumare.edu.br/graduacao/ead/ciencias-contabeis,api,4,5,20,Comportamento nas Organizações,
ciencias-contabeis,Ciências Contábeis,EAD,CCONT_EAD,https://sumare.edu.br/graduacao/ead/ciencias-contabeis,api,5,1,21,Contabilidade de Custos,
ciencias-contabeis,Ciências Contábeis,EAD,CCONT_EAD,https://sumare.edu.br/graduacao/ead/ciencias-contabeis,api,5,2,22,Planejamento Fiscal e Tributário,
ciencias-contabeis,Ciências Contábeis,EAD,CCONT_EAD,https://sumare.edu.br/graduacao/ead/ciencias-contabeis,api,5,3,23,Planejamento Orçamentário,
ciencias-contabeis,Ciências Contábeis,EAD,CCONT_EAD,https://sumare.edu.br/graduacao/ead/ciencias-contabeis,api,5,4,24,Lógica e Interpretação de Dados,
ciencias-contabeis,Ciências Contábeis,EAD,CCONT_EAD,https://sumare.edu.br/graduacao/ead/ciencias-contabeis,api,6,1,25,Contabilidade Tributária,
ciencias-contabeis,Ciências Contábeis,EAD,CCONT_EAD,https://sumare.edu.br/graduacao/ead/ciencias-contabeis,api,6,2,26,Contabilidade Pública e Orçamento,
ciencias-contabeis,Ciências Contábeis,EAD,CCONT_EAD,https://sumare.edu.br/graduacao/ead/ciencias-contabeis,api,6,3,27,Gestão de Custos e Preços,
ciencias-contabeis,Ciências Contábeis,EAD,CCONT_EAD,https://sumare.edu.br/graduacao/ead/ciencias-contabeis,api,6,4,28,Governança Corporativa,
ciencias-contabeis,Ciências Contábeis,EAD,CCONT_EAD,https://sumare.edu.br/graduacao/ead/ciencias-contabeis,api,7,1,29,Contabilidade Internacional,
ciencias-contabeis,Ciências Contábeis,EAD,CCONT_EAD,https://sumare.edu.br/graduacao/ead/ciencias-contabeis,api,7,2,30,Contabilidade Societária,
ciencias-contabeis,Ciências Contábeis,EAD,CCONT_EAD,https://sumare.edu.br/graduacao/ead/ciencias-contabeis,api,7,3,31,Controladoria,
ciencias-contabeis,Ciências Contábeis,EAD,CCONT_EAD,https://sumare.edu.br/graduacao/ead/ciencias-contabeis,api,7,4,32,Direito Empresarial,
ciencias-contabeis,Ciências Contábeis,EAD,CCONT_EAD,https://sumare.edu.br/graduacao/ead/ciencias-contabeis,api,8,1,33,Auditoria,
ciencias-contabeis,Ciências Contábeis,EAD,CCONT_EAD,https://sumare.edu.br/graduacao/ead/ciencias-contabeis,api,8,2,34,ATC,
ciencias-contabeis,Ciências Contábeis,EAD,CCONT_EAD,https://sumare.edu.br/graduacao/ead/ciencias-contabeis,api,8,3,35,Estágio Obrigatório,
ciencias-contabeis,Ciências Contábeis,EAD,CCONT_EAD,https://sumare.edu.br/graduacao/ead/ciencias-contabeis,api,8,4,36,PPI,
ciencias-contabeis,Ciências Contábeis,EAD,CCONT_EAD,https://sumare.edu.br/graduacao/ead/ciencias-contabeis,api,8,5,37,Avaliação de Empresas,
ciencias-contabeis,Ciências Contábeis,EAD,CCONT_EAD,https://sumare.edu.br/graduacao/ead/ciencias-contabeis,api,8,6,38,"Perícia, Avaliação e Arbitragem",
ciencias-contabeis,Ciências Contábeis,EAD,CCONT_EAD,https://sumare.edu.br/graduacao/ead/ciencias-contabeis,api,8,7,39,Aplicação e Análise de Casos,
ciencias-contabeis,Ciências Contábeis,Presencial,},https://sumare.edu.br/graduacao/presencial/ciencias-contabeis,html,,,,,"As disciplinas de cada curso da Sumaré são concebidas pelo NDE (Núcleo Docente Estruturante), que é composto por professores com notório saber, que além da DCN (Diretrizes Curriculares Nacionais) de cada curso, levam em consideração as pautas mais importantes do mercado de trabalho, ou seja, o que você aprende na Sumaré você usa na prática!"
ciencias-economicas,Ciências Econômicas,EAD,ECON_EAD,https://sumare.edu.br/graduacao/ead/economia,api,1,1,1,Administração Contemporânea,"As disciplinas de cada curso da Sumaré são concebidas pelo NDE (Núcleo Docente Estruturante), que é composto por professores com notório saber, que além da DCN (Diretrizes Curriculares Nacionais) de cada curso, levam em consideração as pautas mais importantes do mercado de trabalho, ou seja, o que você aprende na Sumaré você usa na prática!"
ciencias-economicas,Ciências Econômicas,EAD,ECON_EAD,https://sumare.edu.br/graduacao/ead/economia,api,1,2,2,Atividade Extensionista - Gestão Empresarial,
ciencias-economicas,Ciências Econômicas,EAD,ECON_EAD,https://sumare.edu.br/graduacao/ead/economia,api,1,3,3,Economia e Mercado,
ciencias-economicas,Ciências Econômicas,EAD,ECON_EAD,https://sumare.edu.br/graduacao/ead/economia,api,1,4,4,Contabilidade,
ciencias-economicas,Ciências Econômicas,EAD,ECON_EAD,https://sumare.edu.br/graduacao/ead/economia,api,1,5,5,Tecnologia e Sociedade,
ciencias-economicas,Ciências Econômicas,EAD,ECON_EAD,https://sumare.edu.br/graduacao/ead/economia,api,2,1,6,Estatística Aplicada,
ciencias-economicas,Ciências Econômicas,EAD,ECON_EAD,https://sumare.edu.br/graduacao/ead/economia,api,2,2,7,Atividade Extensionista - Estatística e História Econômica,
ciencias-economicas,Ciências Econômicas,EAD,ECON_EAD,https://sumare.edu.br/graduacao/ead/economia,api,2,3,8,Matemática Financeira,
ciencias-economicas,Ciências Econômicas,EAD,ECON_EAD,https://sumare.edu.br/graduacao/ead/economia,api,2,4,9,História Econômica Geral,
ciencias-economicas,Ciências Econômicas,EAD,ECON_EAD,https://sumare.edu.br/graduacao/ead/economia,api,2,5,10,Sustentabilidade e Responsabilidade Social,
ciencias-economicas,Ciências Econômicas,EAD,ECON_EAD,https://sumare.edu.br/graduacao/ead/economia,api,3,1,11,Gestão de Pessoas,
ciencias-economicas,Ciências Econômicas,EAD,ECON_EAD,https://sumare.edu.br/graduacao/ead/economia,api,3,2,12,Atividade Extensionista - Microeconomia e Gestão de Pessoas,
ciencias-economicas,Ciências Econômicas,EAD,ECON_EAD,https://sumare.edu.br/graduacao/ead/economia,api,3,3,13,Microeconomia,
ciencias-economicas,Ciências Econômicas,EAD,ECON_EAD,https://sumare.edu.br/graduacao/ead/economia,api,3,4,14,Filosofia,
ciencias-economicas,Ciências Econômicas,EAD,ECON_EAD,https://sumare.edu.br/graduacao/ead/economia,api,3,5,15,Economia Brasileira,
ciencias-economicas,Ciências Econômicas,EAD,ECON_EAD,https://sumare.edu.br/graduacao/ead/economia,api,4,1,16,Macroeconomia,
ciencias-economicas,Ciências Econômicas,EAD,ECON_EAD,https://sumare.edu.br/graduacao/ead/economia,api,4,2,17,Atividade Extensionista - Microeconomia e Finanças,
ciencias-economicas,Ciências Econômicas,EAD,ECON_EAD,https://sumare.edu.br/graduacao/ead/economia,api,4,3,18,Finanças Corporativas e Riscos Financeiros,
ciencias-economicas,Ciências Econômicas,EAD,ECON_EAD,https://sumare.edu.br/graduacao/ead/economia,api,4,4,19,Contabilidade Social,
ciencias-economicas,Ciências Econômicas,EAD,ECON_EAD,https://sumare.edu.br/graduacao/ead/economia,api,4,5,20,Comportamento nas Organizações,
ciencias-economicas,Ciências Econômicas,EAD,ECON_EAD,https://sumare.edu.br/graduacao/ead/economia,api,5,1,21,Economia Monetária,
ciencias-economicas,Ciências Econômicas,EAD,ECON_EAD,https://sumare.edu.br/graduacao/ead/economia,api,5,2,22,Estatística Econômica,
ciencias-economicas,Ciências Econômicas,EAD,ECON_EAD,https://sumare.edu.br/graduacao/ead/economia,api,5,3,23,Microeconomia Empresarial,
ciencias-economicas,Ciências Econômicas,EAD,ECON_EAD,https://sumare.edu.br/graduacao/ead/economia,api,5,4,24,Lógica e Interpretação de Dados,
ciencias-economicas,Ciências Econômicas,EAD,ECON_EAD,https://sumare.edu.br/graduacao/ead/economia,api,6,1,25,Econometria,
ciencias-economicas,Ciências Econômicas,EAD,ECON_EAD,https://sumare.edu.br/graduacao/ead/economia,api,6,2,26,Economia Internacional,
ciencias-economicas,Ciências Econômicas,EAD,ECON_EAD,https://sumare.edu.br/graduacao/ead/economia,api,6,3,27,Gestão de Custos e Preços,
ciencias-economicas,Ciências Econômicas,EAD,ECON_EAD,https://sumare.edu.br/graduacao/ead/economia,api,6,4,28,Governança Corporativa,
ciencias-economicas,Ciências Econômicas,EAD,ECON_EAD,https://sumare.edu.br/graduacao/ead/economia,api,7,1,29,Formação Econômica no Brasil,
ciencias-economicas,Ciências Econômicas,EAD,ECON_EAD,https://sumare.edu.br/graduacao/ead/economia,api,7,2,30,Economia Política,
ciencias-economicas,Ciências Econômicas,EAD,ECON_EAD,https://sumare.edu.br/graduacao/ead/economia,api,7,3,31,Finanças Internacionais,
ciencias-economicas,Ciências Econômicas,EAD,ECON_EAD,https://sumare.edu.br/graduacao/ead/economia,api,7,4,32,Direito Empresarial,
ciencias-economicas,Ciências Econômicas,EAD,ECON_EAD,https://sumare.edu.br/graduacao/ead/economia,api,8,1,33,Macroeconomia Financeira,
ciencias-economicas,Ciências Econômicas,EAD,ECON_EAD,https://sumare.edu.br/graduacao/ead/economia,api,8,2,34,Trabalho de Conclusão de Curso,
ciencias-economicas,Ciências Econômicas,EAD,ECON_EAD,https://sumare.edu.br/graduacao/ead/economia,api,8,3,35,ATC,
ciencias-economicas,Ciências Econômicas,EAD,ECON_EAD,https://sumare.edu.br/graduacao/ead/economia,api,8,4,36,Estágio Obrigatório,
ciencias-economicas,Ciências Econômicas,EAD,ECON_EAD,https://sumare.edu.br/graduacao/ead/economia,api,8,5,37,Desenvolvimento socioeconômico,
ciencias-economicas,Ciências Econômicas,EAD,ECON_EAD,https://sumare.edu.br/graduacao/ead/economia,api,8,6,38,Economia do Setor Público,
ciencias-economicas,Ciências Econômicas,EAD,ECON_EAD,https://sumare.edu.br/graduacao/ead/economia,api,8,7,39,Aplicação e Análise de Casos,
direito,Direito,Presencial,DIREITO,https://sumare.edu.br/graduacao/presencial/direito,api,1,1,1,Comunicação e Expressão,"As disciplinas de cada curso da Sumaré são concebidas pelo NDE (Núcleo Docente Estruturante), que é composto por professores com notório saber, que além da DCN (Diretrizes Curriculares Nacionais) de cada curso, levam em consideração as pautas mais importantes do mercado de trabalho, ou seja, o que você aprende na Sumaré você usa na prática!"
direito,Direito,Presencial,DIREITO,https://sumare.edu.br/graduacao/presencial/direito,api,1,2,2,Metodologia Científica e da Pesquisa,
direito,Direito,Presencial,DIREITO,https://sumare.edu.br/graduacao/presencial/direito,api,1,3,3,História do Direito - EAD,
direito,Direito,Presencial,DIREITO,https://sumare.edu.br/graduacao/presencial/direito,api,1,4,4,Introdução ao Estudo do Direito,
direito,Direito,Presencial,DIREITO,https://sumare.edu.br/graduacao/presencial/direito,api,1,5,5,Introdução à Educação a Distancia - EAD,
direito,Direito,Presencial,DIREITO,https://sumare.edu.br/graduacao/presencial/direito,api,1,6,6,Ciência Política e Teoria Geral do Estado,
direito,Direito,Presencial,DIREITO,https://sumare.edu.br/graduacao/presencial/direito,api,1,7,7,Atividade Extensionista - Estudo Básico de Direito,
direito,Direito,Presencial,DIREITO,https://sumare.edu.br/graduacao/presencial/direito,api,2,1,8,Direito Civil - Parte Geral,
direito,Direito,Presencial,DIREITO,https://sumare.edu.br/graduacao/presencial/direito,api,2,2,9,Direito Penal I - Parte Geral,
direito,Direito,Presencial,DIREITO,https://sumare.edu.br/graduacao/presencial/direito,api,2,3,10,Fundamentos Antropológicos e Sociológicos do Direito - EAD,
direito,Direito,Presencial,DIREITO,https://sumare.edu.br/graduacao/presencial/direito,api,2,4,11,Filosofia Geral e Jurídica,
direito,Direito,Presencial,DIREITO,https://sumare.edu.br/graduacao/presencial/direito,api,2,5,12,Direito Constitucional I,
direito,Direito,Presencial,DIREITO,https://sumare.edu.br/graduacao/presencial/direito,api,2,6,13,Psicologia Jurídica - EAD,
direito,Direito,Presencial,DIREITO,https://sumare.edu.br/graduacao/presencial/direito,api,2,7,14,"Atividade Extensionista - Introdução ao Direito Civil, Penal e Constitucional",
direito,Direito,Presencial,DIREITO,https://sumare.edu.br/graduacao/presencial/direito,api,3,1,15,Direito Penal II (Parte Especial I),
direito,Direito,Presencial,DIREITO,https://sumare.edu.br/graduacao/presencial/direito,api,3,2,16,Economia Política - EAD,
direito,Direito,Presencial,DIREITO,https://sumare.edu.br/graduacao/presencial/direito,api,3,3,17,Direito Civil - Das Obrigações,
direito,Direito,Presencial,DIREITO,https://sumare.edu.br/graduacao/presencial/direito,api,3,4,18,Direito Constitucional II,
direito,Direito,Presencial,DIREITO,https://sumare.edu.br/graduacao/presencial/direito,api,3,5,19,Responsabilidade Civil - EAD,
direito,Direito,Presencial,DIREITO,https://sumare.edu.br/graduacao/presencial/direito,api,3,6,20,Teoria Geral do Processo,
direito,Direito,Presencial,DIREITO,https://sumare.edu.br/graduacao/presencial/direito,api,3,7,21,"Atividade Extensionista - Pilares do Direito Civil, Penal e Constitucional",
direito,Direito,Presencial,DIREITO,https://sumare.edu.br/graduacao/presencial/direito,api,4,1,22,Direito Penal III (Parte Especial II),
direito,Direito,Presencial,DIREITO,https://sumare.edu.br/graduacao/presencial/direito,api,4,2,23,Direito Civil - Dos Contratos,
direito,Direito,Presencial,DIREITO,https://sumare.edu.br/graduacao/presencial/direito,api,4,3,24,Formas Consesuais de Solução de Conflitos - EAD,
direito,Direito,Presencial,DIREITO,https://sumare.edu.br/graduacao/presencial/direito,api,4,4,25,Direito Administrativo - EAD,
direito,Direito,Presencial,DIREITO,https://sumare.edu.br/graduacao/presencial/direito,api,4,5,26,Direito Processual Civil - Conhecimento,
direito,Direito,Presencial,DIREITO,https://sumare.edu.br/graduacao/presencial/direito,api,4,6,27,Hermenêutica e Argumentação Jurídica,
direito,Direito,Presencial,DIREITO,https://sumare.edu.br/graduacao/presencial/direito,api,4,7,28,"Atividade Extensionista - Hermenêutica, Argumentação Jurídica e Direito Administrativo",
direito,Direito,Presencial,DIREITO,https://sumare.edu.br/graduacao/presencial/direito,api,5,1,29,Direito Processual Penal I,
direito,Direito,Presencial,DIREITO,https://sumare.edu.br/graduacao/presencial/direito,api,5,2,30,Direito Processual Civil - Procedimentos Especiais,
direito,Direito,Presencial,DIREITO,https://sumare.edu.br/graduacao/presencial/direito,api,5,3,31,Direito da Criança e do Adolecente - EAD,
direito,Direito,Presencial,DIREITO,https://sumare.edu.br/graduacao/presencial/direito,api,5,4,32,Direito do Consumidor,
direito,Direito,Presencial,DIREITO,https://sumare.edu.br/graduacao/presencial/direito,api,5,5,33,Direito Civil - Das Coisas,
direito,Direito,Presencial,DIREITO,https://sumare.edu.br/graduacao/presencial/direito,api,5,6,34,Optativa I - EAD,
direito,Direito,Presencial,DIREITO,https://sumare.edu.br/graduacao/presencial/direito,api,5,7,35,Atividade Extensionista - Direito do Consumidor e Bases do Direito Processual Penal e Civil,
direito,Direito,Presencial,DIREITO,https://sumare.edu.br/graduacao/presencial/direito,api,6,1,36,Direito Civil - Das Famílias e Das Sucessões,
direito,Direito,Presencial,DIREITO,https://sumare.edu.br/graduacao/presencial/direito,api,6,2,37,Direito do Trabalho Individual - EAD,
direito,Direito,Presencial,DIREITO,https://sumare.edu.br/graduacao/presencial/direito,api,6,3,38,Direito Empresarial - EAD,
direito,Direito,Presencial,DIREITO,https://sumare.edu.br/graduacao/presencial/direito,api,6,4,39,Direito Processual Civil - Execução,
direito,Direito,Presencial,DIREITO,https://sumare.edu.br/graduacao/presencial/direito,api,6,5,40,Direito Processual Penal II,
direito,Direito,Presencial,DIREITO,https://sumare.edu.br/graduacao/presencial/direito,api,6,6,41,Prática Jurídica Simulada I - Direito Civil,
direito,Direito,Presencial,DIREITO,https://sumare.edu.br/graduacao/presencial/direito,api,6,7,42,"Atividade Extensionista - Direito do Trabalho, Processual Penal e Civil",
direito,Direito,Presencial,DIREITO,https://sumare.edu.br/graduacao/presencial/direito,api,7,1,43,Direito Eleitoral - EAD,
direito,Direito,Presencial,DIREITO,https://sumare.edu.br/graduacao/presencial/direito,api,7,2,44,Direito do Trabalho Coletivo - EAD,
direito,Direito,Presencial,DIREITO,https://sumare.edu.br/graduacao/presencial/direito,api,7,3,45,Direito Processual Civil - Processos nos Tribunais,
direito,Direito,Presencial,DIREITO,https://sumare.edu.br/graduacao/presencial/direito,api,7,4,46,Direito Tributário,
direito,Direito,Presencial,DIREITO,https://sumare.edu.br/graduacao/presencial/direito,api,7,5,47,Prática Jurídica Simulada II - Direito Civil,
direito,Direito,Presencial,DIREITO,https://sumare.edu.br/graduacao/presencial/direito,api,7,6,48,Atividade Extensionista - Direito Tributário e Eleitoral,
direito,Direito,Presencial,DIREITO,https://sumare.edu.br/graduacao/presencial/direito,api,8,1,49,Processo do Trabalho,
direito,Direito,Presencial,DIREITO,https://sumare.edu.br/graduacao/presencial/direito,api,8,2,50,Direito Digital - EAD,
direito,Direito,Presencial,DIREITO,https://sumare.edu.br/graduacao/presencial/direito,api,8,3,51,Optativa II - EAD,
direito,Direito,Presencial,DIREITO,https://sumare.edu.br/graduacao/presencial/direito,api,8,4,52,Direito Previdenciário,
direito,Direito,Presencial,DIREITO,https://sumare.edu.br/graduacao/presencial/direito,api,8,5,53,Prática Jurídica Simulada III - Direito Penal,
direito,Direito,Presencial,DIREITO,https://sumare.edu.br/graduacao/presencial/direito,api,8,6,54,Atividade Extensionista - Direito Previdenciario e Digital,
direito,Direito,Presencial,DIREITO,https://sumare.edu.br/graduacao/presencial/direito,api,9,1,55,Deontologia Jurídica - Ética Profissional - EAD,
direito,Direito,Presencial,DIREITO,https://sumare.edu.br/graduacao/presencial/direito,api,9,2,56,Direito Processual Constitucional,
direito,Direito,Presencial,DIREITO,https://sumare.edu.br/graduacao/presencial/direito,api,9,3,57,Legislação Penal Extravagante e Execução Penal,
direito,Direito,Presencial,DIREITO,https://sumare.edu.br/graduacao/presencial/direito,api,9,4,58,Prática Jurídica Simulada IV - Direito Trabalhista,
direito,Direito,Presencial,DIREITO,https://sumare.edu.br/graduacao/presencial/direito,api,10,1,59,Direito Internacional Público e Privado,
direito,Direito,Presencial,DIREITO,https://sumare.edu.br/graduacao/presencial/direito,api,10,2,60,Direitos Humanos - EAD,
direito,Direito,Presencial,DIREITO,https://sumare.edu.br/graduacao/presencial/direito,api,10,3,61,Direito Financeiro e Econômico,
direito,Direito,Presencial,DIREITO,https://sumare.edu.br/graduacao/presencial/direito,api,10,4,62,Direito Ambiental e Agrário,
direito,Direito,Presencial,DIREITO,https://sumare.edu.br/graduacao/presencial/direito,api,10,5,63,Trabalho de Conclusão de Curso,
direito,Direito,Presencial,DIREITO,https://sumare.edu.br/graduacao/presencial/direito,api,10,6,64,ATC,
educacao-fisica-bacharelado,Educação Física - Bacharelado,EAD,ED_F_EAD,https://sumare.edu.br/graduacao/ead/educacao-fisica-bacharelado,html,1,1,1,Bem-Vindo ao AVA Sumaré,"As disciplinas de cada curso da Sumaré são concebidas pelo NDE (Núcleo Docente Estruturante), que é composto por professores com notório saber, que além da DCN (Diretrizes Curriculares Nacionais) de cada curso, levam em consideração as pautas mais importantes do mercado de trabalho, ou seja, o que você aprende na Sumaré você usa na prática!"
educacao-fisica-bacharelado,Educação Física - Bacharelado,EAD,ED_F_EAD,https://sumare.edu.br/graduacao/ead/educacao-fisica-bacharelado,html,1,2,2,Conheça seu Tutor,
educacao-fisica-bacharelado,Educação Física - Bacharelado,EAD,ED_F_EAD,https://sumare.edu.br/graduacao/ead/educacao-fisica-bacharelado,html,1,3,3,Conheça seu curso - Educação Física - Bacharelado,
educacao-fisica-bacharelado,Educação Física - Bacharelado,EAD,ED_F_EAD,https://sumare.edu.br/graduacao/ead/educacao-fisica-bacharelado,html,1,4,4,Abordagens Metodológicas do Ensino de Educação Física,
educacao-fisica-bacharelado,Educação Física - Bacharelado,EAD,ED_F_EAD,https://sumare.edu.br/graduacao/ead/educacao-fisica-bacharelado,html,1,5,5,Desenvolvimento e Aprendizagem motora,
educacao-fisica-bacharelado,Educação Física - Bacharelado,EAD,ED_F_EAD,https://sumare.edu.br/graduacao/ead/educacao-fisica-bacharelado,html,1,6,6,"Educação Física: História, Cenários e Campo de Atuação",
educacao-fisica-bacharelado,Educação Física - Bacharelado,EAD,ED_F_EAD,https://sumare.edu.br/graduacao/ead/educacao-fisica-bacharelado,html,1,7,7,Estudo do Movimento: Anatomia Geral e Sistêmica,
educacao-fisica-bacharelado,Educação Física - Bacharelado,EAD,ED_F_EAD,https://sumare.edu.br/graduacao/ead/educacao-fisica-bacharelado,html,1,8,8,Atividade Extensionista - Abordagens Iniciais,
educacao-fisica-bacharelado,Educação Física - Bacharelado,EAD,ED_F_EAD,https://sumare.edu.br/graduacao/ead/educacao-fisica-bacharelado,html,1,9,9,Biblioteca Virtual,
educacao-fisica-bacharelado,Educação Física - Bacharelado,EAD,ED_F_EAD,https://sumare.edu.br/graduacao/ead/educacao-fisica-bacharelado,html,2,1,10,Primeiros Socorros,
educacao-fisica-bacharelado,Educação Física - Bacharelado,EAD,ED_F_EAD,https://sumare.edu.br/graduacao/ead/educacao-fisica-bacharelado,html,2,2,11,Dimensões Biológicas da Atividade Motora,
educacao-fisica-bacharelado,Educação Física - Bacharelado,EAD,ED_F_EAD,https://sumare.edu.br/graduacao/ead/educacao-fisica-bacharelado,html,2,3,12,Estudo do Movimento: Anatomia Neuromúsculoesquelético,
educacao-fisica-bacharelado,Educação Física - Bacharelado,EAD,ED_F_EAD,https://sumare.edu.br/graduacao/ead/educacao-fisica-bacharelado,html,2,4,13,Estudo do Movimento Fisiologia Humana,
educacao-fisica-bacharelado,Educação Física - Bacharelado,EAD,ED_F_EAD,https://sumare.edu.br/graduacao/ead/educacao-fisica-bacharelado,html,2,5,14,Atividade Extensionista - Anatomia e Fisiologia,
educacao-fisica-bacharelado,Educação Física - Bacharelado,EAD,ED_F_EAD,https://sumare.edu.br/graduacao/ead/educacao-fisica-bacharelado,html,3,1,15,Estudo do Movimento: Cinesiologia,
educacao-fisica-bacharelado,Educação Física - Bacharelado,EAD,ED_F_EAD,https://sumare.edu.br/graduacao/ead/educacao-fisica-bacharelado,html,3,2,16,Bioquímica,
educacao-fisica-bacharelado,Educação Física - Bacharelado,EAD,ED_F_EAD,https://sumare.edu.br/graduacao/ead/educacao-fisica-bacharelado,html,3,3,17,Estudo do Movimento: Fisiologia do Exercício,
educacao-fisica-bacharelado,Educação Física - Bacharelado,EAD,ED_F_EAD,https://sumare.edu.br/graduacao/ead/educacao-fisica-bacharelado,html,3,4,18,Atividade Extensionista - Cinesiologia,
educacao-fisica-bacharelado,Educação Física - Bacharelado,EAD,ED_F_EAD,https://sumare.edu.br/graduacao/ead/educacao-fisica-bacharelado,html,3,5,19,Manifestação da Ginástica,
educacao-fisica-bacharelado,Educação Física - Bacharelado,EAD,ED_F_EAD,https://sumare.edu.br/graduacao/ead/educacao-fisica-bacharelado,html,4,1,20,Voleibol,
educacao-fisica-bacharelado,Educação Física - Bacharelado,EAD,ED_F_EAD,https://sumare.edu.br/graduacao/ead/educacao-fisica-bacharelado,html,4,2,21,Atividade Extensionista - Esportes Coletivos,
educacao-fisica-bacharelado,Educação Física - Bacharelado,EAD,ED_F_EAD,https://sumare.edu.br/graduacao/ead/educacao-fisica-bacharelado,html,4,3,22,Basquetebol,
educacao-fisica-bacharelado,Educação Física - Bacharelado,EAD,ED_F_EAD,https://sumare.edu.br/graduacao/ead/educacao-fisica-bacharelado,html,4,4,23,Futebol e Futsal,
educacao-fisica-bacharelado,Educação Física - Bacharelado,EAD,ED_F_EAD,https://sumare.edu.br/graduacao/ead/educacao-fisica-bacharelado,html,4,5,24,Handebol,
educacao-fisica-bacharelado,Educação Física - Bacharelado,EAD,ED_F_EAD,https://sumare.edu.br/graduacao/ead/educacao-fisica-bacharelado,html,5,1,25,Medidas e Avaliação na Educação Física,
educacao-fisica-bacharelado,Educação Física - Bacharelado,EAD,ED_F_EAD,https://sumare.edu.br/graduacao/ead/educacao-fisica-bacharelado,html,5,2,26,Práticas de Condicionamento Físico,
educacao-fisica-bacharelado,Educação Física - Bacharelado,EAD,ED_F_EAD,https://sumare.edu.br/graduacao/ead/educacao-fisica-bacharelado,html,5,3,27,Musculação,
educacao-fisica-bacharelado,Educação Física - Bacharelado,EAD,ED_F_EAD,https://sumare.edu.br/graduacao/ead/educacao-fisica-bacharelado,html,5,4,28,Atividades Aquáticas,
educacao-fisica-bacharelado,Educação Física - Bacharelado,EAD,ED_F_EAD,https://sumare.edu.br/graduacao/ead/educacao-fisica-bacharelado,html,6,1,29,Estágio Supervisionado - Educação Física Bacharelado,
educacao-fisica-bacharelado,Educação Física - Bacharelado,EAD,ED_F_EAD,https://sumare.edu.br/graduacao/ead/educacao-fisica-bacharelado,html,6,2,30,Ritmo e expressão corporal,
educacao-fisica-bacharelado,Educação Física - Bacharelado,EAD,ED_F_EAD,https://sumare.edu.br/graduacao/ead/educacao-fisica-bacharelado,html,6,3,31,Treinamento Desportivo,
educacao-fisica-bacharelado,Educação Física - Bacharelado,EAD,ED_F_EAD,https://sumare.edu.br/graduacao/ead/educacao-fisica-bacharelado,html,6,4,32,Esportes de Combate,
educacao-fisica-bacharelado,Educação Física - Bacharelado,EAD,ED_F_EAD,https://sumare.edu.br/graduacao/ead/educacao-fisica-bacharelado,html,6,5,33,Ginástica Laboral e Postural,
educacao-fisica-bacharelado,Educação Física - Bacharelado,EAD,ED_F_EAD,https://sumare.edu.br/graduacao/ead/educacao-fisica-bacharelado,html,7,1,34,"Gestão, Legislação e Políticas Públicas de Esporte e Lazer",
educacao-fisica-bacharelado,Educação Física - Bacharelado,EAD,ED_F_EAD,https://sumare.edu.br/graduacao/ead/educacao-fisica-bacharelado,html,7,2,35,Esportes Adaptados e Inclusão Social,
educacao-fisica-bacharelado,Educação Física - Bacharelado,EAD,ED_F_EAD,https://sumare.edu.br/graduacao/ead/educacao-fisica-bacharelado,html,7,3,36,"Meio Ambiente, Direitos Humanos, Diversidade e Ética na Educação Física",
educacao-fisica-bacharelado,Educação Física - Bacharelado,EAD,ED_F_EAD,https://sumare.edu.br/graduacao/ead/educacao-fisica-bacharelado,html,7,4,37,Treinamento para Terceira Idade,
educacao-fisica-bacharelado,Educação Física - Bacharelado,EAD,ED_F_EAD,https://sumare.edu.br/graduacao/ead/educacao-fisica-bacharelado,html,8,1,38,Trabalho de Conclusão de Curso,
educacao-fisica-bacharelado,Educação Física - Bacharelado,EAD,ED_F_EAD,https://sumare.edu.br/graduacao/ead/educacao-fisica-bacharelado,html,8,2,39,Empreendedorismo e Inovação,
educacao-fisica-bacharelado,Educação Física - Bacharelado,EAD,ED_F_EAD,https://sumare.edu.br/graduacao/ead/educacao-fisica-bacharelado,html,8,3,40,Biomecânica dos Esportes e Nutrição Esportiva,
educacao-fisica-bacharelado,Educação Física - Bacharelado,EAD,ED_F_EAD,https://sumare.edu.br/graduacao/ead/educacao-fisica-bacharelado,html,8,4,41,Exercício Físicos e Jogos para Crianças e Jovens,
educacao-fisica-bacharelado,Educação Física - Bacharelado,EAD,ED_F_EAD,https://sumare.edu.br/graduacao/ead/educacao-fisica-bacharelado,html,8,5,42,Psicologia do Esporte,
educacao-fisica-bacharelado,Educação Física - Bacharelado,Semipresencial,ED_F_SEMI,https://sumare.edu.br/graduacao/semi/educacao-fisica-bacharelado,html,1,1,1,Bem-Vindo ao AVA Sumaré,"As disciplinas de cada curso da Sumaré são concebidas pelo NDE (Núcleo Docente Estruturante), que é composto por professores com notório saber, que além da DCN (Diretrizes Curriculares Nacionais) de cada curso, levam em consideração as pautas mais importantes do mercado de trabalho, ou seja, o que você aprende na Sumaré você usa na prática!"
educacao-fisica-bacharelado,Educação Física - Bacharelado,Semipresencial,ED_F_SEMI,https://sumare.edu.br/graduacao/semi/educacao-fisica-bacharelado,html,1,2,2,Conheça seu Tutor,
educacao-fisica-bacharelado,Educação Física - Bacharelado,Semipresencial,ED_F_SEMI,https://sumare.edu.br/graduacao/semi/educacao-fisica-bacharelado,html,1,3,3,Conheça seu curso - Educação Física - Bacharelado Semipresencial,
educacao-fisica-bacharelado,Educação Física - Bacharelado,Semipresencial,ED_F_SEMI,https://sumare.edu.br/graduacao/semi/educacao-fisica-bacharelado,html,1,4,4,Abordagens Metodológicas do Ensino de Educação Física,
educacao-fisica-bacharelado,Educação Física - Bacharelado,Semipresencial,ED_F_SEMI,https://sumare.edu.br/graduacao/semi/educacao-fisica-bacharelado,html,1,5,5,Desenvolvimento e Aprendizagem Motora,
educacao-fisica-bacharelado,Educação Física - Bacharelado,Semipresencial,ED_F_SEMI,https://sumare.edu.br/graduacao/semi/educacao-fisica-bacharelado,html,1,6,6,"Educação Física: História, Cenários e Campo de Atuação",
educacao-fisica-bacharelado,Educação Física - Bacharelado,Semipresencial,ED_F_SEMI,https://sumare.edu.br/graduacao/semi/educacao-fisica-bacharelado,html,1,7,7,Estudo do Movimento: Anatomia Geral e Sistêmica - Sistemas Anatômicos,
educacao-fisica-bacharelado,Educação Física - Bacharelado,Semipresencial,ED_F_SEMI,https://sumare.edu.br/graduacao/semi/educacao-fisica-bacharelado,html,1,8,8,Atividade Extensionista - Abordagens Iniciais,
educacao-fisica-bacharelado,Educação Física - Bacharelado,Semipresencial,ED_F_SEMI,https://sumare.edu.br/graduacao/semi/educacao-fisica-bacharelado,html,1,9,9,Biblioteca Virtual,
educacao-fisica-bacharelado,Educação Física - Bacharelado,Semipresencial,ED_F_SEMI,https://sumare.edu.br/graduacao/semi/educacao-fisica-bacharelado,html,2,1,10,Dimensões Biológicas da Atividade Motora,
educacao-fisica-bacharelado,Educação Física - Bacharelado,Semipresencial,ED_F_SEMI,https://sumare.edu.br/graduacao/semi/educacao-fisica-bacharelado,html,2,2,11,Estudo do Movimento: Fisiologia Humana,
educacao-fisica-bacharelado,Educação Física - Bacharelado,Semipresencial,ED_F_SEMI,https://sumare.edu.br/graduacao/semi/educacao-fisica-bacharelado,html,2,3,12,Estudo do Movimento: Anatomia Neuro Músculo Esquelético,
educacao-fisica-bacharelado,Educação Física - Bacharelado,Semipresencial,ED_F_SEMI,https://sumare.edu.br/graduacao/semi/educacao-fisica-bacharelado,html,2,4,13,Primeiros Socorros,
educacao-fisica-bacharelado,Educação Física - Bacharelado,Semipresencial,ED_F_SEMI,https://sumare.edu.br/graduacao/semi/educacao-fisica-bacharelado,html,2,5,14,Atividade Extensionista - Anatomia e Fisiologia,
educacao-fisica-bacharelado,Educação Física - Bacharelado,Semipresencial,ED_F_SEMI,https://sumare.edu.br/graduacao/semi/educacao-fisica-bacharelado,html,3,1,15,Bioquímica Básica,
educacao-fisica-bacharelado,Educação Física - Bacharelado,Semipresencial,ED_F_SEMI,https://sumare.edu.br/graduacao/semi/educacao-fisica-bacharelado,html,3,2,16,Estudo do Movimento: Cinesiologia,
educacao-fisica-bacharelado,Educação Física - Bacharelado,Semipresencial,ED_F_SEMI,https://sumare.edu.br/graduacao/semi/educacao-fisica-bacharelado,html,3,3,17,Estudo do Movimento: Fisiologia do Exercício,
educacao-fisica-bacharelado,Educação Física - Bacharelado,Semipresencial,ED_F_SEMI,https://sumare.edu.br/graduacao/semi/educacao-fisica-bacharelado,html,3,4,18,Manifestação da Ginástica,
educacao-fisica-bacharelado,Educação Física - Bacharelado,Semipresencial,ED_F_SEMI,https://sumare.edu.br/graduacao/semi/educacao-fisica-bacharelado,html,3,5,19,Atividade Extensionista - Cinesiologia,
educacao-fisica-bacharelado,Educação Física - Bacharelado,Semipresencial,ED_F_SEMI,https://sumare.edu.br/graduacao/semi/educacao-fisica-bacharelado,html,4,1,20,Basquetebol,
educacao-fisica-bacharelado,Educação Física - Bacharelado,Semipresencial,ED_F_SEMI,https://sumare.edu.br/graduacao/semi/educacao-fisica-bacharelado,html,4,2,21,Futebol e Futsal,
educacao-fisica-bacharelado,Educação Física - Bacharelado,Semipresencial,ED_F_SEMI,https://sumare.edu.br/graduacao/semi/educacao-fisica-bacharelado,html,4,3,22,Handebol,
educacao-fisica-bacharelado,Educação Física - Bacharelado,Semipresencial,ED_F_SEMI,https://sumare.edu.br/graduacao/semi/educacao-fisica-bacharelado,html,4,4,23,Voleibol,
educacao-fisica-bacharelado,Educação Física - Bacharelado,Semipresencial,ED_F_SEMI,https://sumare.edu.br/graduacao/semi/educacao-fisica-bacharelado,html,4,5,24,Atividade Extensionista - Esportes Coletivos,
educacao-fisica-bacharelado,Educação Física - Bacharelado,Semipresencial,ED_F_SEMI,https://sumare.edu.br/graduacao/semi/educacao-fisica-bacharelado,html,5,1,25,Atividades Aquáticas,
educacao-fisica-bacharelado,Educação Física - Bacharelado,Semipresencial,ED_F_SEMI,https://sumare.edu.br/graduacao/semi/educacao-fisica-bacharelado,html,5,2,26,Medidas e Avaliação na Educação Física,
educacao-fisica-bacharelado,Educação Física - Bacharelado,Semipresencial,ED_F_SEMI,https://sumare.edu.br/graduacao/semi/educacao-fisica-bacharelado,html,5,3,27,Musculação,
educacao-fisica-bacharelado,Educação Física - Bacharelado,Semipresencial,ED_F_SEMI,https://sumare.edu.br/graduacao/semi/educacao-fisica-bacharelado,html,5,4,28,Práticas de Condicionamento Físico,
educacao-fisica-bacharelado,Educação Física - Bacharelado,Semipresencial,ED_F_SEMI,https://sumare.edu.br/graduacao/semi/educacao-fisica-bacharelado,html,5,5,29,Atividade Extensionista - Musculação e Condicionamento Físico,
educacao-fisica-bacharelado,Educação Física - Bacharelado,Semipresencial,ED_F_SEMI,https://sumare.edu.br/graduacao/semi/educacao-fisica-bacharelado,html,6,1,30,Estágio Supervisionado - Educação Física Bacharelado,
educacao-fisica-bacharelado,Educação Física - Bacharelado,Semipresencial,ED_F_SEMI,https://sumare.edu.br/graduacao/semi/educacao-fisica-bacharelado,html,6,2,31,Esportes de Combate,
educacao-fisica-bacharelado,Educação Física - Bacharelado,Semipresencial,ED_F_SEMI,https://sumare.edu.br/graduacao/semi/educacao-fisica-bacharelado,html,6,3,32,Ginástica Laboral e Postural,
educacao-fisica-bacharelado,Educação Física - Bacharelado,Semipresencial,ED_F_SEMI,https://sumare.edu.br/graduacao/semi/educacao-fisica-bacharelado,html,6,4,33,Ritmo e Expressão Corporal,
educacao-fisica-bacharelado,Educação Física - Bacharelado,Semipresencial,ED_F_SEMI,https://sumare.edu.br/graduacao/semi/educacao-fisica-bacharelado,html,6,5,34,Treinamento Desportivo,
educacao-fisica-bacharelado,Educação Física - Bacharelado,Semipresencial,ED_F_SEMI,https://sumare.edu.br/graduacao/semi/educacao-fisica-bacharelado,html,6,6,35,Atividade Extensionista - Ginástica e Esportes de Combate,
educacao-fisica-bacharelado,Educação Física - Bacharelado,Semipresencial,ED_F_SEMI,https://sumare.edu.br/graduacao/semi/educacao-fisica-bacharelado,html,7,1,36,Esportes Adaptados e Inclusão Social,
educacao-fisica-bacharelado,Educação Física - Bacharelado,Semipresencial,ED_F_SEMI,https://sumare.edu.br/graduacao/semi/educacao-fisica-bacharelado,html,7,2,37,Treinamento para Terceira Idade,
educacao-fisica-bacharelado,Educação Física - Bacharelado,Semipresencial,ED_F_SEMI,https://sumare.edu.br/graduacao/semi/educacao-fisica-bacharelado,html,7,3,38,"Gestão, Legislação e Políticas Públicas de Esporte e Lazer",
educacao-fisica-bacharelado,Educação Física - Bacharelado,Semipresencial,ED_F_SEMI,https://sumare.edu.br/graduacao/semi/educacao-fisica-bacharelado,html,7,4,39,"Meio Ambiente, Direitos Humanos, Diversidade e Ética na Educação Física",
educacao-fisica-bacharelado,Educação Física - Bacharelado,Semipresencial,ED_F_SEMI,https://sumare.edu.br/graduacao/semi/educacao-fisica-bacharelado,html,8,1,40,Biomecânica dos Esportes e Nutrição Esportiva,
educacao-fisica-bacharelado,Educação Física - Bacharelado,Semipresencial,ED_F_SEMI,https://sumare.edu.br/graduacao/semi/educacao-fisica-bacharelado,html,8,2,41,Empreendedorismo e Inovação,
educacao-fisica-bacharelado,Educação Física - Bacharelado,Semipresencial,ED_F_SEMI,https://sumare.edu.br/graduacao/semi/educacao-fisica-bacharelado,html,8,3,42,Psicologia do Esporte,
educacao-fisica-bacharelado,Educação Física - Bacharelado,Semipresencial,ED_F_SEMI,https://sumare.edu.br/graduacao/semi/educacao-fisica-bacharelado,html,8,4,43,Exercício Físicos e Jogos para Crianças e Jovens,
educacao-fisica-bacharelado,Educação Física - Bacharelado,Semipresencial,ED_F_SEMI,https://sumare.edu.br/graduacao/semi/educacao-fisica-bacharelado,html,8,5,44,Trabalho de Conclusão de Curso,
educacao-fisica-licenciatura,Educação Física - Licenciatura,EAD,EDFL_EAD,https://sumare.edu.br/graduacao/ead/educacao-fisica-licenciatura,html,1,1,1,Bem-Vindo ao AVA Sumaré,"As disciplinas de cada curso da Sumaré são concebidas pelo NDE (Núcleo Docente Estruturante), que é composto por professores com notório saber, que além da DCN (Diretrizes Curriculares Nacionais) de cada curso, levam em consideração as pautas mais importantes do mercado de trabalho, ou seja, o que você aprende na Sumaré você usa na prática!"
educacao-fisica-licenciatura,Educação Física - Licenciatura,EAD,EDFL_EAD,https://sumare.edu.br/graduacao/ead/educacao-fisica-licenciatura,html,1,2,2,Conheça seu Tutor,
educacao-fisica-licenciatura,Educação Física - Licenciatura,EAD,EDFL_EAD,https://sumare.edu.br/graduacao/ead/educacao-fisica-licenciatura,html,1,3,3,Conheça seu curso - Educação Física - Licenciatura,
educacao-fisica-licenciatura,Educação Física - Licenciatura,EAD,EDFL_EAD,https://sumare.edu.br/graduacao/ead/educacao-fisica-licenciatura,html,1,4,4,Abordagens Metodológicas do Ensino de Educação Física,
educacao-fisica-licenciatura,Educação Física - Licenciatura,EAD,EDFL_EAD,https://sumare.edu.br/graduacao/ead/educacao-fisica-licenciatura,html,1,5,5,Desenvolvimento e Aprendizagem motora,
educacao-fisica-licenciatura,Educação Física - Licenciatura,EAD,EDFL_EAD,https://sumare.edu.br/graduacao/ead/educacao-fisica-licenciatura,html,1,6,6,"Educação Física: História, Cenários e Campo de Atuação",
educacao-fisica-licenciatura,Educação Física - Licenciatura,EAD,EDFL_EAD,https://sumare.edu.br/graduacao/ead/educacao-fisica-licenciatura,html,1,7,7,Estudo do Movimento: Anatomia Geral e Sistêmica,
educacao-fisica-licenciatura,Educação Física - Licenciatura,EAD,EDFL_EAD,https://sumare.edu.br/graduacao/ead/educacao-fisica-licenciatura,html,1,8,8,Atividade Extensionista - Abordagens Iniciais,
educacao-fisica-licenciatura,Educação Física - Licenciatura,EAD,EDFL_EAD,https://sumare.edu.br/graduacao/ead/educacao-fisica-licenciatura,html,1,9,9,Biblioteca Virtual,
educacao-fisica-licenciatura,Educação Física - Licenciatura,EAD,EDFL_EAD,https://sumare.edu.br/graduacao/ead/educacao-fisica-licenciatura,html,2,1,10,Primeiros Socorros,
educacao-fisica-licenciatura,Educação Física - Licenciatura,EAD,EDFL_EAD,https://sumare.edu.br/graduacao/ead/educacao-fisica-licenciatura,html,2,2,11,Dimensões Biológicas da Atividade Motora,
educacao-fisica-licenciatura,Educação Física - Licenciatura,EAD,EDFL_EAD,https://sumare.edu.br/graduacao/ead/educacao-fisica-licenciatura,html,2,3,12,Estudo do Movimento: Anatomia Neuromúsculoesquelético,
educacao-fisica-licenciatura,Educação Física - Licenciatura,EAD,EDFL_EAD,https://sumare.edu.br/graduacao/ead/educacao-fisica-licenciatura,html,2,4,13,Estudo do Movimento Fisiologia Humana,
educacao-fisica-licenciatura,Educação Física - Licenciatura,EAD,EDFL_EAD,https://sumare.edu.br/graduacao/ead/educacao-fisica-licenciatura,html,2,5,14,Atividade Extensionista - Anatomia e Fisiologia,
educacao-fisica-licenciatura,Educação Física - Licenciatura,EAD,EDFL_EAD,https://sumare.edu.br/graduacao/ead/educacao-fisica-licenciatura,html,3,1,15,Estudo do Movimento: Cinesiologia,
educacao-fisica-licenciatura,Educação Física - Licenciatura,EAD,EDFL_EAD,https://sumare.edu.br/graduacao/ead/educacao-fisica-licenciatura,html,3,2,16,Bioquímica,
educacao-fisica-licenciatura,Educação Física - Licenciatura,EAD,EDFL_EAD,https://sumare.edu.br/graduacao/ead/educacao-fisica-licenciatura,html,3,3,17,Estudo do Movimento: Fisiologia do Exercício,
educacao-fisica-licenciatura,Educação Física - Licenciatura,EAD,EDFL_EAD,https://sumare.edu.br/graduacao/ead/educacao-fisica-licenciatura,html,3,4,18,Atividade Extensionista - Cinesiologia,
educacao-fisica-licenciatura,Educação Física - Licenciatura,EAD,EDFL_EAD,https://sumare.edu.br/graduacao/ead/educacao-fisica-licenciatura,html,3,5,19,Manifestação da Ginástica,
educacao-fisica-licenciatura,Educação Física - Licenciatura,EAD,EDFL_EAD,https://sumare.edu.br/graduacao/ead/educacao-fisica-licenciatura,html,4,1,20,Voleibol,
educacao-fisica-licenciatura,Educação Física - Licenciatura,EAD,EDFL_EAD,https://sumare.edu.br/graduacao/ead/educacao-fisica-licenciatura,html,4,2,21,Atividade Extensionista - Esportes Coletivos,
educacao-fisica-licenciatura,Educação Física - Licenciatura,EAD,EDFL_EAD,https://sumare.edu.br/graduacao/ead/educacao-fisica-licenciatura,html,4,3,22,Basquetebol,
educacao-fisica-licenciatura,Educação Física - Licenciatura,EAD,EDFL_EAD,https://sumare.edu.br/graduacao/ead/educacao-fisica-licenciatura,html,4,4,23,Futebol e Futsal,
educacao-fisica-licenciatura,Educação Física - Licenciatura,EAD,EDFL_EAD,https://sumare.edu.br/graduacao/ead/educacao-fisica-licenciatura,html,4,5,24,Handebol,
educacao-fisica-licenciatura,Educação Física - Licenciatura,EAD,EDFL_EAD,https://sumare.edu.br/graduacao/ead/educacao-fisica-licenciatura,html,5,1,25,Psicologia do Desenvolvimento,
educacao-fisica-licenciatura,Educação Física - Licenciatura,EAD,EDFL_EAD,https://sumare.edu.br/graduacao/ead/educacao-fisica-licenciatura,html,5,2,26,Ritmo e Expressão Corporal,
educacao-fisica-licenciatura,Educação Física - Licenciatura,EAD,EDFL_EAD,https://sumare.edu.br/graduacao/ead/educacao-fisica-licenciatura,html,5,3,27,Natação,
educacao-fisica-licenciatura,Educação Física - Licenciatura,EAD,EDFL_EAD,https://sumare.edu.br/graduacao/ead/educacao-fisica-licenciatura,html,5,4,28,Introdução aos Proc. Educacionais e Pedagogia do Esporte,
educacao-fisica-licenciatura,Educação Física - Licenciatura,EAD,EDFL_EAD,https://sumare.edu.br/graduacao/ead/educacao-fisica-licenciatura,html,6,1,29,Educação Física na Educação Infantil: Prática Docente,
educacao-fisica-licenciatura,Educação Física - Licenciatura,EAD,EDFL_EAD,https://sumare.edu.br/graduacao/ead/educacao-fisica-licenciatura,html,6,2,30,Educação Física nos Primeiros Anos Ensino Fundamental: Prática Docente,
educacao-fisica-licenciatura,Educação Física - Licenciatura,EAD,EDFL_EAD,https://sumare.edu.br/graduacao/ead/educacao-fisica-licenciatura,html,6,3,31,Educação Física na Educação de Jovens e Adultos: Prática Docente,
educacao-fisica-licenciatura,Educação Física - Licenciatura,EAD,EDFL_EAD,https://sumare.edu.br/graduacao/ead/educacao-fisica-licenciatura,html,6,4,32,Educação Física para Ensino Médio,
educacao-fisica-licenciatura,Educação Física - Licenciatura,EAD,EDFL_EAD,https://sumare.edu.br/graduacao/ead/educacao-fisica-licenciatura,html,7,1,33,Avaliação da Aprendizagem,
educacao-fisica-licenciatura,Educação Física - Licenciatura,EAD,EDFL_EAD,https://sumare.edu.br/graduacao/ead/educacao-fisica-licenciatura,html,7,2,34,Educação Física Inclusiva e Esportes Adaptados,
educacao-fisica-licenciatura,Educação Física - Licenciatura,EAD,EDFL_EAD,https://sumare.edu.br/graduacao/ead/educacao-fisica-licenciatura,html,7,3,35,Didática e Planejamento na Educação Física,
educacao-fisica-licenciatura,Educação Física - Licenciatura,EAD,EDFL_EAD,https://sumare.edu.br/graduacao/ead/educacao-fisica-licenciatura,html,7,4,36,"Meio Ambiente, Diversidade, Ética e Temas Transversais na Educação Física Escolar",
educacao-fisica-licenciatura,Educação Física - Licenciatura,EAD,EDFL_EAD,https://sumare.edu.br/graduacao/ead/educacao-fisica-licenciatura,html,8,1,37,Trabalho de Conclusão de Curso,
educacao-fisica-licenciatura,Educação Física - Licenciatura,EAD,EDFL_EAD,https://sumare.edu.br/graduacao/ead/educacao-fisica-licenciatura,html,8,2,38,Língua Brasileira de Sinais - LIBRAS,
educacao-fisica-licenciatura,Educação Física - Licenciatura,EAD,EDFL_EAD,https://sumare.edu.br/graduacao/ead/educacao-fisica-licenciatura,html,8,3,39,Gestão educacional,
educacao-fisica-licenciatura,Educação Física - Licenciatura,EAD,EDFL_EAD,https://sumare.edu.br/graduacao/ead/educacao-fisica-licenciatura,html,8,4,40,Políticas Públicas e Organização na Educação Básica,
educacao-fisica-licenciatura,Educação Física - Licenciatura,EAD,EDFL_EAD,https://sumare.edu.br/graduacao/ead/educacao-fisica-licenciatura,html,8,5,41,"Sociedade, Cultura e Cidadania",
educacao-fisica-licenciatura,Educação Física - Licenciatura,Semipresencial,EDFL_SEMI,https://sumare.edu.br/graduacao/semi/educacao-fisica-licenciatura,html,1,1,1,Bem-Vindo ao AVA Sumaré,"As disciplinas de cada curso da Sumaré são concebidas pelo NDE (Núcleo Docente Estruturante), que é composto por professores com notório saber, que além da DCN (Diretrizes Curriculares Nacionais) de cada curso, levam em consideração as pautas mais importantes do mercado de trabalho, ou seja, o que você aprende na Sumaré você usa na prática!"
educacao-fisica-licenciatura,Educação Física - Licenciatura,Semipresencial,EDFL_SEMI,https://sumare.edu.br/graduacao/semi/educacao-fisica-licenciatura,html,1,2,2,Conheça seu Tutor,
educacao-fisica-licenciatura,Educação Física - Licenciatura,Semipresencial,EDFL_SEMI,https://sumare.edu.br/graduacao/semi/educacao-fisica-licenciatura,html,1,3,3,Conheça seu curso - Educação Física - Licenciatura Semipresencial,
educacao-fisica-licenciatura,Educação Física - Licenciatura,Semipresencial,EDFL_SEMI,https://sumare.edu.br/graduacao/semi/educacao-fisica-licenciatura,html,1,4,4,Abordagens Metodológicas do Ensino de Educação Física,
educacao-fisica-licenciatura,Educação Física - Licenciatura,Semipresencial,EDFL_SEMI,https://sumare.edu.br/graduacao/semi/educacao-fisica-licenciatura,html,1,5,5,Desenvolvimento e Aprendizagem Motora,
educacao-fisica-licenciatura,Educação Física - Licenciatura,Semipresencial,EDFL_SEMI,https://sumare.edu.br/graduacao/semi/educacao-fisica-licenciatura,html,1,6,6,"Educação Física: História, Cenários e Campo de Atuação",
educacao-fisica-licenciatura,Educação Física - Licenciatura,Semipresencial,EDFL_SEMI,https://sumare.edu.br/graduacao/semi/educacao-fisica-licenciatura,html,1,7,7,Estudo do Movimento: Anatomia Geral e Sistêmica - Sistemas Anatômicos,
educacao-fisica-licenciatura,Educação Física - Licenciatura,Semipresencial,EDFL_SEMI,https://sumare.edu.br/graduacao/semi/educacao-fisica-licenciatura,html,1,8,8,História da Educação,
educacao-fisica-licenciatura,Educação Física - Licenciatura,Semipresencial,EDFL_SEMI,https://sumare.edu.br/graduacao/semi/educacao-fisica-licenciatura,html,1,9,9,Atividade Extensionista - Abordagens Iniciais,
educacao-fisica-licenciatura,Educação Física - Licenciatura,Semipresencial,EDFL_SEMI,https://sumare.edu.br/graduacao/semi/educacao-fisica-licenciatura,html,1,10,10,Biblioteca Virtual,
educacao-fisica-licenciatura,Educação Física - Licenciatura,Semipresencial,EDFL_SEMI,https://sumare.edu.br/graduacao/semi/educacao-fisica-licenciatura,html,1,11,11,PAAS - Língua Portuguesa,
educacao-fisica-licenciatura,Educação Física - Licenciatura,Semipresencial,EDFL_SEMI,https://sumare.edu.br/graduacao/semi/educacao-fisica-licenciatura,html,1,12,12,PAAS - Matemática,
educacao-fisica-licenciatura,Educação Física - Licenciatura,Semipresencial,EDFL_SEMI,https://sumare.edu.br/graduacao/semi/educacao-fisica-licenciatura,html,1,13,13,PAAS - Informática Básica,
educacao-fisica-licenciatura,Educação Física - Licenciatura,Semipresencial,EDFL_SEMI,https://sumare.edu.br/graduacao/semi/educacao-fisica-licenciatura,html,2,1,14,Dimensões Biológicas da Atividade Motora,
educacao-fisica-licenciatura,Educação Física - Licenciatura,Semipresencial,EDFL_SEMI,https://sumare.edu.br/graduacao/semi/educacao-fisica-licenciatura,html,2,2,15,Estudo do Movimento: Fisiologia Humana,
educacao-fisica-licenciatura,Educação Física - Licenciatura,Semipresencial,EDFL_SEMI,https://sumare.edu.br/graduacao/semi/educacao-fisica-licenciatura,html,2,3,16,Estudo do Movimento: Anatomia Neuro Músculo Esquelético,
educacao-fisica-licenciatura,Educação Física - Licenciatura,Semipresencial,EDFL_SEMI,https://sumare.edu.br/graduacao/semi/educacao-fisica-licenciatura,html,2,4,17,Primeiros Socorros,
educacao-fisica-licenciatura,Educação Física - Licenciatura,Semipresencial,EDFL_SEMI,https://sumare.edu.br/graduacao/semi/educacao-fisica-licenciatura,html,2,5,18,Didática,
educacao-fisica-licenciatura,Educação Física - Licenciatura,Semipresencial,EDFL_SEMI,https://sumare.edu.br/graduacao/semi/educacao-fisica-licenciatura,html,2,6,19,Atividade Extensionista - Anatomia e Fisiologia,
educacao-fisica-licenciatura,Educação Física - Licenciatura,Semipresencial,EDFL_SEMI,https://sumare.edu.br/graduacao/semi/educacao-fisica-licenciatura,html,3,1,20,Bioquímica Básica,
educacao-fisica-licenciatura,Educação Física - Licenciatura,Semipresencial,EDFL_SEMI,https://sumare.edu.br/graduacao/semi/educacao-fisica-licenciatura,html,3,2,21,Estudo do Movimento: Cinesiologia,
educacao-fisica-licenciatura,Educação Física - Licenciatura,Semipresencial,EDFL_SEMI,https://sumare.edu.br/graduacao/semi/educacao-fisica-licenciatura,html,3,3,22,Estudo do Movimento: Fisiologia do Exercício,
educacao-fisica-licenciatura,Educação Física - Licenciatura,Semipresencial,EDFL_SEMI,https://sumare.edu.br/graduacao/semi/educacao-fisica-licenciatura,html,3,4,23,Manifestação da Ginástica,
educacao-fisica-licenciatura,Educação Física - Licenciatura,Semipresencial,EDFL_SEMI,https://sumare.edu.br/graduacao/semi/educacao-fisica-licenciatura,html,3,5,24,Psicologia da Educação e do Desenvolvimento,
educacao-fisica-licenciatura,Educação Física - Licenciatura,Semipresencial,EDFL_SEMI,https://sumare.edu.br/graduacao/semi/educacao-fisica-licenciatura,html,3,6,25,Atividade Extensionista - Cinesiologia,
educacao-fisica-licenciatura,Educação Física - Licenciatura,Semipresencial,EDFL_SEMI,https://sumare.edu.br/graduacao/semi/educacao-fisica-licenciatura,html,4,1,26,Basquetebol,
educacao-fisica-licenciatura,Educação Física - Licenciatura,Semipresencial,EDFL_SEMI,https://sumare.edu.br/graduacao/semi/educacao-fisica-licenciatura,html,4,2,27,Futebol e Futsal,
educacao-fisica-licenciatura,Educação Física - Licenciatura,Semipresencial,EDFL_SEMI,https://sumare.edu.br/graduacao/semi/educacao-fisica-licenciatura,html,4,3,28,Handebol,
educacao-fisica-licenciatura,Educação Física - Licenciatura,Semipresencial,EDFL_SEMI,https://sumare.edu.br/graduacao/semi/educacao-fisica-licenciatura,html,4,4,29,Voleibol,
educacao-fisica-licenciatura,Educação Física - Licenciatura,Semipresencial,EDFL_SEMI,https://sumare.edu.br/graduacao/semi/educacao-fisica-licenciatura,html,4,5,30,Educação de Jovens e Adultos - EJA,
educacao-fisica-licenciatura,Educação Física - Licenciatura,Semipresencial,EDFL_SEMI,https://sumare.edu.br/graduacao/semi/educacao-fisica-licenciatura,html,4,6,31,Atividade Extensionista - Esportes Coletivos,
educacao-fisica-licenciatura,Educação Física - Licenciatura,Semipresencial,EDFL_SEMI,https://sumare.edu.br/graduacao/semi/educacao-fisica-licenciatura,html,5,1,32,Estágio Supervisionado - Educação Física Licenciatura,
educacao-fisica-licenciatura,Educação Física - Licenciatura,Semipresencial,EDFL_SEMI,https://sumare.edu.br/graduacao/semi/educacao-fisica-licenciatura,html,5,2,33,Natação,
educacao-fisica-licenciatura,Educação Física - Licenciatura,Semipresencial,EDFL_SEMI,https://sumare.edu.br/graduacao/semi/educacao-fisica-licenciatura,html,5,3,34,Ritmo e Expressão Corporal,
educacao-fisica-licenciatura,Educação Física - Licenciatura,Semipresencial,EDFL_SEMI,https://sumare.edu.br/graduacao/semi/educacao-fisica-licenciatura,html,5,4,35,Introdução aos Proc. Educacionais e Pedagogia do Esporte,
educacao-fisica-licenciatura,Educação Física - Licenciatura,Semipresencial,EDFL_SEMI,https://sumare.edu.br/graduacao/semi/educacao-fisica-licenciatura,html,5,5,36,"Meio Ambiente, Diversidade, Ética e Temas Transversais na Educação Física Escolar",
educacao-fisica-licenciatura,Educação Física - Licenciatura,Semipresencial,EDFL_SEMI,https://sumare.edu.br/graduacao/semi/educacao-fisica-licenciatura,html,5,6,37,Avaliação da Aprendizagem,
educacao-fisica-licenciatura,Educação Física - Licenciatura,Semipresencial,EDFL_SEMI,https://sumare.edu.br/graduacao/semi/educacao-fisica-licenciatura,html,6,1,38,Produção Discursiva: Oralidade e Escrita no Ensino Superior,
educacao-fisica-licenciatura,Educação Física - Licenciatura,Semipresencial,EDFL_SEMI,https://sumare.edu.br/graduacao/semi/educacao-fisica-licenciatura,html,6,2,39,Educação Física na Educação Infantil: Prática Docente,
educacao-fisica-licenciatura,Educação Física - Licenciatura,Semipresencial,EDFL_SEMI,https://sumare.edu.br/graduacao/semi/educacao-fisica-licenciatura,html,6,3,40,Educação Física nos Primeiros Anos Ensino Fundamental: Prática Docente,
educacao-fisica-licenciatura,Educação Física - Licenciatura,Semipresencial,EDFL_SEMI,https://sumare.edu.br/graduacao/semi/educacao-fisica-licenciatura,html,6,4,41,Educação Física para Ensino Médio,
educacao-fisica-licenciatura,Educação Física - Licenciatura,Semipresencial,EDFL_SEMI,https://sumare.edu.br/graduacao/semi/educacao-fisica-licenciatura,html,7,1,42,Organização da Educação Básica e o Currículo,
educacao-fisica-licenciatura,Educação Física - Licenciatura,Semipresencial,EDFL_SEMI,https://sumare.edu.br/graduacao/semi/educacao-fisica-licenciatura,html,7,2,43,"Educação Inclusiva, Ética e Direitos Humanos",
educacao-fisica-licenciatura,Educação Física - Licenciatura,Semipresencial,EDFL_SEMI,https://sumare.edu.br/graduacao/semi/educacao-fisica-licenciatura,html,7,3,44,Língua Brasileira de Sinais - LIBRAS,
educacao-fisica-licenciatura,Educação Física - Licenciatura,Semipresencial,EDFL_SEMI,https://sumare.edu.br/graduacao/semi/educacao-fisica-licenciatura,html,7,4,45,Educação Física Inclusiva e Esportes Adaptados,
educacao-fisica-licenciatura,Educação Física - Licenciatura,Semipresencial,EDFL_SEMI,https://sumare.edu.br/graduacao/semi/educacao-fisica-licenciatura,html,8,1,46,Fundamentos da Interdisciplinaridade,
educacao-fisica-licenciatura,Educação Física - Licenciatura,Semipresencial,EDFL_SEMI,https://sumare.edu.br/graduacao/semi/educacao-fisica-licenciatura,html,8,2,47,"Sociedade, Cultura e Cidadania",
educacao-fisica-licenciatura,Educação Física - Licenciatura,Semipresencial,EDFL_SEMI,https://sumare.edu.br/graduacao/semi/educacao-fisica-licenciatura,html,8,3,48,Trabalho de Conclusão de Curso,
engenharia-civil,Engenharia Civil,EAD,ENGC_EAD,https://sumare.edu.br/graduacao/ead/engenharia-civil,html,1,1,1,Bem-Vindo ao AVA Sumaré,"As disciplinas de cada curso da Sumaré são concebidas pelo NDE (Núcleo Docente Estruturante), que é composto por professores com notório saber, que além da DCN (Diretrizes Curriculares Nacionais) de cada curso, levam em consideração as pautas mais importantes do mercado de trabalho, ou seja, o que você aprende na Sumaré você usa na prática!"
engenharia-civil,Engenharia Civil,EAD,ENGC_EAD,https://sumare.edu.br/graduacao/ead/engenharia-civil,html,1,2,2,Conheça seu Tutor,
engenharia-civil,Engenharia Civil,EAD,ENGC_EAD,https://sumare.edu.br/graduacao/ead/engenharia-civil,html,1,3,3,Conheça seu curso - Engenharia Civil,
engenharia-civil,Engenharia Civil,EAD,ENGC_EAD,https://sumare.edu.br/graduacao/ead/engenharia-civil,html,1,4,4,Raciocínio Lógico Matemático,
engenharia-civil,Engenharia Civil,EAD,ENGC_EAD,https://sumare.edu.br/graduacao/ead/engenharia-civil,html,1,5,5,Física Cinemática,
engenharia-civil,Engenharia Civil,EAD,ENGC_EAD,https://sumare.edu.br/graduacao/ead/engenharia-civil,html,1,6,6,Algoritmos e Noções de Programação,
engenharia-civil,Engenharia Civil,EAD,ENGC_EAD,https://sumare.edu.br/graduacao/ead/engenharia-civil,html,1,7,7,Leitura e Interpretação de Textos,
engenharia-civil,Engenharia Civil,EAD,ENGC_EAD,https://sumare.edu.br/graduacao/ead/engenharia-civil,html,1,8,8,Atividade Extensionista - Lógica na Engenharia,
engenharia-civil,Engenharia Civil,EAD,ENGC_EAD,https://sumare.edu.br/graduacao/ead/engenharia-civil,html,1,9,9,Biblioteca Virtual,
engenharia-civil,Engenharia Civil,EAD,ENGC_EAD,https://sumare.edu.br/graduacao/ead/engenharia-civil,html,2,1,10,Física de Ondas e Calorimetria,
engenharia-civil,Engenharia Civil,EAD,ENGC_EAD,https://sumare.edu.br/graduacao/ead/engenharia-civil,html,2,2,11,Geometria Analítica e Álgebra Linear,
engenharia-civil,Engenharia Civil,EAD,ENGC_EAD,https://sumare.edu.br/graduacao/ead/engenharia-civil,html,2,3,12,Química Geral,
engenharia-civil,Engenharia Civil,EAD,ENGC_EAD,https://sumare.edu.br/graduacao/ead/engenharia-civil,html,2,4,13,Estudos Culturais e Antropológicos,
engenharia-civil,Engenharia Civil,EAD,ENGC_EAD,https://sumare.edu.br/graduacao/ead/engenharia-civil,html,2,5,14,Atividade Extensionista - Aplicações da Engenharia,
engenharia-civil,Engenharia Civil,EAD,ENGC_EAD,https://sumare.edu.br/graduacao/ead/engenharia-civil,html,3,1,15,Física Eletromagnética,
engenharia-civil,Engenharia Civil,EAD,ENGC_EAD,https://sumare.edu.br/graduacao/ead/engenharia-civil,html,3,2,16,Cálculo Diferencial e Integral,
engenharia-civil,Engenharia Civil,EAD,ENGC_EAD,https://sumare.edu.br/graduacao/ead/engenharia-civil,html,3,3,17,Cálculo Numérico e Estatístico,
engenharia-civil,Engenharia Civil,EAD,ENGC_EAD,https://sumare.edu.br/graduacao/ead/engenharia-civil,html,3,4,18,Atividade Extensionista - Aplicações de Cálculo,
engenharia-civil,Engenharia Civil,EAD,ENGC_EAD,https://sumare.edu.br/graduacao/ead/engenharia-civil,html,3,5,19,Empreendedorismo,
engenharia-civil,Engenharia Civil,EAD,ENGC_EAD,https://sumare.edu.br/graduacao/ead/engenharia-civil,html,4,1,20,Fenômenos de Transportes,
engenharia-civil,Engenharia Civil,EAD,ENGC_EAD,https://sumare.edu.br/graduacao/ead/engenharia-civil,html,4,2,21,Desenho Técnico,
engenharia-civil,Engenharia Civil,EAD,ENGC_EAD,https://sumare.edu.br/graduacao/ead/engenharia-civil,html,4,3,22,Ciências dos Materiais,
engenharia-civil,Engenharia Civil,EAD,ENGC_EAD,https://sumare.edu.br/graduacao/ead/engenharia-civil,html,4,4,23,Sociologia Industrial,
engenharia-civil,Engenharia Civil,EAD,ENGC_EAD,https://sumare.edu.br/graduacao/ead/engenharia-civil,html,4,5,24,Resistência dos Materiais,
engenharia-civil,Engenharia Civil,EAD,ENGC_EAD,https://sumare.edu.br/graduacao/ead/engenharia-civil,html,4,6,25,Atividade Extensionista - Resistência dos Materiais,
engenharia-civil,Engenharia Civil,EAD,ENGC_EAD,https://sumare.edu.br/graduacao/ead/engenharia-civil,html,5,1,26,Estágio Supervisionado - Arquitetura e Engenharia,
engenharia-civil,Engenharia Civil,EAD,ENGC_EAD,https://sumare.edu.br/graduacao/ead/engenharia-civil,html,5,2,27,Teoria das Estruturas,
engenharia-civil,Engenharia Civil,EAD,ENGC_EAD,https://sumare.edu.br/graduacao/ead/engenharia-civil,html,5,3,28,Mecânica dos Fluidos,
engenharia-civil,Engenharia Civil,EAD,ENGC_EAD,https://sumare.edu.br/graduacao/ead/engenharia-civil,html,5,4,29,Materiais de Construção Civil,
engenharia-civil,Engenharia Civil,EAD,ENGC_EAD,https://sumare.edu.br/graduacao/ead/engenharia-civil,html,5,5,30,Construção Civil,
engenharia-civil,Engenharia Civil,EAD,ENGC_EAD,https://sumare.edu.br/graduacao/ead/engenharia-civil,html,6,1,31,Topografia,
engenharia-civil,Engenharia Civil,EAD,ENGC_EAD,https://sumare.edu.br/graduacao/ead/engenharia-civil,html,6,2,32,Geotecnica I: Introdução,
engenharia-civil,Engenharia Civil,EAD,ENGC_EAD,https://sumare.edu.br/graduacao/ead/engenharia-civil,html,6,3,33,Geotecnia II: Aplicação,
engenharia-civil,Engenharia Civil,EAD,ENGC_EAD,https://sumare.edu.br/graduacao/ead/engenharia-civil,html,6,4,34,Concreto Armado,
engenharia-civil,Engenharia Civil,EAD,ENGC_EAD,https://sumare.edu.br/graduacao/ead/engenharia-civil,html,6,5,35,Gestão de Obras,
engenharia-civil,Engenharia Civil,EAD,ENGC_EAD,https://sumare.edu.br/graduacao/ead/engenharia-civil,html,7,1,36,Hidráulica,
engenharia-civil,Engenharia Civil,EAD,ENGC_EAD,https://sumare.edu.br/graduacao/ead/engenharia-civil,html,7,2,37,Saneamento: pluviais e sanitário,
engenharia-civil,Engenharia Civil,EAD,ENGC_EAD,https://sumare.edu.br/graduacao/ead/engenharia-civil,html,7,3,38,Sistemas prediais elétricos,
engenharia-civil,Engenharia Civil,EAD,ENGC_EAD,https://sumare.edu.br/graduacao/ead/engenharia-civil,html,7,4,39,Fundações,
engenharia-civil,Engenharia Civil,EAD,ENGC_EAD,https://sumare.edu.br/graduacao/ead/engenharia-civil,html,7,5,40,"Instalações hidrossanitárias, de gás e combate a incêndios",
engenharia-civil,Engenharia Civil,EAD,ENGC_EAD,https://sumare.edu.br/graduacao/ead/engenharia-civil,html,8,1,41,Planejamento e mobilidade urbanos,
engenharia-civil,Engenharia Civil,EAD,ENGC_EAD,https://sumare.edu.br/graduacao/ead/engenharia-civil,html,8,2,42,Análise Econômica de Investimentos,
engenharia-civil,Engenharia Civil,EAD,ENGC_EAD,https://sumare.edu.br/graduacao/ead/engenharia-civil,html,8,3,43,Estruturas Metálicas e de Madeira,
engenharia-civil,Engenharia Civil,EAD,ENGC_EAD,https://sumare.edu.br/graduacao/ead/engenharia-civil,html,8,4,44,Pontes e grandes estruturas,
engenharia-civil,Engenharia Civil,EAD,ENGC_EAD,https://sumare.edu.br/graduacao/ead/engenharia-civil,html,8,5,45,Projeto e construção de estradas e ferrovias,
engenharia-civil,Engenharia Civil,EAD,ENGC_EAD,https://sumare.edu.br/graduacao/ead/engenharia-civil,html,9,1,46,Trabalho de Conclusão de Curso : Projetos,
engenharia-civil,Engenharia Civil,EAD,ENGC_EAD,https://sumare.edu.br/graduacao/ead/engenharia-civil,html,9,2,47,Gestão Ambiental,
engenharia-civil,Engenharia Civil,EAD,ENGC_EAD,https://sumare.edu.br/graduacao/ead/engenharia-civil,html,9,3,48,Gestão de Projetos,
engenharia-civil,Engenharia Civil,EAD,ENGC_EAD,https://sumare.edu.br/graduacao/ead/engenharia-civil,html,10,1,49,Industria 4.0,
engenharia-civil,Engenharia Civil,EAD,ENGC_EAD,https://sumare.edu.br/graduacao/ead/engenharia-civil,html,10,2,50,Segurança do Trabalho e Saúde Ocupacional,
engenharia-civil,Engenharia Civil,EAD,ENGC_EAD,https://sumare.edu.br/graduacao/ead/engenharia-civil,html,10,3,51,Trabalho de Conclusão de Curso : Aplicação,
engenharia-civil,Engenharia Civil,Semipresencial,ENGC_SEMI,https://sumare.edu.br/graduacao/semi/engenharia-civil,html,1,1,1,Bem-Vindo ao AVA Sumaré,"As disciplinas de cada curso da Sumaré são concebidas pelo NDE (Núcleo Docente Estruturante), que é composto por professores com notório saber, que além da DCN (Diretrizes Curriculares Nacionais) de cada curso, levam em consideração as pautas mais importantes do mercado de trabalho, ou seja, o que você aprende na Sumaré você usa na prática!"
engenharia-civil,Engenharia Civil,Semipresencial,ENGC_SEMI,https://sumare.edu.br/graduacao/semi/engenharia-civil,html,1,2,2,Conheça seu Tutor,
engenharia-civil,Engenharia Civil,Semipresencial,ENGC_SEMI,https://sumare.edu.br/graduacao/semi/engenharia-civil,html,1,3,3,Conheça seu curso - Engenharia Civil Semipresencial,
engenharia-civil,Engenharia Civil,Semipresencial,ENGC_SEMI,https://sumare.edu.br/graduacao/semi/engenharia-civil,html,1,4,4,Raciocínio Lógico Matemático,
engenharia-civil,Engenharia Civil,Semipresencial,ENGC_SEMI,https://sumare.edu.br/graduacao/semi/engenharia-civil,html,1,5,5,Física Cinemática,
engenharia-civil,Engenharia Civil,Semipresencial,ENGC_SEMI,https://sumare.edu.br/graduacao/semi/engenharia-civil,html,1,6,6,Algoritmos e Noções de Programação,
engenharia-civil,Engenharia Civil,Semipresencial,ENGC_SEMI,https://sumare.edu.br/graduacao/semi/engenharia-civil,html,1,7,7,Leitura e Interpretação de Textos,
engenharia-civil,Engenharia Civil,Semipresencial,ENGC_SEMI,https://sumare.edu.br/graduacao/semi/engenharia-civil,html,1,8,8,Atividade Extensionista - Lógica na Engenharia,
engenharia-civil,Engenharia Civil,Semipresencial,ENGC_SEMI,https://sumare.edu.br/graduacao/semi/engenharia-civil,html,1,9,9,Biblioteca Virtual,
engenharia-civil,Engenharia Civil,Semipresencial,ENGC_SEMI,https://sumare.edu.br/graduacao/semi/engenharia-civil,html,2,1,10,Geometria Analítica e Álgebra Linear,
engenharia-civil,Engenharia Civil,Semipresencial,ENGC_SEMI,https://sumare.edu.br/graduacao/semi/engenharia-civil,html,2,2,11,Física de Ondas e Calorimetria,
engenharia-civil,Engenharia Civil,Semipresencial,ENGC_SEMI,https://sumare.edu.br/graduacao/semi/engenharia-civil,html,2,3,12,Química Geral,
engenharia-civil,Engenharia Civil,Semipresencial,ENGC_SEMI,https://sumare.edu.br/graduacao/semi/engenharia-civil,html,2,4,13,Estudos Culturais e Antropológicos,
engenharia-civil,Engenharia Civil,Semipresencial,ENGC_SEMI,https://sumare.edu.br/graduacao/semi/engenharia-civil,html,2,5,14,Atividade Extensionista - Aplicações da Engenharia,
engenharia-civil,Engenharia Civil,Semipresencial,ENGC_SEMI,https://sumare.edu.br/graduacao/semi/engenharia-civil,html,3,1,15,Cálculo Diferencial e Integral,
engenharia-civil,Engenharia Civil,Semipresencial,ENGC_SEMI,https://sumare.edu.br/graduacao/semi/engenharia-civil,html,3,2,16,Cálculo Numérico e Estatístico,
engenharia-civil,Engenharia Civil,Semipresencial,ENGC_SEMI,https://sumare.edu.br/graduacao/semi/engenharia-civil,html,3,3,17,Física Eletromagnética,
engenharia-civil,Engenharia Civil,Semipresencial,ENGC_SEMI,https://sumare.edu.br/graduacao/semi/engenharia-civil,html,3,4,18,Empreendedorismo,
engenharia-civil,Engenharia Civil,Semipresencial,ENGC_SEMI,https://sumare.edu.br/graduacao/semi/engenharia-civil,html,3,5,19,Atividade Extensionista - Aplicações de Cálculo,
engenharia-civil,Engenharia Civil,Semipresencial,ENGC_SEMI,https://sumare.edu.br/graduacao/semi/engenharia-civil,html,4,1,20,Desenho Técnico,
engenharia-civil,Engenharia Civil,Semipresencial,ENGC_SEMI,https://sumare.edu.br/graduacao/semi/engenharia-civil,html,4,2,21,Resistência dos Materiais,
engenharia-civil,Engenharia Civil,Semipresencial,ENGC_SEMI,https://sumare.edu.br/graduacao/semi/engenharia-civil,html,4,3,22,Fenômenos de Transportes,
engenharia-civil,Engenharia Civil,Semipresencial,ENGC_SEMI,https://sumare.edu.br/graduacao/semi/engenharia-civil,html,4,4,23,Ciências dos Materiais,
engenharia-civil,Engenharia Civil,Semipresencial,ENGC_SEMI,https://sumare.edu.br/graduacao/semi/engenharia-civil,html,4,5,24,Sociologia Industrial,
engenharia-civil,Engenharia Civil,Semipresencial,ENGC_SEMI,https://sumare.edu.br/graduacao/semi/engenharia-civil,html,4,6,25,Atividade Extensionista - Resistência dos Materiais,
engenharia-civil,Engenharia Civil,Semipresencial,ENGC_SEMI,https://sumare.edu.br/graduacao/semi/engenharia-civil,html,5,1,26,Estágio Supervisionado - Arquitetura e Engenharia,
engenharia-civil,Engenharia Civil,Semipresencial,ENGC_SEMI,https://sumare.edu.br/graduacao/semi/engenharia-civil,html,5,2,27,Mecânica dos Fluidos,
engenharia-civil,Engenharia Civil,Semipresencial,ENGC_SEMI,https://sumare.edu.br/graduacao/semi/engenharia-civil,html,5,3,28,Teoria das Estruturas,
engenharia-civil,Engenharia Civil,Semipresencial,ENGC_SEMI,https://sumare.edu.br/graduacao/semi/engenharia-civil,html,5,4,29,Materiais de Construção Civil,
engenharia-civil,Engenharia Civil,Semipresencial,ENGC_SEMI,https://sumare.edu.br/graduacao/semi/engenharia-civil,html,5,5,30,Construção Civil,
engenharia-civil,Engenharia Civil,Semipresencial,ENGC_SEMI,https://sumare.edu.br/graduacao/semi/engenharia-civil,html,5,6,31,Atividade Extensionista - Construção Civil,
engenharia-civil,Engenharia Civil,Semipresencial,ENGC_SEMI,https://sumare.edu.br/graduacao/semi/engenharia-civil,html,6,1,32,Geotecnica I: Introdução,
engenharia-civil,Engenharia Civil,Semipresencial,ENGC_SEMI,https://sumare.edu.br/graduacao/semi/engenharia-civil,html,6,2,33,Geotecnia II: Aplicação,
engenharia-civil,Engenharia Civil,Semipresencial,ENGC_SEMI,https://sumare.edu.br/graduacao/semi/engenharia-civil,html,6,3,34,Topografia,
engenharia-civil,Engenharia Civil,Semipresencial,ENGC_SEMI,https://sumare.edu.br/graduacao/semi/engenharia-civil,html,6,4,35,Concreto Armado I,
engenharia-civil,Engenharia Civil,Semipresencial,ENGC_SEMI,https://sumare.edu.br/graduacao/semi/engenharia-civil,html,6,5,36,Gestão de Obras,
engenharia-civil,Engenharia Civil,Semipresencial,ENGC_SEMI,https://sumare.edu.br/graduacao/semi/engenharia-civil,html,6,6,37,Atividade Extensionista - Geotecnica,
engenharia-civil,Engenharia Civil,Semipresencial,ENGC_SEMI,https://sumare.edu.br/graduacao/semi/engenharia-civil,html,7,1,38,Pontes e Grandes Estruturas,
engenharia-civil,Engenharia Civil,Semipresencial,ENGC_SEMI,https://sumare.edu.br/graduacao/semi/engenharia-civil,html,7,2,39,Estruturas Metálicas e de Madeira,
engenharia-civil,Engenharia Civil,Semipresencial,ENGC_SEMI,https://sumare.edu.br/graduacao/semi/engenharia-civil,html,7,3,40,Projeto e Construção de Estradas e Ferrovias,
engenharia-civil,Engenharia Civil,Semipresencial,ENGC_SEMI,https://sumare.edu.br/graduacao/semi/engenharia-civil,html,7,4,41,Concreto Armado II,
engenharia-civil,Engenharia Civil,Semipresencial,ENGC_SEMI,https://sumare.edu.br/graduacao/semi/engenharia-civil,html,7,5,42,Análise Econômica de Investimentos,
engenharia-civil,Engenharia Civil,Semipresencial,ENGC_SEMI,https://sumare.edu.br/graduacao/semi/engenharia-civil,html,7,6,43,Atividade Extensionista - Grandes Estruturas,
engenharia-civil,Engenharia Civil,Semipresencial,ENGC_SEMI,https://sumare.edu.br/graduacao/semi/engenharia-civil,html,8,1,44,Fundações,
engenharia-civil,Engenharia Civil,Semipresencial,ENGC_SEMI,https://sumare.edu.br/graduacao/semi/engenharia-civil,html,8,2,45,Hidráulica,
engenharia-civil,Engenharia Civil,Semipresencial,ENGC_SEMI,https://sumare.edu.br/graduacao/semi/engenharia-civil,html,8,3,46,Saneamento: Pluviais e Sanitário,
engenharia-civil,Engenharia Civil,Semipresencial,ENGC_SEMI,https://sumare.edu.br/graduacao/semi/engenharia-civil,html,8,4,47,"Instalações Hidrossanitárias, de Gás e Combate a Incêndios",
engenharia-civil,Engenharia Civil,Semipresencial,ENGC_SEMI,https://sumare.edu.br/graduacao/semi/engenharia-civil,html,8,5,48,Sistemas Prediais Elétricos,
engenharia-civil,Engenharia Civil,Semipresencial,ENGC_SEMI,https://sumare.edu.br/graduacao/semi/engenharia-civil,html,8,6,49,Atividade Extensionista - Hidráulica,
engenharia-civil,Engenharia Civil,Semipresencial,ENGC_SEMI,https://sumare.edu.br/graduacao/semi/engenharia-civil,html,9,1,50,Trabalho de Conclusão de Curso : Projetos,
engenharia-civil,Engenharia Civil,Semipresencial,ENGC_SEMI,https://sumare.edu.br/graduacao/semi/engenharia-civil,html,9,2,51,Gestão de Projetos,
engenharia-civil,Engenharia Civil,Semipresencial,ENGC_SEMI,https://sumare.edu.br/graduacao/semi/engenharia-civil,html,9,3,52,Gestão Ambiental,
engenharia-civil,Engenharia Civil,Semipresencial,ENGC_SEMI,https://sumare.edu.br/graduacao/semi/engenharia-civil,html,9,4,53,Atividade Extensionista - Gestão de Projetos,
engenharia-civil,Engenharia Civil,Semipresencial,ENGC_SEMI,https://sumare.edu.br/graduacao/semi/engenharia-civil,html,10,1,54,Trabalho de Conclusão de Curso : Aplicação,
engenharia-civil,Engenharia Civil,Semipresencial,ENGC_SEMI,https://sumare.edu.br/graduacao/semi/engenharia-civil,html,10,2,55,Segurança do Trabalho e Saúde Ocupacional,
engenharia-civil,Engenharia Civil,Semipresencial,ENGC_SEMI,https://sumare.edu.br/graduacao/semi/engenharia-civil,html,10,3,56,Industria 4.0,
engenharia-de-producao,Engenharia de Produção,EAD,ENGP_EAD,https://sumare.edu.br/graduacao/ead/engenharia-de-producao,html,1,1,1,Bem-Vindo ao AVA Sumaré,"As disciplinas de cada curso da Sumaré são concebidas pelo NDE (Núcleo Docente Estruturante), que é composto por professores com notório saber, que além da DCN (Diretrizes Curriculares Nacionais) de cada curso, levam em consideração as pautas mais importantes do mercado de trabalho, ou seja, o que você aprende na Sumaré você usa na prática!"
engenharia-de-producao,Engenharia de Produção,EAD,ENGP_EAD,https://sumare.edu.br/graduacao/ead/engenharia-de-producao,html,1,2,2,Conheça seu Tutor,
engenharia-de-producao,Engenharia de Produção,EAD,ENGP_EAD,https://sumare.edu.br/graduacao/ead/engenharia-de-producao,html,1,3,3,Conheça seu curso - Engenharia de Produção,
engenharia-de-producao,Engenharia de Produção,EAD,ENGP_EAD,https://sumare.edu.br/graduacao/ead/engenharia-de-producao,html,1,4,4,Raciocínio Lógico Matemático,
engenharia-de-producao,Engenharia de Produção,EAD,ENGP_EAD,https://sumare.edu.br/graduacao/ead/engenharia-de-producao,html,1,5,5,Física Cinemática,
engenharia-de-producao,Engenharia de Produção,EAD,ENGP_EAD,https://sumare.edu.br/graduacao/ead/engenharia-de-producao,html,1,6,6,Algoritmos e Noções de Programação,
engenharia-de-producao,Engenharia de Produção,EAD,ENGP_EAD,https://sumare.edu.br/graduacao/ead/engenharia-de-producao,html,1,7,7,Leitura e Interpretação de Textos,
engenharia-de-producao,Engenharia de Produção,EAD,ENGP_EAD,https://sumare.edu.br/graduacao/ead/engenharia-de-producao,html,1,8,8,Atividade Extensionista - Lógica na Engenharia,
engenharia-de-producao,Engenharia de Produção,EAD,ENGP_EAD,https://sumare.edu.br/graduacao/ead/engenharia-de-producao,html,1,9,9,Biblioteca Virtual,
engenharia-de-producao,Engenharia de Produção,EAD,ENGP_EAD,https://sumare.edu.br/graduacao/ead/engenharia-de-producao,html,2,1,10,Física de Ondas e Calorimetria,
engenharia-de-producao,Engenharia de Produção,EAD,ENGP_EAD,https://sumare.edu.br/graduacao/ead/engenharia-de-producao,html,2,2,11,Geometria Analítica e Álgebra Linear,
engenharia-de-producao,Engenharia de Produção,EAD,ENGP_EAD,https://sumare.edu.br/graduacao/ead/engenharia-de-producao,html,2,3,12,Química Geral,
engenharia-de-producao,Engenharia de Produção,EAD,ENGP_EAD,https://sumare.edu.br/graduacao/ead/engenharia-de-producao,html,2,4,13,Estudos Culturais e Antropológicos,
engenharia-de-producao,Engenharia de Produção,EAD,ENGP_EAD,https://sumare.edu.br/graduacao/ead/engenharia-de-producao,html,2,5,14,Atividade Extensionista - Aplicações da Engenharia,
engenharia-de-producao,Engenharia de Produção,EAD,ENGP_EAD,https://sumare.edu.br/graduacao/ead/engenharia-de-producao,html,3,1,15,Física Eletromagnética,
engenharia-de-producao,Engenharia de Produção,EAD,ENGP_EAD,https://sumare.edu.br/graduacao/ead/engenharia-de-producao,html,3,2,16,Cálculo Diferencial e Integral,
engenharia-de-producao,Engenharia de Produção,EAD,ENGP_EAD,https://sumare.edu.br/graduacao/ead/engenharia-de-producao,html,3,3,17,Cálculo Numérico e Estatístico,
engenharia-de-producao,Engenharia de Produção,EAD,ENGP_EAD,https://sumare.edu.br/graduacao/ead/engenharia-de-producao,html,3,4,18,Atividade Extensionista - Aplicações de Cálculo,
engenharia-de-producao,Engenharia de Produção,EAD,ENGP_EAD,https://sumare.edu.br/graduacao/ead/engenharia-de-producao,html,3,5,19,Empreendedorismo,
engenharia-de-producao,Engenharia de Produção,EAD,ENGP_EAD,https://sumare.edu.br/graduacao/ead/engenharia-de-producao,html,4,1,20,Fenômenos de Transportes,
engenharia-de-producao,Engenharia de Produção,EAD,ENGP_EAD,https://sumare.edu.br/graduacao/ead/engenharia-de-producao,html,4,2,21,Desenho Técnico,
engenharia-de-producao,Engenharia de Produção,EAD,ENGP_EAD,https://sumare.edu.br/graduacao/ead/engenharia-de-producao,html,4,3,22,Ciências dos Materiais,
engenharia-de-producao,Engenharia de Produção,EAD,ENGP_EAD,https://sumare.edu.br/graduacao/ead/engenharia-de-producao,html,4,4,23,Sociologia Industrial,
engenharia-de-producao,Engenharia de Produção,EAD,ENGP_EAD,https://sumare.edu.br/graduacao/ead/engenharia-de-producao,html,4,5,24,Resistência dos Materiais,
engenharia-de-producao,Engenharia de Produção,EAD,ENGP_EAD,https://sumare.edu.br/graduacao/ead/engenharia-de-producao,html,4,6,25,Atividade Extensionista - Resistência dos Materiais,
engenharia-de-producao,Engenharia de Produção,EAD,ENGP_EAD,https://sumare.edu.br/graduacao/ead/engenharia-de-producao,html,5,1,26,Estágio Supervisionado - Arquitetura e Engenharia,
engenharia-de-producao,Engenharia de Produção,EAD,ENGP_EAD,https://sumare.edu.br/graduacao/ead/engenharia-de-producao,html,5,2,27,Engenharia de Produto,
engenharia-de-producao,Engenharia de Produção,EAD,ENGP_EAD,https://sumare.edu.br/graduacao/ead/engenharia-de-producao,html,5,3,28,Sistemas de Produção,
engenharia-de-producao,Engenharia de Produção,EAD,ENGP_EAD,https://sumare.edu.br/graduacao/ead/engenharia-de-producao,html,5,4,29,Controle Estatístico de Processos,
engenharia-de-producao,Engenharia de Produção,EAD,ENGP_EAD,https://sumare.edu.br/graduacao/ead/engenharia-de-producao,html,5,5,30,"Engenharia de qualidade, normalização e certificação",
engenharia-de-producao,Engenharia de Produção,EAD,ENGP_EAD,https://sumare.edu.br/graduacao/ead/engenharia-de-producao,html,6,1,31,Pesquisa Operacional,
engenharia-de-producao,Engenharia de Produção,EAD,ENGP_EAD,https://sumare.edu.br/graduacao/ead/engenharia-de-producao,html,6,2,32,Engenharia de Métodos,
engenharia-de-producao,Engenharia de Produção,EAD,ENGP_EAD,https://sumare.edu.br/graduacao/ead/engenharia-de-producao,html,6,3,33,Gestão dos custos industriais,
engenharia-de-producao,Engenharia de Produção,EAD,ENGP_EAD,https://sumare.edu.br/graduacao/ead/engenharia-de-producao,html,6,4,34,Processos de fabricação,
engenharia-de-producao,Engenharia de Produção,EAD,ENGP_EAD,https://sumare.edu.br/graduacao/ead/engenharia-de-producao,html,6,5,35,Gestão da tecnologia e sistemas de informação gerenciais,
engenharia-de-producao,Engenharia de Produção,EAD,ENGP_EAD,https://sumare.edu.br/graduacao/ead/engenharia-de-producao,html,7,1,36,Comportamento Humano nas Organizações,
engenharia-de-producao,Engenharia de Produção,EAD,ENGP_EAD,https://sumare.edu.br/graduacao/ead/engenharia-de-producao,html,7,2,37,Metrologia,
engenharia-de-producao,Engenharia de Produção,EAD,ENGP_EAD,https://sumare.edu.br/graduacao/ead/engenharia-de-producao,html,7,3,38,Engenharia de manutenção e confiabilidade,
engenharia-de-producao,Engenharia de Produção,EAD,ENGP_EAD,https://sumare.edu.br/graduacao/ead/engenharia-de-producao,html,7,4,39,Planejamento e Controle da Produção,
engenharia-de-producao,Engenharia de Produção,EAD,ENGP_EAD,https://sumare.edu.br/graduacao/ead/engenharia-de-producao,html,8,1,40,Gestão de Pessoas,
engenharia-de-producao,Engenharia de Produção,EAD,ENGP_EAD,https://sumare.edu.br/graduacao/ead/engenharia-de-producao,html,8,2,41,Análise Econômica de Investimentos,
engenharia-de-producao,Engenharia de Produção,EAD,ENGP_EAD,https://sumare.edu.br/graduacao/ead/engenharia-de-producao,html,8,3,42,Automação industrial e sistemas de manufatura,
engenharia-de-producao,Engenharia de Produção,EAD,ENGP_EAD,https://sumare.edu.br/graduacao/ead/engenharia-de-producao,html,8,4,43,Projeto de fábrica e layout,
engenharia-de-producao,Engenharia de Produção,EAD,ENGP_EAD,https://sumare.edu.br/graduacao/ead/engenharia-de-producao,html,8,5,44,Logística e suprimentos,
engenharia-de-producao,Engenharia de Produção,EAD,ENGP_EAD,https://sumare.edu.br/graduacao/ead/engenharia-de-producao,html,9,1,45,Trabalho de Conclusão de Curso : Projetos,
engenharia-de-producao,Engenharia de Produção,EAD,ENGP_EAD,https://sumare.edu.br/graduacao/ead/engenharia-de-producao,html,9,2,46,Gestão Ambiental,
engenharia-de-producao,Engenharia de Produção,EAD,ENGP_EAD,https://sumare.edu.br/graduacao/ead/engenharia-de-producao,html,9,3,47,Gestão de Projetos,
engenharia-de-producao,Engenharia de Produção,EAD,ENGP_EAD,https://sumare.edu.br/graduacao/ead/engenharia-de-producao,html,10,1,48,Industria 4.0,
engenharia-de-producao,Engenharia de Produção,EAD,ENGP_EAD,https://sumare.edu.br/graduacao/ead/engenharia-de-producao,html,10,2,49,Segurança do Trabalho e Saúde Ocupacional,
engenharia-de-producao,Engenharia de Produção,EAD,ENGP_EAD,https://sumare.edu.br/graduacao/ead/engenharia-de-producao,html,10,3,50,Trabalho de Conclusão de Curso : Aplicação,
engenharia-de-producao,Engenharia de Produção,Semipresencial,ENGP_SEMI,https://sumare.edu.br/graduacao/semi/engenharia-de-producao,html,1,1,1,Bem-Vindo ao AVA Sumaré,"As disciplinas de cada curso da Sumaré são concebidas pelo NDE (Núcleo Docente Estruturante), que é composto por professores com notório saber, que além da DCN (Diretrizes Curriculares Nacionais) de cada curso, levam em consideração as pautas mais importantes do mercado de trabalho, ou seja, o que você aprende na Sumaré você usa na prática!"
engenharia-de-producao,Engenharia de Produção,Semipresencial,ENGP_SEMI,https://sumare.edu.br/graduacao/semi/engenharia-de-producao,html,1,2,2,Conheça seu Tutor,
engenharia-de-producao,Engenharia de Produção,Semipresencial,ENGP_SEMI,https://sumare.edu.br/graduacao/semi/engenharia-de-producao,html,1,3,3,Conheça seu curso - Engenharia de Produção Semipresencial,
engenharia-de-producao,Engenharia de Produção,Semipresencial,ENGP_SEMI,https://sumare.edu.br/graduacao/semi/engenharia-de-producao,html,1,4,4,Raciocínio Lógico Matemático,
engenharia-de-producao,Engenharia de Produção,Semipresencial,ENGP_SEMI,https://sumare.edu.br/graduacao/semi/engenharia-de-producao,html,1,5,5,Física Cinemática,
engenharia-de-producao,Engenharia de Produção,Semipresencial,ENGP_SEMI,https://sumare.edu.br/graduacao/semi/engenharia-de-producao,html,1,6,6,Algoritmos e Noções de Programação,
engenharia-de-producao,Engenharia de Produção,Semipresencial,ENGP_SEMI,https://sumare.edu.br/graduacao/semi/engenharia-de-producao,html,1,7,7,Leitura e Interpretação de Textos,
engenharia-de-producao,Engenharia de Produção,Semipresencial,ENGP_SEMI,https://sumare.edu.br/graduacao/semi/engenharia-de-producao,html,1,8,8,Atividade Extensionista - Lógica na Engenharia,
engenharia-de-producao,Engenharia de Produção,Semipresencial,ENGP_SEMI,https://sumare.edu.br/graduacao/semi/engenharia-de-producao,html,1,9,9,Biblioteca Virtual,
engenharia-de-producao,Engenharia de Produção,Semipresencial,ENGP_SEMI,https://sumare.edu.br/graduacao/semi/engenharia-de-producao,html,2,1,10,Geometria Analítica e Álgebra Linear,
engenharia-de-producao,Engenharia de Produção,Semipresencial,ENGP_SEMI,https://sumare.edu.br/graduacao/semi/engenharia-de-producao,html,2,2,11,Física de Ondas e Calorimetria,
engenharia-de-producao,Engenharia de Produção,Semipresencial,ENGP_SEMI,https://sumare.edu.br/graduacao/semi/engenharia-de-producao,html,2,3,12,Química Geral,
engenharia-de-producao,Engenharia de Produção,Semipresencial,ENGP_SEMI,https://sumare.edu.br/graduacao/semi/engenharia-de-producao,html,2,4,13,Estudos Culturais e Antropológicos,
engenharia-de-producao,Engenharia de Produção,Semipresencial,ENGP_SEMI,https://sumare.edu.br/graduacao/semi/engenharia-de-producao,html,2,5,14,Atividade Extensionista - Aplicações da Engenharia,
engenharia-de-producao,Engenharia de Produção,Semipresencial,ENGP_SEMI,https://sumare.edu.br/graduacao/semi/engenharia-de-producao,html,3,1,15,Cálculo Diferencial e Integral,
engenharia-de-producao,Engenharia de Produção,Semipresencial,ENGP_SEMI,https://sumare.edu.br/graduacao/semi/engenharia-de-producao,html,3,2,16,Cálculo Numérico e Estatístico,
engenharia-de-producao,Engenharia de Produção,Semipresencial,ENGP_SEMI,https://sumare.edu.br/graduacao/semi/engenharia-de-producao,html,3,3,17,Física Eletromagnética,
engenharia-de-producao,Engenharia de Produção,Semipresencial,ENGP_SEMI,https://sumare.edu.br/graduacao/semi/engenharia-de-producao,html,3,4,18,Empreendedorismo,
engenharia-de-producao,Engenharia de Produção,Semipresencial,ENGP_SEMI,https://sumare.edu.br/graduacao/semi/engenharia-de-producao,html,3,5,19,Atividade Extensionista - Aplicações de Cálculo,
engenharia-de-producao,Engenharia de Produção,Semipresencial,ENGP_SEMI,https://sumare.edu.br/graduacao/semi/engenharia-de-producao,html,4,1,20,Desenho Técnico,
engenharia-de-producao,Engenharia de Produção,Semipresencial,ENGP_SEMI,https://sumare.edu.br/graduacao/semi/engenharia-de-producao,html,4,2,21,Resistência dos Materiais,
engenharia-de-producao,Engenharia de Produção,Semipresencial,ENGP_SEMI,https://sumare.edu.br/graduacao/semi/engenharia-de-producao,html,4,3,22,Fenômenos de Transportes,
engenharia-de-producao,Engenharia de Produção,Semipresencial,ENGP_SEMI,https://sumare.edu.br/graduacao/semi/engenharia-de-producao,html,4,4,23,Ciências dos Materiais,
engenharia-de-producao,Engenharia de Produção,Semipresencial,ENGP_SEMI,https://sumare.edu.br/graduacao/semi/engenharia-de-producao,html,4,5,24,Sociologia Industrial,
engenharia-de-producao,Engenharia de Produção,Semipresencial,ENGP_SEMI,https://sumare.edu.br/graduacao/semi/engenharia-de-producao,html,4,6,25,Atividade Extensionista - Resistência dos Materiais,
engenharia-de-producao,Engenharia de Produção,Semipresencial,ENGP_SEMI,https://sumare.edu.br/graduacao/semi/engenharia-de-producao,html,5,1,26,Estágio Supervisionado - Arquitetura e Engenharia,
engenharia-de-producao,Engenharia de Produção,Semipresencial,ENGP_SEMI,https://sumare.edu.br/graduacao/semi/engenharia-de-producao,html,5,2,27,Sistemas de Produção,
engenharia-de-producao,Engenharia de Produção,Semipresencial,ENGP_SEMI,https://sumare.edu.br/graduacao/semi/engenharia-de-producao,html,5,3,28,Engenharia de Produto,
engenharia-de-producao,Engenharia de Produção,Semipresencial,ENGP_SEMI,https://sumare.edu.br/graduacao/semi/engenharia-de-producao,html,5,4,29,Controle Estatístico de Processos,
engenharia-de-producao,Engenharia de Produção,Semipresencial,ENGP_SEMI,https://sumare.edu.br/graduacao/semi/engenharia-de-producao,html,5,5,30,"Engenharia de Qualidade, Normalização e Certificação",
engenharia-de-producao,Engenharia de Produção,Semipresencial,ENGP_SEMI,https://sumare.edu.br/graduacao/semi/engenharia-de-producao,html,5,6,31,Atividade Extensionista - Engenharia de Qualidade,
engenharia-de-producao,Engenharia de Produção,Semipresencial,ENGP_SEMI,https://sumare.edu.br/graduacao/semi/engenharia-de-producao,html,6,1,32,Pesquisa Operacional,
engenharia-de-producao,Engenharia de Produção,Semipresencial,ENGP_SEMI,https://sumare.edu.br/graduacao/semi/engenharia-de-producao,html,6,2,33,Engenharia de Métodos,
engenharia-de-producao,Engenharia de Produção,Semipresencial,ENGP_SEMI,https://sumare.edu.br/graduacao/semi/engenharia-de-producao,html,6,3,34,Gestão dos Custos Industriais,
engenharia-de-producao,Engenharia de Produção,Semipresencial,ENGP_SEMI,https://sumare.edu.br/graduacao/semi/engenharia-de-producao,html,6,4,35,Processos de Fabricação,
engenharia-de-producao,Engenharia de Produção,Semipresencial,ENGP_SEMI,https://sumare.edu.br/graduacao/semi/engenharia-de-producao,html,6,5,36,Gestão da Tecnologia e Sistemas de Informação Gerenciais,
engenharia-de-producao,Engenharia de Produção,Semipresencial,ENGP_SEMI,https://sumare.edu.br/graduacao/semi/engenharia-de-producao,html,6,6,37,Atividade Extensionista - Gestão de Custos Industriais,
engenharia-de-producao,Engenharia de Produção,Semipresencial,ENGP_SEMI,https://sumare.edu.br/graduacao/semi/engenharia-de-producao,html,7,1,38,Metrologia,
engenharia-de-producao,Engenharia de Produção,Semipresencial,ENGP_SEMI,https://sumare.edu.br/graduacao/semi/engenharia-de-producao,html,7,2,39,Engenharia de Manutenção e Confiabilidade,
engenharia-de-producao,Engenharia de Produção,Semipresencial,ENGP_SEMI,https://sumare.edu.br/graduacao/semi/engenharia-de-producao,html,7,3,40,Planejamento e Controle da Produção,
engenharia-de-producao,Engenharia de Produção,Semipresencial,ENGP_SEMI,https://sumare.edu.br/graduacao/semi/engenharia-de-producao,html,7,4,41,Comportamento Humano nas Organizações,
engenharia-de-producao,Engenharia de Produção,Semipresencial,ENGP_SEMI,https://sumare.edu.br/graduacao/semi/engenharia-de-producao,html,7,5,42,Sistemas de Controle,
engenharia-de-producao,Engenharia de Produção,Semipresencial,ENGP_SEMI,https://sumare.edu.br/graduacao/semi/engenharia-de-producao,html,7,6,43,Atividade Extensionista - Planejamento e Controle de Produção,
engenharia-de-producao,Engenharia de Produção,Semipresencial,ENGP_SEMI,https://sumare.edu.br/graduacao/semi/engenharia-de-producao,html,8,1,44,Análise Econômica de Investimentos,
engenharia-de-producao,Engenharia de Produção,Semipresencial,ENGP_SEMI,https://sumare.edu.br/graduacao/semi/engenharia-de-producao,html,8,2,45,Automação Industrial e Sistemas de Manufatura,
engenharia-de-producao,Engenharia de Produção,Semipresencial,ENGP_SEMI,https://sumare.edu.br/graduacao/semi/engenharia-de-producao,html,8,3,46,Projeto de Fábrica e Layout,
engenharia-de-producao,Engenharia de Produção,Semipresencial,ENGP_SEMI,https://sumare.edu.br/graduacao/semi/engenharia-de-producao,html,8,4,47,Logística e Suprimentos,
engenharia-de-producao,Engenharia de Produção,Semipresencial,ENGP_SEMI,https://sumare.edu.br/graduacao/semi/engenharia-de-producao,html,8,5,48,Gestão de Pessoas,
engenharia-de-producao,Engenharia de Produção,Semipresencial,ENGP_SEMI,https://sumare.edu.br/graduacao/semi/engenharia-de-producao,html,8,6,49,Atividade Extensionista - Logistica e Suprimentos,
engenharia-de-producao,Engenharia de Produção,Semipresencial,ENGP_SEMI,https://sumare.edu.br/graduacao/semi/engenharia-de-producao,html,9,1,50,Trabalho de Conclusão de Curso : Projetos,
engenharia-de-producao,Engenharia de Produção,Semipresencial,ENGP_SEMI,https://sumare.edu.br/graduacao/semi/engenharia-de-producao,html,9,2,51,Gestão de Projetos,
engenharia-de-producao,Engenharia de Produção,Semipresencial,ENGP_SEMI,https://sumare.edu.br/graduacao/semi/engenharia-de-producao,html,9,3,52,Gestão Ambiental,
engenharia-de-producao,Engenharia de Produção,Semipresencial,ENGP_SEMI,https://sumare.edu.br/graduacao/semi/engenharia-de-producao,html,9,4,53,Atividade Extensionista - Gestão de Projetos,
engenharia-de-producao,Engenharia de Produção,Semipresencial,ENGP_SEMI,https://sumare.edu.br/graduacao/semi/engenharia-de-producao,html,10,1,54,Trabalho de Conclusão de Curso : Aplicação,
engenharia-de-producao,Engenharia de Produção,Semipresencial,ENGP_SEMI,https://sumare.edu.br/graduacao/semi/engenharia-de-producao,html,10,2,55,Segurança do Trabalho e Saúde Ocupacional,
engenharia-de-producao,Engenharia de Produção,Semipresencial,ENGP_SEMI,https://sumare.edu.br/graduacao/semi/engenharia-de-producao,html,10,3,56,Industria 4.0,
engenharia-eletrica,Engenharia Elétrica,EAD,ENGE_EAD,https://sumare.edu.br/graduacao/ead/engenharia-eletrica,html,1,1,1,Bem-Vindo ao AVA Sumaré,"As disciplinas de cada curso da Sumaré são concebidas pelo NDE (Núcleo Docente Estruturante), que é composto por professores com notório saber, que além da DCN (Diretrizes Curriculares Nacionais) de cada curso, levam em consideração as pautas mais importantes do mercado de trabalho, ou seja, o que você aprende na Sumaré você usa na prática!"
engenharia-eletrica,Engenharia Elétrica,EAD,ENGE_EAD,https://sumare.edu.br/graduacao/ead/engenharia-eletrica,html,1,2,2,Conheça seu Tutor,
engenharia-eletrica,Engenharia Elétrica,EAD,ENGE_EAD,https://sumare.edu.br/graduacao/ead/engenharia-eletrica,html,1,3,3,Conheça seu curso - Engenharia Elétrica,
engenharia-eletrica,Engenharia Elétrica,EAD,ENGE_EAD,https://sumare.edu.br/graduacao/ead/engenharia-eletrica,html,1,4,4,Raciocínio Lógico Matemático,
engenharia-eletrica,Engenharia Elétrica,EAD,ENGE_EAD,https://sumare.edu.br/graduacao/ead/engenharia-eletrica,html,1,5,5,Física Cinemática,
engenharia-eletrica,Engenharia Elétrica,EAD,ENGE_EAD,https://sumare.edu.br/graduacao/ead/engenharia-eletrica,html,1,6,6,Algoritmos e Noções de Programação,
engenharia-eletrica,Engenharia Elétrica,EAD,ENGE_EAD,https://sumare.edu.br/graduacao/ead/engenharia-eletrica,html,1,7,7,Leitura e Interpretação de Textos,
engenharia-eletrica,Engenharia Elétrica,EAD,ENGE_EAD,https://sumare.edu.br/graduacao/ead/engenharia-eletrica,html,1,8,8,Atividade Extensionista - Lógica na Engenharia,
engenharia-eletrica,Engenharia Elétrica,EAD,ENGE_EAD,https://sumare.edu.br/graduacao/ead/engenharia-eletrica,html,1,9,9,Biblioteca Virtual,
engenharia-eletrica,Engenharia Elétrica,EAD,ENGE_EAD,https://sumare.edu.br/graduacao/ead/engenharia-eletrica,html,2,1,10,Física de Ondas e Calorimetria,
engenharia-eletrica,Engenharia Elétrica,EAD,ENGE_EAD,https://sumare.edu.br/graduacao/ead/engenharia-eletrica,html,2,2,11,Geometria Analítica e Álgebra Linear,
engenharia-eletrica,Engenharia Elétrica,EAD,ENGE_EAD,https://sumare.edu.br/graduacao/ead/engenharia-eletrica,html,2,3,12,Química Geral,
engenharia-eletrica,Engenharia Elétrica,EAD,ENGE_EAD,https://sumare.edu.br/graduacao/ead/engenharia-eletrica,html,2,4,13,Estudos Culturais e Antropológicos,
engenharia-eletrica,Engenharia Elétrica,EAD,ENGE_EAD,https://sumare.edu.br/graduacao/ead/engenharia-eletrica,html,2,5,14,Atividade Extensionista - Aplicações da Engenharia,
engenharia-eletrica,Engenharia Elétrica,EAD,ENGE_EAD,https://sumare.edu.br/graduacao/ead/engenharia-eletrica,html,3,1,15,Física Eletromagnética,
engenharia-eletrica,Engenharia Elétrica,EAD,ENGE_EAD,https://sumare.edu.br/graduacao/ead/engenharia-eletrica,html,3,2,16,Cálculo Diferencial e Integral,
engenharia-eletrica,Engenharia Elétrica,EAD,ENGE_EAD,https://sumare.edu.br/graduacao/ead/engenharia-eletrica,html,3,3,17,Cálculo Numérico e Estatístico,
engenharia-eletrica,Engenharia Elétrica,EAD,ENGE_EAD,https://sumare.edu.br/graduacao/ead/engenharia-eletrica,html,3,4,18,Atividade Extensionista - Aplicações de Cálculo,
engenharia-eletrica,Engenharia Elétrica,EAD,ENGE_EAD,https://sumare.edu.br/graduacao/ead/engenharia-eletrica,html,3,5,19,Empreendedorismo,
engenharia-eletrica,Engenharia Elétrica,EAD,ENGE_EAD,https://sumare.edu.br/graduacao/ead/engenharia-eletrica,html,4,1,20,Fenômenos de Transportes,
engenharia-eletrica,Engenharia Elétrica,EAD,ENGE_EAD,https://sumare.edu.br/graduacao/ead/engenharia-eletrica,html,4,2,21,Desenho Técnico,
engenharia-eletrica,Engenharia Elétrica,EAD,ENGE_EAD,https://sumare.edu.br/graduacao/ead/engenharia-eletrica,html,4,3,22,Ciências dos Materiais,
engenharia-eletrica,Engenharia Elétrica,EAD,ENGE_EAD,https://sumare.edu.br/graduacao/ead/engenharia-eletrica,html,4,4,23,Sociologia Industrial,
engenharia-eletrica,Engenharia Elétrica,EAD,ENGE_EAD,https://sumare.edu.br/graduacao/ead/engenharia-eletrica,html,4,5,24,Resistência dos Materiais,
engenharia-eletrica,Engenharia Elétrica,EAD,ENGE_EAD,https://sumare.edu.br/graduacao/ead/engenharia-eletrica,html,4,6,25,Atividade Extensionista - Resistência dos Materiais,
engenharia-eletrica,Engenharia Elétrica,EAD,ENGE_EAD,https://sumare.edu.br/graduacao/ead/engenharia-eletrica,html,5,1,26,Estágio Supervisionado - Arquitetura e Engenharia,
engenharia-eletrica,Engenharia Elétrica,EAD,ENGE_EAD,https://sumare.edu.br/graduacao/ead/engenharia-eletrica,html,5,2,27,Eletrotécnica,
engenharia-eletrica,Engenharia Elétrica,EAD,ENGE_EAD,https://sumare.edu.br/graduacao/ead/engenharia-eletrica,html,5,3,28,Circuitos Elétricos,
engenharia-eletrica,Engenharia Elétrica,EAD,ENGE_EAD,https://sumare.edu.br/graduacao/ead/engenharia-eletrica,html,5,4,29,Materiais Elétricos,
engenharia-eletrica,Engenharia Elétrica,EAD,ENGE_EAD,https://sumare.edu.br/graduacao/ead/engenharia-eletrica,html,5,5,30,Sistemas digitais,
engenharia-eletrica,Engenharia Elétrica,EAD,ENGE_EAD,https://sumare.edu.br/graduacao/ead/engenharia-eletrica,html,6,1,31,Eletromagnetismo,
engenharia-eletrica,Engenharia Elétrica,EAD,ENGE_EAD,https://sumare.edu.br/graduacao/ead/engenharia-eletrica,html,6,2,32,Eletrônica,
engenharia-eletrica,Engenharia Elétrica,EAD,ENGE_EAD,https://sumare.edu.br/graduacao/ead/engenharia-eletrica,html,6,3,33,Instalações elétricas,
engenharia-eletrica,Engenharia Elétrica,EAD,ENGE_EAD,https://sumare.edu.br/graduacao/ead/engenharia-eletrica,html,6,4,34,Conversação eletromecânica de energia,
engenharia-eletrica,Engenharia Elétrica,EAD,ENGE_EAD,https://sumare.edu.br/graduacao/ead/engenharia-eletrica,html,6,5,35,Energia elétrica: Geração e gestão,
engenharia-eletrica,Engenharia Elétrica,EAD,ENGE_EAD,https://sumare.edu.br/graduacao/ead/engenharia-eletrica,html,7,1,36,Análise de circuitos elétricos de corrente alternada,
engenharia-eletrica,Engenharia Elétrica,EAD,ENGE_EAD,https://sumare.edu.br/graduacao/ead/engenharia-eletrica,html,7,2,37,Análise de sinais e sistemas lineares,
engenharia-eletrica,Engenharia Elétrica,EAD,ENGE_EAD,https://sumare.edu.br/graduacao/ead/engenharia-eletrica,html,7,3,38,Princípios de comunicação de dados,
engenharia-eletrica,Engenharia Elétrica,EAD,ENGE_EAD,https://sumare.edu.br/graduacao/ead/engenharia-eletrica,html,7,4,39,Eletrônica de potência,
engenharia-eletrica,Engenharia Elétrica,EAD,ENGE_EAD,https://sumare.edu.br/graduacao/ead/engenharia-eletrica,html,7,5,40,Sistemas de controle,
engenharia-eletrica,Engenharia Elétrica,EAD,ENGE_EAD,https://sumare.edu.br/graduacao/ead/engenharia-eletrica,html,8,1,41,Sistemas Elétricos de Potência,
engenharia-eletrica,Engenharia Elétrica,EAD,ENGE_EAD,https://sumare.edu.br/graduacao/ead/engenharia-eletrica,html,8,2,42,Análise Econômica de Investimentos,
engenharia-eletrica,Engenharia Elétrica,EAD,ENGE_EAD,https://sumare.edu.br/graduacao/ead/engenharia-eletrica,html,8,3,43,Máquinas elétricas e acionamentos,
engenharia-eletrica,Engenharia Elétrica,EAD,ENGE_EAD,https://sumare.edu.br/graduacao/ead/engenharia-eletrica,html,8,4,44,Instrumentação e automação industrial,
engenharia-eletrica,Engenharia Elétrica,EAD,ENGE_EAD,https://sumare.edu.br/graduacao/ead/engenharia-eletrica,html,8,5,45,Proteção de sistemas elétricos,
engenharia-eletrica,Engenharia Elétrica,EAD,ENGE_EAD,https://sumare.edu.br/graduacao/ead/engenharia-eletrica,html,9,1,46,Trabalho de Conclusão de Curso : Projetos,
engenharia-eletrica,Engenharia Elétrica,EAD,ENGE_EAD,https://sumare.edu.br/graduacao/ead/engenharia-eletrica,html,9,2,47,Gestão Ambiental,
engenharia-eletrica,Engenharia Elétrica,EAD,ENGE_EAD,https://sumare.edu.br/graduacao/ead/engenharia-eletrica,html,9,3,48,Gestão de Projetos,
engenharia-eletrica,Engenharia Elétrica,EAD,ENGE_EAD,https://sumare.edu.br/graduacao/ead/engenharia-eletrica,html,10,1,49,Industria 4.0,
engenharia-eletrica,Engenharia Elétrica,EAD,ENGE_EAD,https://sumare.edu.br/graduacao/ead/engenharia-eletrica,html,10,2,50,Segurança do Trabalho e Saúde Ocupacional,
engenharia-eletrica,Engenharia Elétrica,EAD,ENGE_EAD,https://sumare.edu.br/graduacao/ead/engenharia-eletrica,html,10,3,51,Trabalho de Conclusão de Curso : Aplicação,
engenharia-eletrica,Engenharia Elétrica,Semipresencial,ENGE_SEMI,https://sumare.edu.br/graduacao/semi/engenharia-eletrica,html,1,1,1,Bem-Vindo ao AVA Sumaré,"As disciplinas de cada curso da Sumaré são concebidas pelo NDE (Núcleo Docente Estruturante), que é composto por professores com notório saber, que além da DCN (Diretrizes Curriculares Nacionais) de cada curso, levam em consideração as pautas mais importantes do mercado de trabalho, ou seja, o que você aprende na Sumaré você usa na prática!"
engenharia-eletrica,Engenharia Elétrica,Semipresencial,ENGE_SEMI,https://sumare.edu.br/graduacao/semi/engenharia-eletrica,html,1,2,2,Conheça seu Tutor,
engenharia-eletrica,Engenharia Elétrica,Semipresencial,ENGE_SEMI,https://sumare.edu.br/graduacao/semi/engenharia-eletrica,html,1,3,3,Conheça seu curso - Engenharia Elétrica Semipresencial,
engenharia-eletrica,Engenharia Elétrica,Semipresencial,ENGE_SEMI,https://sumare.edu.br/graduacao/semi/engenharia-eletrica,html,1,4,4,Raciocínio Lógico Matemático,
engenharia-eletrica,Engenharia Elétrica,Semipresencial,ENGE_SEMI,https://sumare.edu.br/graduacao/semi/engenharia-eletrica,html,1,5,5,Física Cinemática,
engenharia-eletrica,Engenharia Elétrica,Semipresencial,ENGE_SEMI,https://sumare.edu.br/graduacao/semi/engenharia-eletrica,html,1,6,6,Algoritmos e Noções de Programação,
engenharia-eletrica,Engenharia Elétrica,Semipresencial,ENGE_SEMI,https://sumare.edu.br/graduacao/semi/engenharia-eletrica,html,1,7,7,Leitura e Interpretação de Textos,
engenharia-eletrica,Engenharia Elétrica,Semipresencial,ENGE_SEMI,https://sumare.edu.br/graduacao/semi/engenharia-eletrica,html,1,8,8,Atividade Extensionista - Lógica na Engenharia,
engenharia-eletrica,Engenharia Elétrica,Semipresencial,ENGE_SEMI,https://sumare.edu.br/graduacao/semi/engenharia-eletrica,html,1,9,9,Biblioteca Virtual,
engenharia-eletrica,Engenharia Elétrica,Semipresencial,ENGE_SEMI,https://sumare.edu.br/graduacao/semi/engenharia-eletrica,html,2,1,10,Geometria Analítica e Álgebra Linear,
engenharia-eletrica,Engenharia Elétrica,Semipresencial,ENGE_SEMI,https://sumare.edu.br/graduacao/semi/engenharia-eletrica,html,2,2,11,Física de Ondas e Calorimetria,
engenharia-eletrica,Engenharia Elétrica,Semipresencial,ENGE_SEMI,https://sumare.edu.br/graduacao/semi/engenharia-eletrica,html,2,3,12,Química Geral,
engenharia-eletrica,Engenharia Elétrica,Semipresencial,ENGE_SEMI,https://sumare.edu.br/graduacao/semi/engenharia-eletrica,html,2,4,13,Estudos Culturais e Antropológicos,
engenharia-eletrica,Engenharia Elétrica,Semipresencial,ENGE_SEMI,https://sumare.edu.br/graduacao/semi/engenharia-eletrica,html,2,5,14,Atividade Extensionista - Aplicações da Engenharia,
engenharia-eletrica,Engenharia Elétrica,Semipresencial,ENGE_SEMI,https://sumare.edu.br/graduacao/semi/engenharia-eletrica,html,3,1,15,Cálculo Diferencial e Integral,
engenharia-eletrica,Engenharia Elétrica,Semipresencial,ENGE_SEMI,https://sumare.edu.br/graduacao/semi/engenharia-eletrica,html,3,2,16,Cálculo Numérico e Estatístico,
engenharia-eletrica,Engenharia Elétrica,Semipresencial,ENGE_SEMI,https://sumare.edu.br/graduacao/semi/engenharia-eletrica,html,3,3,17,Física Eletromagnética,
engenharia-eletrica,Engenharia Elétrica,Semipresencial,ENGE_SEMI,https://sumare.edu.br/graduacao/semi/engenharia-eletrica,html,3,4,18,Empreendedorismo,
engenharia-eletrica,Engenharia Elétrica,Semipresencial,ENGE_SEMI,https://sumare.edu.br/graduacao/semi/engenharia-eletrica,html,3,5,19,Atividade Extensionista - Aplicações de Cálculo,
engenharia-eletrica,Engenharia Elétrica,Semipresencial,ENGE_SEMI,https://sumare.edu.br/graduacao/semi/engenharia-eletrica,html,4,1,20,Desenho Técnico,
engenharia-eletrica,Engenharia Elétrica,Semipresencial,ENGE_SEMI,https://sumare.edu.br/graduacao/semi/engenharia-eletrica,html,4,2,21,Resistência dos Materiais,
engenharia-eletrica,Engenharia Elétrica,Semipresencial,ENGE_SEMI,https://sumare.edu.br/graduacao/semi/engenharia-eletrica,html,4,3,22,Fenômenos de Transportes,
engenharia-eletrica,Engenharia Elétrica,Semipresencial,ENGE_SEMI,https://sumare.edu.br/graduacao/semi/engenharia-eletrica,html,4,4,23,Ciências dos Materiais,
engenharia-eletrica,Engenharia Elétrica,Semipresencial,ENGE_SEMI,https://sumare.edu.br/graduacao/semi/engenharia-eletrica,html,4,5,24,Sociologia Industrial,
engenharia-eletrica,Engenharia Elétrica,Semipresencial,ENGE_SEMI,https://sumare.edu.br/graduacao/semi/engenharia-eletrica,html,4,6,25,Atividade Extensionista - Resistência dos Materiais,
engenharia-eletrica,Engenharia Elétrica,Semipresencial,ENGE_SEMI,https://sumare.edu.br/graduacao/semi/engenharia-eletrica,html,5,1,26,Estágio Supervisionado - Arquitetura e Engenharia,
engenharia-eletrica,Engenharia Elétrica,Semipresencial,ENGE_SEMI,https://sumare.edu.br/graduacao/semi/engenharia-eletrica,html,5,2,27,Eletrotécnica,
engenharia-eletrica,Engenharia Elétrica,Semipresencial,ENGE_SEMI,https://sumare.edu.br/graduacao/semi/engenharia-eletrica,html,5,3,28,Materiais Elétricos,
engenharia-eletrica,Engenharia Elétrica,Semipresencial,ENGE_SEMI,https://sumare.edu.br/graduacao/semi/engenharia-eletrica,html,5,4,29,Sistemas Digitais,
engenharia-eletrica,Engenharia Elétrica,Semipresencial,ENGE_SEMI,https://sumare.edu.br/graduacao/semi/engenharia-eletrica,html,5,5,30,Circuitos Elétricos,
engenharia-eletrica,Engenharia Elétrica,Semipresencial,ENGE_SEMI,https://sumare.edu.br/graduacao/semi/engenharia-eletrica,html,5,6,31,Atividade Extensionista - Circuitos Elétricos,
engenharia-eletrica,Engenharia Elétrica,Semipresencial,ENGE_SEMI,https://sumare.edu.br/graduacao/semi/engenharia-eletrica,html,6,1,32,Eletromagnetismo,
engenharia-eletrica,Engenharia Elétrica,Semipresencial,ENGE_SEMI,https://sumare.edu.br/graduacao/semi/engenharia-eletrica,html,6,2,33,Eletrônica,
engenharia-eletrica,Engenharia Elétrica,Semipresencial,ENGE_SEMI,https://sumare.edu.br/graduacao/semi/engenharia-eletrica,html,6,3,34,Instalações Elétricas,
engenharia-eletrica,Engenharia Elétrica,Semipresencial,ENGE_SEMI,https://sumare.edu.br/graduacao/semi/engenharia-eletrica,html,6,4,35,Conversação Eletromecânica de Energia,
engenharia-eletrica,Engenharia Elétrica,Semipresencial,ENGE_SEMI,https://sumare.edu.br/graduacao/semi/engenharia-eletrica,html,6,5,36,Energia Elétrica: Geração e Gestão,
engenharia-eletrica,Engenharia Elétrica,Semipresencial,ENGE_SEMI,https://sumare.edu.br/graduacao/semi/engenharia-eletrica,html,6,6,37,Atividade Extensionista - Instalações Elétricas,
engenharia-eletrica,Engenharia Elétrica,Semipresencial,ENGE_SEMI,https://sumare.edu.br/graduacao/semi/engenharia-eletrica,html,7,1,38,Análise de Circuitos Elétricos de Corrente Alternada,
engenharia-eletrica,Engenharia Elétrica,Semipresencial,ENGE_SEMI,https://sumare.edu.br/graduacao/semi/engenharia-eletrica,html,7,2,39,Análise de Sinais e Sistemas Lineares,
engenharia-eletrica,Engenharia Elétrica,Semipresencial,ENGE_SEMI,https://sumare.edu.br/graduacao/semi/engenharia-eletrica,html,7,3,40,Princípios de Comunicação de Dados,
engenharia-eletrica,Engenharia Elétrica,Semipresencial,ENGE_SEMI,https://sumare.edu.br/graduacao/semi/engenharia-eletrica,html,7,4,41,Eletrônica de Potência,
engenharia-eletrica,Engenharia Elétrica,Semipresencial,ENGE_SEMI,https://sumare.edu.br/graduacao/semi/engenharia-eletrica,html,7,5,42,Sistemas de Controle,
engenharia-eletrica,Engenharia Elétrica,Semipresencial,ENGE_SEMI,https://sumare.edu.br/graduacao/semi/engenharia-eletrica,html,7,6,43,Atividade Extensionista - Eletrônica de Potência,
engenharia-eletrica,Engenharia Elétrica,Semipresencial,ENGE_SEMI,https://sumare.edu.br/graduacao/semi/engenharia-eletrica,html,8,1,44,Análise Econômica de Investimentos,
engenharia-eletrica,Engenharia Elétrica,Semipresencial,ENGE_SEMI,https://sumare.edu.br/graduacao/semi/engenharia-eletrica,html,8,2,45,Sistemas Elétricos de Potência,
engenharia-eletrica,Engenharia Elétrica,Semipresencial,ENGE_SEMI,https://sumare.edu.br/graduacao/semi/engenharia-eletrica,html,8,3,46,Máquinas Elétricas e Acionamentos,
engenharia-eletrica,Engenharia Elétrica,Semipresencial,ENGE_SEMI,https://sumare.edu.br/graduacao/semi/engenharia-eletrica,html,8,4,47,Instrumentação e Automação Industrial,
engenharia-eletrica,Engenharia Elétrica,Semipresencial,ENGE_SEMI,https://sumare.edu.br/graduacao/semi/engenharia-eletrica,html,8,5,48,Proteção de Sistemas Elétricos,
engenharia-eletrica,Engenharia Elétrica,Semipresencial,ENGE_SEMI,https://sumare.edu.br/graduacao/semi/engenharia-eletrica,html,8,6,49,Atividade Extensionista - Maquinas Eletricas e Acionamentos,
engenharia-eletrica,Engenharia Elétrica,Semipresencial,ENGE_SEMI,https://sumare.edu.br/graduacao/semi/engenharia-eletrica,html,9,1,50,Trabalho de Conclusão de Curso : Projetos,
engenharia-eletrica,Engenharia Elétrica,Semipresencial,ENGE_SEMI,https://sumare.edu.br/graduacao/semi/engenharia-eletrica,html,9,2,51,Gestão de Projetos,
engenharia-eletrica,Engenharia Elétrica,Semipresencial,ENGE_SEMI,https://sumare.edu.br/graduacao/semi/engenharia-eletrica,html,9,3,52,Gestão Ambiental,
engenharia-eletrica,Engenharia Elétrica,Semipresencial,ENGE_SEMI,https://sumare.edu.br/graduacao/semi/engenharia-eletrica,html,9,4,53,Atividade Extensionista - Gestão de Projetos,
engenharia-eletrica,Engenharia Elétrica,Semipresencial,ENGE_SEMI,https://sumare.edu.br/graduacao/semi/engenharia-eletrica,html,10,1,54,Trabalho de Conclusão de Curso : Aplicação,
engenharia-eletrica,Engenharia Elétrica,Semipresencial,ENGE_SEMI,https://sumare.edu.br/graduacao/semi/engenharia-eletrica,html,10,2,55,Segurança do Trabalho e Saúde Ocupacional,
engenharia-eletrica,Engenharia Elétrica,Semipresencial,ENGE_SEMI,https://sumare.edu.br/graduacao/semi/engenharia-eletrica,html,10,3,56,Industria 4.0,
engenharia-mecanica,Engenharia Mecânica,EAD,ENGM_EAD,https://sumare.edu.br/graduacao/ead/engenharia-mecanica,html,1,1,1,Bem-Vindo ao AVA Sumaré,"As disciplinas de cada curso da Sumaré são concebidas pelo NDE (Núcleo Docente Estruturante), que é composto por professores com notório saber, que além da DCN (Diretrizes Curriculares Nacionais) de cada curso, levam em consideração as pautas mais importantes do mercado de trabalho, ou seja, o que você aprende na Sumaré você usa na prática!"
engenharia-mecanica,Engenharia Mecânica,EAD,ENGM_EAD,https://sumare.edu.br/graduacao/ead/engenharia-mecanica,html,1,2,2,Conheça seu Tutor,
engenharia-mecanica,Engenharia Mecânica,EAD,ENGM_EAD,https://sumare.edu.br/graduacao/ead/engenharia-mecanica,html,1,3,3,Conheça seu curso - Engenharia Mecânica,
engenharia-mecanica,Engenharia Mecânica,EAD,ENGM_EAD,https://sumare.edu.br/graduacao/ead/engenharia-mecanica,html,1,4,4,Raciocínio Lógico Matemático,
engenharia-mecanica,Engenharia Mecânica,EAD,ENGM_EAD,https://sumare.edu.br/graduacao/ead/engenharia-mecanica,html,1,5,5,Física Cinemática,
engenharia-mecanica,Engenharia Mecânica,EAD,ENGM_EAD,https://sumare.edu.br/graduacao/ead/engenharia-mecanica,html,1,6,6,Algoritmos e Noções de Programação,
engenharia-mecanica,Engenharia Mecânica,EAD,ENGM_EAD,https://sumare.edu.br/graduacao/ead/engenharia-mecanica,html,1,7,7,Leitura e Interpretação de Textos,
engenharia-mecanica,Engenharia Mecânica,EAD,ENGM_EAD,https://sumare.edu.br/graduacao/ead/engenharia-mecanica,html,1,8,8,Atividade Extensionista - Lógica na Engenharia,
engenharia-mecanica,Engenharia Mecânica,EAD,ENGM_EAD,https://sumare.edu.br/graduacao/ead/engenharia-mecanica,html,1,9,9,Biblioteca Virtual,
engenharia-mecanica,Engenharia Mecânica,EAD,ENGM_EAD,https://sumare.edu.br/graduacao/ead/engenharia-mecanica,html,2,1,10,Física de Ondas e Calorimetria,
engenharia-mecanica,Engenharia Mecânica,EAD,ENGM_EAD,https://sumare.edu.br/graduacao/ead/engenharia-mecanica,html,2,2,11,Geometria Analítica e Álgebra Linear,
engenharia-mecanica,Engenharia Mecânica,EAD,ENGM_EAD,https://sumare.edu.br/graduacao/ead/engenharia-mecanica,html,2,3,12,Química Geral,
engenharia-mecanica,Engenharia Mecânica,EAD,ENGM_EAD,https://sumare.edu.br/graduacao/ead/engenharia-mecanica,html,2,4,13,Estudos Culturais e Antropológicos,
engenharia-mecanica,Engenharia Mecânica,EAD,ENGM_EAD,https://sumare.edu.br/graduacao/ead/engenharia-mecanica,html,2,5,14,Atividade Extensionista - Aplicações da Engenharia,
engenharia-mecanica,Engenharia Mecânica,EAD,ENGM_EAD,https://sumare.edu.br/graduacao/ead/engenharia-mecanica,html,3,1,15,Física Eletromagnética,
engenharia-mecanica,Engenharia Mecânica,EAD,ENGM_EAD,https://sumare.edu.br/graduacao/ead/engenharia-mecanica,html,3,2,16,Cálculo Diferencial e Integral,
engenharia-mecanica,Engenharia Mecânica,EAD,ENGM_EAD,https://sumare.edu.br/graduacao/ead/engenharia-mecanica,html,3,3,17,Cálculo Numérico e Estatístico,
engenharia-mecanica,Engenharia Mecânica,EAD,ENGM_EAD,https://sumare.edu.br/graduacao/ead/engenharia-mecanica,html,3,4,18,Atividade Extensionista - Aplicações de Cálculo,
engenharia-mecanica,Engenharia Mecânica,EAD,ENGM_EAD,https://sumare.edu.br/graduacao/ead/engenharia-mecanica,html,3,5,19,Empreendedorismo,
engenharia-mecanica,Engenharia Mecânica,EAD,ENGM_EAD,https://sumare.edu.br/graduacao/ead/engenharia-mecanica,html,4,1,20,Fenômenos de Transportes,
engenharia-mecanica,Engenharia Mecânica,EAD,ENGM_EAD,https://sumare.edu.br/graduacao/ead/engenharia-mecanica,html,4,2,21,Desenho Técnico,
engenharia-mecanica,Engenharia Mecânica,EAD,ENGM_EAD,https://sumare.edu.br/graduacao/ead/engenharia-mecanica,html,4,3,22,Ciências dos Materiais,
engenharia-mecanica,Engenharia Mecânica,EAD,ENGM_EAD,https://sumare.edu.br/graduacao/ead/engenharia-mecanica,html,4,4,23,Sociologia Industrial,
engenharia-mecanica,Engenharia Mecânica,EAD,ENGM_EAD,https://sumare.edu.br/graduacao/ead/engenharia-mecanica,html,4,5,24,Resistência dos Materiais,
engenharia-mecanica,Engenharia Mecânica,EAD,ENGM_EAD,https://sumare.edu.br/graduacao/ead/engenharia-mecanica,html,4,6,25,Atividade Extensionista - Resistência dos Materiais,
engenharia-mecanica,Engenharia Mecânica,EAD,ENGM_EAD,https://sumare.edu.br/graduacao/ead/engenharia-mecanica,html,5,1,26,Estágio Supervisionado - Arquitetura e Engenharia,
engenharia-mecanica,Engenharia Mecânica,EAD,ENGM_EAD,https://sumare.edu.br/graduacao/ead/engenharia-mecanica,html,5,2,27,Teoria das Estruturas,
engenharia-mecanica,Engenharia Mecânica,EAD,ENGM_EAD,https://sumare.edu.br/graduacao/ead/engenharia-mecanica,html,5,3,28,Termodinâmica,
engenharia-mecanica,Engenharia Mecânica,EAD,ENGM_EAD,https://sumare.edu.br/graduacao/ead/engenharia-mecanica,html,5,4,29,Metrologia,
engenharia-mecanica,Engenharia Mecânica,EAD,ENGM_EAD,https://sumare.edu.br/graduacao/ead/engenharia-mecanica,html,5,5,30,Mecânica dos Fluidos,
engenharia-mecanica,Engenharia Mecânica,EAD,ENGM_EAD,https://sumare.edu.br/graduacao/ead/engenharia-mecanica,html,6,1,31,Elementos de Máquinas,
engenharia-mecanica,Engenharia Mecânica,EAD,ENGM_EAD,https://sumare.edu.br/graduacao/ead/engenharia-mecanica,html,6,2,32,Projeto Mecânico Auxiliado por Computador (CAD),
engenharia-mecanica,Engenharia Mecânica,EAD,ENGM_EAD,https://sumare.edu.br/graduacao/ead/engenharia-mecanica,html,6,3,33,Processos de Usinagem dos Materiais,
engenharia-mecanica,Engenharia Mecânica,EAD,ENGM_EAD,https://sumare.edu.br/graduacao/ead/engenharia-mecanica,html,6,4,34,Maquinas térmicas,
engenharia-mecanica,Engenharia Mecânica,EAD,ENGM_EAD,https://sumare.edu.br/graduacao/ead/engenharia-mecanica,html,7,1,35,Manutenção industrial,
engenharia-mecanica,Engenharia Mecânica,EAD,ENGM_EAD,https://sumare.edu.br/graduacao/ead/engenharia-mecanica,html,7,2,36,Sistemas hidráulicos e pneumáticos,
engenharia-mecanica,Engenharia Mecânica,EAD,ENGM_EAD,https://sumare.edu.br/graduacao/ead/engenharia-mecanica,html,7,3,37,Engenharia de Produto,
engenharia-mecanica,Engenharia Mecânica,EAD,ENGM_EAD,https://sumare.edu.br/graduacao/ead/engenharia-mecanica,html,7,4,38,Fundição e Soldagem,
engenharia-mecanica,Engenharia Mecânica,EAD,ENGM_EAD,https://sumare.edu.br/graduacao/ead/engenharia-mecanica,html,8,1,39,Sistemas de Ventilação e Ar Condicionado,
engenharia-mecanica,Engenharia Mecânica,EAD,ENGM_EAD,https://sumare.edu.br/graduacao/ead/engenharia-mecanica,html,8,2,40,Instrumentação,
engenharia-mecanica,Engenharia Mecânica,EAD,ENGM_EAD,https://sumare.edu.br/graduacao/ead/engenharia-mecanica,html,8,3,41,Vibrações Mecânicas,
engenharia-mecanica,Engenharia Mecânica,EAD,ENGM_EAD,https://sumare.edu.br/graduacao/ead/engenharia-mecanica,html,8,4,42,Máquinas Operatrizes e de Fluxo,
engenharia-mecanica,Engenharia Mecânica,EAD,ENGM_EAD,https://sumare.edu.br/graduacao/ead/engenharia-mecanica,html,8,5,43,Análise Econômica de Investimentos,
engenharia-mecanica,Engenharia Mecânica,EAD,ENGM_EAD,https://sumare.edu.br/graduacao/ead/engenharia-mecanica,html,9,1,44,Trabalho de Conclusão de Curso : Projetos,
engenharia-mecanica,Engenharia Mecânica,EAD,ENGM_EAD,https://sumare.edu.br/graduacao/ead/engenharia-mecanica,html,9,2,45,Gestão Ambiental,
engenharia-mecanica,Engenharia Mecânica,EAD,ENGM_EAD,https://sumare.edu.br/graduacao/ead/engenharia-mecanica,html,9,3,46,Gestão de Projetos,
engenharia-mecanica,Engenharia Mecânica,EAD,ENGM_EAD,https://sumare.edu.br/graduacao/ead/engenharia-mecanica,html,10,1,47,Industria 4.0,
engenharia-mecanica,Engenharia Mecânica,EAD,ENGM_EAD,https://sumare.edu.br/graduacao/ead/engenharia-mecanica,html,10,2,48,Segurança do Trabalho e Saúde Ocupacional,
engenharia-mecanica,Engenharia Mecânica,EAD,ENGM_EAD,https://sumare.edu.br/graduacao/ead/engenharia-mecanica,html,10,3,49,Trabalho de Conclusão de Curso : Aplicação,
engenharia-mecanica,Engenharia Mecânica,Semipresencial,ENGM_SEMI,https://sumare.edu.br/graduacao/semi/engenharia-mecanica,html,1,1,1,Bem-Vindo ao AVA Sumaré,"As disciplinas de cada curso da Sumaré são concebidas pelo NDE (Núcleo Docente Estruturante), que é composto por professores com notório saber, que além da DCN (Diretrizes Curriculares Nacionais) de cada curso, levam em consideração as pautas mais importantes do mercado de trabalho, ou seja, o que você aprende na Sumaré você usa na prática!"
engenharia-mecanica,Engenharia Mecânica,Semipresencial,ENGM_SEMI,https://sumare.edu.br/graduacao/semi/engenharia-mecanica,html,1,2,2,Conheça seu Tutor,
engenharia-mecanica,Engenharia Mecânica,Semipresencial,ENGM_SEMI,https://sumare.edu.br/graduacao/semi/engenharia-mecanica,html,1,3,3,Conheça seu curso - Engenharia Mecânica Semipresencial,
engenharia-mecanica,Engenharia Mecânica,Semipresencial,ENGM_SEMI,https://sumare.edu.br/graduacao/semi/engenharia-mecanica,html,1,4,4,Raciocínio Lógico Matemático,
engenharia-mecanica,Engenharia Mecânica,Semipresencial,ENGM_SEMI,https://sumare.edu.br/graduacao/semi/engenharia-mecanica,html,1,5,5,Física Cinemática,
engenharia-mecanica,Engenharia Mecânica,Semipresencial,ENGM_SEMI,https://sumare.edu.br/graduacao/semi/engenharia-mecanica,html,1,6,6,Algoritmos e Noções de Programação,
engenharia-mecanica,Engenharia Mecânica,Semipresencial,ENGM_SEMI,https://sumare.edu.br/graduacao/semi/engenharia-mecanica,html,1,7,7,Leitura e Interpretação de Textos,
engenharia-mecanica,Engenharia Mecânica,Semipresencial,ENGM_SEMI,https://sumare.edu.br/graduacao/semi/engenharia-mecanica,html,1,8,8,Atividade Extensionista - Lógica na Engenharia,
engenharia-mecanica,Engenharia Mecânica,Semipresencial,ENGM_SEMI,https://sumare.edu.br/graduacao/semi/engenharia-mecanica,html,1,9,9,Biblioteca Virtual,
engenharia-mecanica,Engenharia Mecânica,Semipresencial,ENGM_SEMI,https://sumare.edu.br/graduacao/semi/engenharia-mecanica,html,2,1,10,Geometria Analítica e Álgebra Linear,
engenharia-mecanica,Engenharia Mecânica,Semipresencial,ENGM_SEMI,https://sumare.edu.br/graduacao/semi/engenharia-mecanica,html,2,2,11,Física de Ondas e Calorimetria,
engenharia-mecanica,Engenharia Mecânica,Semipresencial,ENGM_SEMI,https://sumare.edu.br/graduacao/semi/engenharia-mecanica,html,2,3,12,Química Geral,
engenharia-mecanica,Engenharia Mecânica,Semipresencial,ENGM_SEMI,https://sumare.edu.br/graduacao/semi/engenharia-mecanica,html,2,4,13,Estudos Culturais e Antropológicos,
engenharia-mecanica,Engenharia Mecânica,Semipresencial,ENGM_SEMI,https://sumare.edu.br/graduacao/semi/engenharia-mecanica,html,2,5,14,Atividade Extensionista - Aplicações da Engenharia,
engenharia-mecanica,Engenharia Mecânica,Semipresencial,ENGM_SEMI,https://sumare.edu.br/graduacao/semi/engenharia-mecanica,html,3,1,15,Cálculo Diferencial e Integral,
engenharia-mecanica,Engenharia Mecânica,Semipresencial,ENGM_SEMI,https://sumare.edu.br/graduacao/semi/engenharia-mecanica,html,3,2,16,Cálculo Numérico e Estatístico,
engenharia-mecanica,Engenharia Mecânica,Semipresencial,ENGM_SEMI,https://sumare.edu.br/graduacao/semi/engenharia-mecanica,html,3,3,17,Física Eletromagnética,
engenharia-mecanica,Engenharia Mecânica,Semipresencial,ENGM_SEMI,https://sumare.edu.br/graduacao/semi/engenharia-mecanica,html,3,4,18,Empreendedorismo,
engenharia-mecanica,Engenharia Mecânica,Semipresencial,ENGM_SEMI,https://sumare.edu.br/graduacao/semi/engenharia-mecanica,html,3,5,19,Atividade Extensionista - Aplicações de Cálculo,
engenharia-mecanica,Engenharia Mecânica,Semipresencial,ENGM_SEMI,https://sumare.edu.br/graduacao/semi/engenharia-mecanica,html,4,1,20,Desenho Técnico,
engenharia-mecanica,Engenharia Mecânica,Semipresencial,ENGM_SEMI,https://sumare.edu.br/graduacao/semi/engenharia-mecanica,html,4,2,21,Resistência dos Materiais,
engenharia-mecanica,Engenharia Mecânica,Semipresencial,ENGM_SEMI,https://sumare.edu.br/graduacao/semi/engenharia-mecanica,html,4,3,22,Fenômenos de Transportes,
engenharia-mecanica,Engenharia Mecânica,Semipresencial,ENGM_SEMI,https://sumare.edu.br/graduacao/semi/engenharia-mecanica,html,4,4,23,Ciências dos Materiais,
engenharia-mecanica,Engenharia Mecânica,Semipresencial,ENGM_SEMI,https://sumare.edu.br/graduacao/semi/engenharia-mecanica,html,4,5,24,Sociologia Industrial,
engenharia-mecanica,Engenharia Mecânica,Semipresencial,ENGM_SEMI,https://sumare.edu.br/graduacao/semi/engenharia-mecanica,html,4,6,25,Atividade Extensionista - Resistência dos Materiais,
engenharia-mecanica,Engenharia Mecânica,Semipresencial,ENGM_SEMI,https://sumare.edu.br/graduacao/semi/engenharia-mecanica,html,5,1,26,Estágio Supervisionado - Arquitetura e Engenharia,
engenharia-mecanica,Engenharia Mecânica,Semipresencial,ENGM_SEMI,https://sumare.edu.br/graduacao/semi/engenharia-mecanica,html,5,2,27,Mecânica dos Fluidos,
engenharia-mecanica,Engenharia Mecânica,Semipresencial,ENGM_SEMI,https://sumare.edu.br/graduacao/semi/engenharia-mecanica,html,5,3,28,Teoria das Estruturas,
engenharia-mecanica,Engenharia Mecânica,Semipresencial,ENGM_SEMI,https://sumare.edu.br/graduacao/semi/engenharia-mecanica,html,5,4,29,Termodinâmica,
engenharia-mecanica,Engenharia Mecânica,Semipresencial,ENGM_SEMI,https://sumare.edu.br/graduacao/semi/engenharia-mecanica,html,5,5,30,Metrologia,
engenharia-mecanica,Engenharia Mecânica,Semipresencial,ENGM_SEMI,https://sumare.edu.br/graduacao/semi/engenharia-mecanica,html,5,6,31,Atividade Extensionista - Termodinâmica,
engenharia-mecanica,Engenharia Mecânica,Semipresencial,ENGM_SEMI,https://sumare.edu.br/graduacao/semi/engenharia-mecanica,html,6,1,32,Elementos de Máquinas,
engenharia-mecanica,Engenharia Mecânica,Semipresencial,ENGM_SEMI,https://sumare.edu.br/graduacao/semi/engenharia-mecanica,html,6,2,33,Projeto Mecânico Auxiliado por Computador (CAD),
engenharia-mecanica,Engenharia Mecânica,Semipresencial,ENGM_SEMI,https://sumare.edu.br/graduacao/semi/engenharia-mecanica,html,6,3,34,Processos de Usinagem dos Materiais,
engenharia-mecanica,Engenharia Mecânica,Semipresencial,ENGM_SEMI,https://sumare.edu.br/graduacao/semi/engenharia-mecanica,html,6,4,35,Maquinas Térmicas,
engenharia-mecanica,Engenharia Mecânica,Semipresencial,ENGM_SEMI,https://sumare.edu.br/graduacao/semi/engenharia-mecanica,html,6,5,36,Atividade Extensionista - Processo de Usinagem,
engenharia-mecanica,Engenharia Mecânica,Semipresencial,ENGM_SEMI,https://sumare.edu.br/graduacao/semi/engenharia-mecanica,html,7,1,37,Manutenção Industrial,
engenharia-mecanica,Engenharia Mecânica,Semipresencial,ENGM_SEMI,https://sumare.edu.br/graduacao/semi/engenharia-mecanica,html,7,2,38,Sistemas Hidráulicos e Pneumáticos,
engenharia-mecanica,Engenharia Mecânica,Semipresencial,ENGM_SEMI,https://sumare.edu.br/graduacao/semi/engenharia-mecanica,html,7,3,39,Fundição e Soldagem,
engenharia-mecanica,Engenharia Mecânica,Semipresencial,ENGM_SEMI,https://sumare.edu.br/graduacao/semi/engenharia-mecanica,html,7,4,40,Engenharia de Produto,
engenharia-mecanica,Engenharia Mecânica,Semipresencial,ENGM_SEMI,https://sumare.edu.br/graduacao/semi/engenharia-mecanica,html,7,5,41,Atividade Extensionista - Sistemas Hidráulicos e Pneumáticos,
engenharia-mecanica,Engenharia Mecânica,Semipresencial,ENGM_SEMI,https://sumare.edu.br/graduacao/semi/engenharia-mecanica,html,8,1,42,Análise Econômica de Investimentos,
engenharia-mecanica,Engenharia Mecânica,Semipresencial,ENGM_SEMI,https://sumare.edu.br/graduacao/semi/engenharia-mecanica,html,8,2,43,Instrumentação,
engenharia-mecanica,Engenharia Mecânica,Semipresencial,ENGM_SEMI,https://sumare.edu.br/graduacao/semi/engenharia-mecanica,html,8,3,44,Vibrações Mecânicas,
engenharia-mecanica,Engenharia Mecânica,Semipresencial,ENGM_SEMI,https://sumare.edu.br/graduacao/semi/engenharia-mecanica,html,8,4,45,Sistemas de Ventilação e Ar Condicionado,
engenharia-mecanica,Engenharia Mecânica,Semipresencial,ENGM_SEMI,https://sumare.edu.br/graduacao/semi/engenharia-mecanica,html,8,5,46,Máquinas Operatrizes e de Fluxo,
engenharia-mecanica,Engenharia Mecânica,Semipresencial,ENGM_SEMI,https://sumare.edu.br/graduacao/semi/engenharia-mecanica,html,8,6,47,Atividade Extensionista - Sistemas de Ventilação e Ar Condicionado,
engenharia-mecanica,Engenharia Mecânica,Semipresencial,ENGM_SEMI,https://sumare.edu.br/graduacao/semi/engenharia-mecanica,html,9,1,48,Trabalho de Conclusão de Curso : Projetos,
engenharia-mecanica,Engenharia Mecânica,Semipresencial,ENGM_SEMI,https://sumare.edu.br/graduacao/semi/engenharia-mecanica,html,9,2,49,Gestão de Projetos,
engenharia-mecanica,Engenharia Mecânica,Semipresencial,ENGM_SEMI,https://sumare.edu.br/graduacao/semi/engenharia-mecanica,html,9,3,50,Gestão Ambiental,
engenharia-mecanica,Engenharia Mecânica,Semipresencial,ENGM_SEMI,https://sumare.edu.br/graduacao/semi/engenharia-mecanica,html,9,4,51,Atividade Extensionista - Gestão de Projetos,
engenharia-mecanica,Engenharia Mecânica,Semipresencial,ENGM_SEMI,https://sumare.edu.br/graduacao/semi/engenharia-mecanica,html,10,1,52,Trabalho de Conclusão de Curso : Aplicação,
engenharia-mecanica,Engenharia Mecânica,Semipresencial,ENGM_SEMI,https://sumare.edu.br/graduacao/semi/engenharia-mecanica,html,10,2,53,Segurança do Trabalho e Saúde Ocupacional,
engenharia-mecanica,Engenharia Mecânica,Semipresencial,ENGM_SEMI,https://sumare.edu.br/graduacao/semi/engenharia-mecanica,html,10,3,54,Industria 4.0,
estetica-e-cosmetica,Estética e Cosmética,Semipresencial,ESTEC_SEMI,https://sumare.edu.br/graduacao/semi/estetica-e-cosmetica,html,1,1,1,Bem-Vindo ao AVA Sumaré,"As disciplinas de cada curso da Sumaré são concebidas pelo NDE (Núcleo Docente Estruturante), que é composto por professores com notório saber, que além da DCN (Diretrizes Curriculares Nacionais) de cada curso, levam em consideração as pautas mais importantes do mercado de trabalho, ou seja, o que você aprende na Sumaré você usa na prática!"
estetica-e-cosmetica,Estética e Cosmética,Semipresencial,ESTEC_SEMI,https://sumare.edu.br/graduacao/semi/estetica-e-cosmetica,html,1,2,2,Conheça seu curso - Estética e Cosmética Semipresencial,
estetica-e-cosmetica,Estética e Cosmética,Semipresencial,ESTEC_SEMI,https://sumare.edu.br/graduacao/semi/estetica-e-cosmetica,html,1,3,3,Biossegurança e boas práticas laboratoriais,
estetica-e-cosmetica,Estética e Cosmética,Semipresencial,ESTEC_SEMI,https://sumare.edu.br/graduacao/semi/estetica-e-cosmetica,html,1,4,4,Anatomofisiologia Aplicada a Estética e Cosmética,
estetica-e-cosmetica,Estética e Cosmética,Semipresencial,ESTEC_SEMI,https://sumare.edu.br/graduacao/semi/estetica-e-cosmetica,html,1,5,5,Primeiros Socorros,
estetica-e-cosmetica,Estética e Cosmética,Semipresencial,ESTEC_SEMI,https://sumare.edu.br/graduacao/semi/estetica-e-cosmetica,html,1,6,6,Introdução e Legislação em Estética e Cosmética - EAD,
estetica-e-cosmetica,Estética e Cosmética,Semipresencial,ESTEC_SEMI,https://sumare.edu.br/graduacao/semi/estetica-e-cosmetica,html,1,7,7,Biologia Celular e Histologia - EAD,
estetica-e-cosmetica,Estética e Cosmética,Semipresencial,ESTEC_SEMI,https://sumare.edu.br/graduacao/semi/estetica-e-cosmetica,html,1,8,8,Sustentabilidade e Responsabilidade Social - EAD,
estetica-e-cosmetica,Estética e Cosmética,Semipresencial,ESTEC_SEMI,https://sumare.edu.br/graduacao/semi/estetica-e-cosmetica,html,1,9,9,Atividade Extensionista - Introdução à Estética,
estetica-e-cosmetica,Estética e Cosmética,Semipresencial,ESTEC_SEMI,https://sumare.edu.br/graduacao/semi/estetica-e-cosmetica,html,1,10,10,Biblioteca Virtual,
estetica-e-cosmetica,Estética e Cosmética,Semipresencial,ESTEC_SEMI,https://sumare.edu.br/graduacao/semi/estetica-e-cosmetica,html,2,1,11,Métodos e Técnicas de Avaliação em Estética,
estetica-e-cosmetica,Estética e Cosmética,Semipresencial,ESTEC_SEMI,https://sumare.edu.br/graduacao/semi/estetica-e-cosmetica,html,2,2,12,Química Geral e Biomoléculas Orgânicas,
estetica-e-cosmetica,Estética e Cosmética,Semipresencial,ESTEC_SEMI,https://sumare.edu.br/graduacao/semi/estetica-e-cosmetica,html,2,3,13,Disfunções Dermatológicas Aplicadas a Estética Facial,
estetica-e-cosmetica,Estética e Cosmética,Semipresencial,ESTEC_SEMI,https://sumare.edu.br/graduacao/semi/estetica-e-cosmetica,html,2,4,14,Disfunções Dermatológicas Aplicadas a Estética Corporal,
estetica-e-cosmetica,Estética e Cosmética,Semipresencial,ESTEC_SEMI,https://sumare.edu.br/graduacao/semi/estetica-e-cosmetica,html,2,5,15,Noções de Saúde Pública - EAD,
estetica-e-cosmetica,Estética e Cosmética,Semipresencial,ESTEC_SEMI,https://sumare.edu.br/graduacao/semi/estetica-e-cosmetica,html,2,6,16,Direito Empresarial - EAD,
estetica-e-cosmetica,Estética e Cosmética,Semipresencial,ESTEC_SEMI,https://sumare.edu.br/graduacao/semi/estetica-e-cosmetica,html,2,7,17,Atividade Extensionista - Patologia e Disfunções,
estetica-e-cosmetica,Estética e Cosmética,Semipresencial,ESTEC_SEMI,https://sumare.edu.br/graduacao/semi/estetica-e-cosmetica,html,3,1,18,Eletroestética e Procedimentos em Estética Corporal,
estetica-e-cosmetica,Estética e Cosmética,Semipresencial,ESTEC_SEMI,https://sumare.edu.br/graduacao/semi/estetica-e-cosmetica,html,3,2,19,Massoterapia Estética e Relaxante,
estetica-e-cosmetica,Estética e Cosmética,Semipresencial,ESTEC_SEMI,https://sumare.edu.br/graduacao/semi/estetica-e-cosmetica,html,3,3,20,Princípios Ativos em Cosmetologia,
estetica-e-cosmetica,Estética e Cosmética,Semipresencial,ESTEC_SEMI,https://sumare.edu.br/graduacao/semi/estetica-e-cosmetica,html,3,4,21,Patologia para Estética e Cosmética - EAD,
estetica-e-cosmetica,Estética e Cosmética,Semipresencial,ESTEC_SEMI,https://sumare.edu.br/graduacao/semi/estetica-e-cosmetica,html,3,5,22,Tecnologia e Sociedade - EAD,
estetica-e-cosmetica,Estética e Cosmética,Semipresencial,ESTEC_SEMI,https://sumare.edu.br/graduacao/semi/estetica-e-cosmetica,html,3,6,23,Atividade Extensionista - Técnicas em Estética,
estetica-e-cosmetica,Estética e Cosmética,Semipresencial,ESTEC_SEMI,https://sumare.edu.br/graduacao/semi/estetica-e-cosmetica,html,4,1,24,Maquiagem,
estetica-e-cosmetica,Estética e Cosmética,Semipresencial,ESTEC_SEMI,https://sumare.edu.br/graduacao/semi/estetica-e-cosmetica,html,4,2,25,Técnicas Complementares em Estética e SPA,
estetica-e-cosmetica,Estética e Cosmética,Semipresencial,ESTEC_SEMI,https://sumare.edu.br/graduacao/semi/estetica-e-cosmetica,html,4,3,26,Terapia e Estética Capilar,
estetica-e-cosmetica,Estética e Cosmética,Semipresencial,ESTEC_SEMI,https://sumare.edu.br/graduacao/semi/estetica-e-cosmetica,html,4,4,27,Nutrição Aplicada a Estética - EAD,
estetica-e-cosmetica,Estética e Cosmética,Semipresencial,ESTEC_SEMI,https://sumare.edu.br/graduacao/semi/estetica-e-cosmetica,html,4,5,28,Comportamento nas Organizações - EAD,
estetica-e-cosmetica,Estética e Cosmética,Semipresencial,ESTEC_SEMI,https://sumare.edu.br/graduacao/semi/estetica-e-cosmetica,html,4,6,29,Atividade Extensionista - Técnicas complementares em Estética,
estetica-e-cosmetica,Estética e Cosmética,Semipresencial,ESTEC_SEMI,https://sumare.edu.br/graduacao/semi/estetica-e-cosmetica,html,5,1,30,Procedimentos Pré e Pós Cirurgias Estéticas,
estetica-e-cosmetica,Estética e Cosmética,Semipresencial,ESTEC_SEMI,https://sumare.edu.br/graduacao/semi/estetica-e-cosmetica,html,5,2,31,Procedimentos Estéticos Injetáveis,
estetica-e-cosmetica,Estética e Cosmética,Semipresencial,ESTEC_SEMI,https://sumare.edu.br/graduacao/semi/estetica-e-cosmetica,html,5,3,32,História e Evolução das Massagens - EAD,
estetica-e-cosmetica,Estética e Cosmética,Semipresencial,ESTEC_SEMI,https://sumare.edu.br/graduacao/semi/estetica-e-cosmetica,html,5,4,33,Planejamento de Negócios em Estética - EAD,
estetica-e-cosmetica,Estética e Cosmética,Semipresencial,ESTEC_SEMI,https://sumare.edu.br/graduacao/semi/estetica-e-cosmetica,html,5,5,34,Empreendedorismo - EAD,
farmacia,Farmácia,EAD,FARM_EAD,https://sumare.edu.br/graduacao/ead/farmacia,html,1,1,1,Bem-Vindo ao AVA Sumaré,"As disciplinas de cada curso da Sumaré são concebidas pelo NDE (Núcleo Docente Estruturante), que é composto por professores com notório saber, que além da DCN (Diretrizes Curriculares Nacionais) de cada curso, levam em consideração as pautas mais importantes do mercado de trabalho, ou seja, o que você aprende na Sumaré você usa na prática!"
farmacia,Farmácia,EAD,FARM_EAD,https://sumare.edu.br/graduacao/ead/farmacia,html,1,2,2,Conheça seu Tutor,
farmacia,Farmácia,EAD,FARM_EAD,https://sumare.edu.br/graduacao/ead/farmacia,html,1,3,3,Conheça seu curso - Farmácia,
farmacia,Farmácia,EAD,FARM_EAD,https://sumare.edu.br/graduacao/ead/farmacia,html,1,4,4,Biossegurança e Boas Práticas Laboratoriais,
farmacia,Farmácia,EAD,FARM_EAD,https://sumare.edu.br/graduacao/ead/farmacia,html,1,5,5,Sistemas Anatômicos,
farmacia,Farmácia,EAD,FARM_EAD,https://sumare.edu.br/graduacao/ead/farmacia,html,1,6,6,Estrutura Celular e Tecidual: Histologia e Embriologia,
farmacia,Farmácia,EAD,FARM_EAD,https://sumare.edu.br/graduacao/ead/farmacia,html,1,7,7,Bioestátistica Aplicada a Saúde,
farmacia,Farmácia,EAD,FARM_EAD,https://sumare.edu.br/graduacao/ead/farmacia,html,1,8,8,Atividade Extensionista - Aplicação na Farmácia,
farmacia,Farmácia,EAD,FARM_EAD,https://sumare.edu.br/graduacao/ead/farmacia,html,1,9,9,Biblioteca Virtual,
farmacia,Farmácia,EAD,FARM_EAD,https://sumare.edu.br/graduacao/ead/farmacia,html,2,1,10,Fisiologia Humana,
farmacia,Farmácia,EAD,FARM_EAD,https://sumare.edu.br/graduacao/ead/farmacia,html,2,2,11,Imunologia,
farmacia,Farmácia,EAD,FARM_EAD,https://sumare.edu.br/graduacao/ead/farmacia,html,2,3,12,Mecanismos de Agressão e Defesa: Microbiologia,
farmacia,Farmácia,EAD,FARM_EAD,https://sumare.edu.br/graduacao/ead/farmacia,html,2,4,13,Epidemiologia e Saúde Pública,
farmacia,Farmácia,EAD,FARM_EAD,https://sumare.edu.br/graduacao/ead/farmacia,html,2,5,14,Atividade Extensionista - Análise Epidemiológicas,
farmacia,Farmácia,EAD,FARM_EAD,https://sumare.edu.br/graduacao/ead/farmacia,html,3,1,15,Estágio Supervisionado - Farmácia,
farmacia,Farmácia,EAD,FARM_EAD,https://sumare.edu.br/graduacao/ead/farmacia,html,3,2,16,Biofísica,
farmacia,Farmácia,EAD,FARM_EAD,https://sumare.edu.br/graduacao/ead/farmacia,html,3,3,17,Química Inorgânica e Físico-Química,
farmacia,Farmácia,EAD,FARM_EAD,https://sumare.edu.br/graduacao/ead/farmacia,html,3,4,18,Química Orgânica,
farmacia,Farmácia,EAD,FARM_EAD,https://sumare.edu.br/graduacao/ead/farmacia,html,3,5,19,Atividade Extensionista - Análise Químicas na Farmácia,
farmacia,Farmácia,EAD,FARM_EAD,https://sumare.edu.br/graduacao/ead/farmacia,html,3,6,20,Bioquímica Básica,
farmacia,Farmácia,EAD,FARM_EAD,https://sumare.edu.br/graduacao/ead/farmacia,html,4,1,21,Microbiologia / Micologia Médica,
farmacia,Farmácia,EAD,FARM_EAD,https://sumare.edu.br/graduacao/ead/farmacia,html,4,2,22,Mecanismos de Agressão e Defesa: Parasitologia,
farmacia,Farmácia,EAD,FARM_EAD,https://sumare.edu.br/graduacao/ead/farmacia,html,4,3,23,Química Farmacêutica e Medicinal,
farmacia,Farmácia,EAD,FARM_EAD,https://sumare.edu.br/graduacao/ead/farmacia,html,4,4,24,Química Analítica Quantitativa e Qualitativa,
farmacia,Farmácia,EAD,FARM_EAD,https://sumare.edu.br/graduacao/ead/farmacia,html,4,5,25,Atividade Extensionista - Doenças Infecciosas,
farmacia,Farmácia,EAD,FARM_EAD,https://sumare.edu.br/graduacao/ead/farmacia,html,5,1,26,Fundamentos de Farmacologia,
farmacia,Farmácia,EAD,FARM_EAD,https://sumare.edu.br/graduacao/ead/farmacia,html,5,2,27,Farmacologia Aplicada I,
farmacia,Farmácia,EAD,FARM_EAD,https://sumare.edu.br/graduacao/ead/farmacia,html,5,3,28,Farmacologia Aplicada II,
farmacia,Farmácia,EAD,FARM_EAD,https://sumare.edu.br/graduacao/ead/farmacia,html,5,4,29,Bromatologia,
farmacia,Farmácia,EAD,FARM_EAD,https://sumare.edu.br/graduacao/ead/farmacia,html,5,5,30,Atividade Extensionista - Farmacologia,
farmacia,Farmácia,EAD,FARM_EAD,https://sumare.edu.br/graduacao/ead/farmacia,html,6,1,31,"Bioética, Legislação e Deontologia em Farmácia",
farmacia,Farmácia,EAD,FARM_EAD,https://sumare.edu.br/graduacao/ead/farmacia,html,6,2,32,Gestão e Empreendedorismo na Farmácia,
farmacia,Farmácia,EAD,FARM_EAD,https://sumare.edu.br/graduacao/ead/farmacia,html,6,3,33,Comportamento nas Organizações,
farmacia,Farmácia,EAD,FARM_EAD,https://sumare.edu.br/graduacao/ead/farmacia,html,6,4,34,Projeto de Pesquisa Integrador em Farmácia,
farmacia,Farmácia,EAD,FARM_EAD,https://sumare.edu.br/graduacao/ead/farmacia,html,7,1,35,Farmacognosia,
farmacia,Farmácia,EAD,FARM_EAD,https://sumare.edu.br/graduacao/ead/farmacia,html,7,2,36,Farmacobotânica e Fitoquímica,
farmacia,Farmácia,EAD,FARM_EAD,https://sumare.edu.br/graduacao/ead/farmacia,html,7,3,37,Homeopatia,
farmacia,Farmácia,EAD,FARM_EAD,https://sumare.edu.br/graduacao/ead/farmacia,html,7,4,38,Terapias Tradicionais com Raízes dos Povos Originais do Brasil,
farmacia,Farmácia,EAD,FARM_EAD,https://sumare.edu.br/graduacao/ead/farmacia,html,8,1,39,Farmácia Hospitalar e Clínica,
farmacia,Farmácia,EAD,FARM_EAD,https://sumare.edu.br/graduacao/ead/farmacia,html,8,2,40,Assistência Farmacêutica,
farmacia,Farmácia,EAD,FARM_EAD,https://sumare.edu.br/graduacao/ead/farmacia,html,8,3,41,Governança Corporativa,
farmacia,Farmácia,EAD,FARM_EAD,https://sumare.edu.br/graduacao/ead/farmacia,html,8,4,42,Sustentabilidade e Responsabilidade Social,
farmacia,Farmácia,EAD,FARM_EAD,https://sumare.edu.br/graduacao/ead/farmacia,html,9,1,43,"Controle de Qualidade de Insumos Farmacêuticos, Alimentos e Cosméticos",
farmacia,Farmácia,EAD,FARM_EAD,https://sumare.edu.br/graduacao/ead/farmacia,html,9,2,44,Farmacotécnica I,
farmacia,Farmácia,EAD,FARM_EAD,https://sumare.edu.br/graduacao/ead/farmacia,html,9,3,45,Farmacotécnica II,
farmacia,Farmácia,EAD,FARM_EAD,https://sumare.edu.br/graduacao/ead/farmacia,html,9,4,46,Tecnologia de Cosméticos,
farmacia,Farmácia,EAD,FARM_EAD,https://sumare.edu.br/graduacao/ead/farmacia,html,10,1,47,Toxicologia,
farmacia,Farmácia,EAD,FARM_EAD,https://sumare.edu.br/graduacao/ead/farmacia,html,10,2,48,Hematologia,
farmacia,Farmácia,EAD,FARM_EAD,https://sumare.edu.br/graduacao/ead/farmacia,html,10,3,49,Biologia Molecular e Biotecnologia,
farmacia,Farmácia,EAD,FARM_EAD,https://sumare.edu.br/graduacao/ead/farmacia,html,10,4,50,Bioquímica Clinica,
farmacia,Farmácia,Semipresencial,FARM_SEMI,https://sumare.edu.br/graduacao/semi/farmacia,html,1,1,1,Bem-Vindo ao AVA Sumaré,"As disciplinas de cada curso da Sumaré são concebidas pelo NDE (Núcleo Docente Estruturante), que é composto por professores com notório saber, que além da DCN (Diretrizes Curriculares Nacionais) de cada curso, levam em consideração as pautas mais importantes do mercado de trabalho, ou seja, o que você aprende na Sumaré você usa na prática!"
farmacia,Farmácia,Semipresencial,FARM_SEMI,https://sumare.edu.br/graduacao/semi/farmacia,html,1,2,2,Conheça seu Tutor,
farmacia,Farmácia,Semipresencial,FARM_SEMI,https://sumare.edu.br/graduacao/semi/farmacia,html,1,3,3,Conheça seu curso - Farmácia Semipresencial,
farmacia,Farmácia,Semipresencial,FARM_SEMI,https://sumare.edu.br/graduacao/semi/farmacia,html,1,4,4,Sistemas Anatômicos,
farmacia,Farmácia,Semipresencial,FARM_SEMI,https://sumare.edu.br/graduacao/semi/farmacia,html,1,5,5,Estatística Aplicada à Saúde,
farmacia,Farmácia,Semipresencial,FARM_SEMI,https://sumare.edu.br/graduacao/semi/farmacia,html,1,6,6,Biossegurança e Boas Práticas Laboratoriais,
farmacia,Farmácia,Semipresencial,FARM_SEMI,https://sumare.edu.br/graduacao/semi/farmacia,html,1,7,7,Fisiologia Humana,
farmacia,Farmácia,Semipresencial,FARM_SEMI,https://sumare.edu.br/graduacao/semi/farmacia,html,1,8,8,Atividade Extensionista - Aplicação na Farmácia,
farmacia,Farmácia,Semipresencial,FARM_SEMI,https://sumare.edu.br/graduacao/semi/farmacia,html,1,9,9,Biblioteca Virtual,
farmacia,Farmácia,Semipresencial,FARM_SEMI,https://sumare.edu.br/graduacao/semi/farmacia,html,2,1,10,Estrutura Celular e Tecidual: Histologia e Embriologia,
farmacia,Farmácia,Semipresencial,FARM_SEMI,https://sumare.edu.br/graduacao/semi/farmacia,html,2,2,11,Epidemiologia e Saúde Pública,
farmacia,Farmácia,Semipresencial,FARM_SEMI,https://sumare.edu.br/graduacao/semi/farmacia,html,2,3,12,Mecanismos de Agressão e Defesa: Imunologia,
farmacia,Farmácia,Semipresencial,FARM_SEMI,https://sumare.edu.br/graduacao/semi/farmacia,html,2,4,13,Mecanismos de Agressão e Defesa: Microbiologia,
farmacia,Farmácia,Semipresencial,FARM_SEMI,https://sumare.edu.br/graduacao/semi/farmacia,html,2,5,14,Atividade Extensionista - Análise Epidemiológicas,
farmacia,Farmácia,Semipresencial,FARM_SEMI,https://sumare.edu.br/graduacao/semi/farmacia,html,3,1,15,Estágio Supervisionado - Farmácia,
farmacia,Farmácia,Semipresencial,FARM_SEMI,https://sumare.edu.br/graduacao/semi/farmacia,html,3,2,16,Biofísica,
farmacia,Farmácia,Semipresencial,FARM_SEMI,https://sumare.edu.br/graduacao/semi/farmacia,html,3,3,17,Bioquímica Básica,
farmacia,Farmácia,Semipresencial,FARM_SEMI,https://sumare.edu.br/graduacao/semi/farmacia,html,3,4,18,Química Inorgânica e Físico-Química,
farmacia,Farmácia,Semipresencial,FARM_SEMI,https://sumare.edu.br/graduacao/semi/farmacia,html,3,5,19,Química Orgânica,
farmacia,Farmácia,Semipresencial,FARM_SEMI,https://sumare.edu.br/graduacao/semi/farmacia,html,3,6,20,Atividade Extensionista - Análise Químicas na Farmácia,
farmacia,Farmácia,Semipresencial,FARM_SEMI,https://sumare.edu.br/graduacao/semi/farmacia,html,4,1,21,Química Farmacêutica e Medicinal,
farmacia,Farmácia,Semipresencial,FARM_SEMI,https://sumare.edu.br/graduacao/semi/farmacia,html,4,2,22,Química Analítica Quantitativa e Qualitativa,
farmacia,Farmácia,Semipresencial,FARM_SEMI,https://sumare.edu.br/graduacao/semi/farmacia,html,4,3,23,Mecanismos de Agressão e Defesa: Parasitologia,
farmacia,Farmácia,Semipresencial,FARM_SEMI,https://sumare.edu.br/graduacao/semi/farmacia,html,4,4,24,Microbiologia / Micologia Médica,
farmacia,Farmácia,Semipresencial,FARM_SEMI,https://sumare.edu.br/graduacao/semi/farmacia,html,4,5,25,Atividade Extensionista - Doenças Infecciosas,
farmacia,Farmácia,Semipresencial,FARM_SEMI,https://sumare.edu.br/graduacao/semi/farmacia,html,5,1,26,Bromatologia,
farmacia,Farmácia,Semipresencial,FARM_SEMI,https://sumare.edu.br/graduacao/semi/farmacia,html,5,2,27,Fundamentos de Farmacologia,
farmacia,Farmácia,Semipresencial,FARM_SEMI,https://sumare.edu.br/graduacao/semi/farmacia,html,5,3,28,Farmacologia Aplicada I,
farmacia,Farmácia,Semipresencial,FARM_SEMI,https://sumare.edu.br/graduacao/semi/farmacia,html,5,4,29,Farmacologia Aplicada II,
farmacia,Farmácia,Semipresencial,FARM_SEMI,https://sumare.edu.br/graduacao/semi/farmacia,html,5,5,30,Atividade Extensionista - Farmacologia,
farmacia,Farmácia,Semipresencial,FARM_SEMI,https://sumare.edu.br/graduacao/semi/farmacia,html,6,1,31,Comportamento nas Organizações,
farmacia,Farmácia,Semipresencial,FARM_SEMI,https://sumare.edu.br/graduacao/semi/farmacia,html,6,2,32,"Bioética, Legislação e Deontologia Farmacêutica",
farmacia,Farmácia,Semipresencial,FARM_SEMI,https://sumare.edu.br/graduacao/semi/farmacia,html,6,3,33,Gestão e Empreendedorismo na Farmácia,
farmacia,Farmácia,Semipresencial,FARM_SEMI,https://sumare.edu.br/graduacao/semi/farmacia,html,6,4,34,Projeto de Pesquisa Integrador em Farmácia,
farmacia,Farmácia,Semipresencial,FARM_SEMI,https://sumare.edu.br/graduacao/semi/farmacia,html,7,1,35,Farmacognosia,
farmacia,Farmácia,Semipresencial,FARM_SEMI,https://sumare.edu.br/graduacao/semi/farmacia,html,7,2,36,Terapias Tradicionais com Raizes dos Povos Originais do Brasil,
farmacia,Farmácia,Semipresencial,FARM_SEMI,https://sumare.edu.br/graduacao/semi/farmacia,html,7,3,37,Homeopatia,
farmacia,Farmácia,Semipresencial,FARM_SEMI,https://sumare.edu.br/graduacao/semi/farmacia,html,7,4,38,Farmacobotânica e Fitoquímica,
farmacia,Farmácia,Semipresencial,FARM_SEMI,https://sumare.edu.br/graduacao/semi/farmacia,html,8,1,39,Sustentabilidade e Responsabilidade Social,
farmacia,Farmácia,Semipresencial,FARM_SEMI,https://sumare.edu.br/graduacao/semi/farmacia,html,8,2,40,Governança Corporativa,
farmacia,Farmácia,Semipresencial,FARM_SEMI,https://sumare.edu.br/graduacao/semi/farmacia,html,8,3,41,Farmácia Hospitalar e Clinica,
farmacia,Farmácia,Semipresencial,FARM_SEMI,https://sumare.edu.br/graduacao/semi/farmacia,html,8,4,42,Assistência Farmacêutica,
farmacia,Farmácia,Semipresencial,FARM_SEMI,https://sumare.edu.br/graduacao/semi/farmacia,html,9,1,43,"Controle de Qualidade de Insumos Farmacêuticos, Alimentos e Cosméticos",
farmacia,Farmácia,Semipresencial,FARM_SEMI,https://sumare.edu.br/graduacao/semi/farmacia,html,9,2,44,Farmacotécnica I,
farmacia,Farmácia,Semipresencial,FARM_SEMI,https://sumare.edu.br/graduacao/semi/farmacia,html,9,3,45,Farmacotécnica II,
farmacia,Farmácia,Semipresencial,FARM_SEMI,https://sumare.edu.br/graduacao/semi/farmacia,html,9,4,46,Tecnologia de Cosméticos,
farmacia,Farmácia,Semipresencial,FARM_SEMI,https://sumare.edu.br/graduacao/semi/farmacia,html,10,1,47,Hematologia,
farmacia,Farmácia,Semipresencial,FARM_SEMI,https://sumare.edu.br/graduacao/semi/farmacia,html,10,2,48,Toxicologia,
farmacia,Farmácia,Semipresencial,FARM_SEMI,https://sumare.edu.br/graduacao/semi/farmacia,html,10,3,49,Bioquímica Clinica,
farmacia,Farmácia,Semipresencial,FARM_SEMI,https://sumare.edu.br/graduacao/semi/farmacia,html,10,4,50,Biologia Molecular e Biotecnologia,
fisioterapia,Fisioterapia,EAD,FISIO_EAD,https://sumare.edu.br/graduacao/ead/fisioterapia,html,1,1,1,Bem-Vindo ao AVA Sumaré,"As disciplinas de cada curso da Sumaré são concebidas pelo NDE (Núcleo Docente Estruturante), que é composto por professores com notório saber, que além da DCN (Diretrizes Curriculares Nacionais) de cada curso, levam em consideração as pautas mais importantes do mercado de trabalho, ou seja, o que você aprende na Sumaré você usa na prática!"
fisioterapia,Fisioterapia,EAD,FISIO_EAD,https://sumare.edu.br/graduacao/ead/fisioterapia,html,1,2,2,Conheça seu Tutor,
fisioterapia,Fisioterapia,EAD,FISIO_EAD,https://sumare.edu.br/graduacao/ead/fisioterapia,html,1,3,3,Conheça seu curso - Fisioterapia,
fisioterapia,Fisioterapia,EAD,FISIO_EAD,https://sumare.edu.br/graduacao/ead/fisioterapia,html,1,4,4,Estrutura celular e tecidual: anatomia e citologia,
fisioterapia,Fisioterapia,EAD,FISIO_EAD,https://sumare.edu.br/graduacao/ead/fisioterapia,html,1,5,5,"Ética, Estudos sociológicos e antropológicos",
fisioterapia,Fisioterapia,EAD,FISIO_EAD,https://sumare.edu.br/graduacao/ead/fisioterapia,html,1,6,6,Atividade Extensionista - Sistemas Anatômicos,
fisioterapia,Fisioterapia,EAD,FISIO_EAD,https://sumare.edu.br/graduacao/ead/fisioterapia,html,1,7,7,Psicologia Aplicada à Saúde,
fisioterapia,Fisioterapia,EAD,FISIO_EAD,https://sumare.edu.br/graduacao/ead/fisioterapia,html,1,8,8,Biblioteca Virtual,
fisioterapia,Fisioterapia,EAD,FISIO_EAD,https://sumare.edu.br/graduacao/ead/fisioterapia,html,2,1,9,Semiologia Fisioterapêutica,
fisioterapia,Fisioterapia,EAD,FISIO_EAD,https://sumare.edu.br/graduacao/ead/fisioterapia,html,2,2,10,Estrutura celular e tecidual: histologia e embriologia,
fisioterapia,Fisioterapia,EAD,FISIO_EAD,https://sumare.edu.br/graduacao/ead/fisioterapia,html,2,3,11,Biofísica e Fisiologia,
fisioterapia,Fisioterapia,EAD,FISIO_EAD,https://sumare.edu.br/graduacao/ead/fisioterapia,html,2,4,12,Atividade Extensionista - Semiologia,
fisioterapia,Fisioterapia,EAD,FISIO_EAD,https://sumare.edu.br/graduacao/ead/fisioterapia,html,2,5,13,Tecnologia e Sociedade,
fisioterapia,Fisioterapia,EAD,FISIO_EAD,https://sumare.edu.br/graduacao/ead/fisioterapia,html,3,1,14,Atividade Extensionista - Cinesiologia,
fisioterapia,Fisioterapia,EAD,FISIO_EAD,https://sumare.edu.br/graduacao/ead/fisioterapia,html,3,2,15,Anatomia Palpatória,
fisioterapia,Fisioterapia,EAD,FISIO_EAD,https://sumare.edu.br/graduacao/ead/fisioterapia,html,3,3,16,Cinesiologia e Fisiologia do Exercício,
fisioterapia,Fisioterapia,EAD,FISIO_EAD,https://sumare.edu.br/graduacao/ead/fisioterapia,html,3,4,17,Sustentabilidade e Responsabilidade social,
fisioterapia,Fisioterapia,EAD,FISIO_EAD,https://sumare.edu.br/graduacao/ead/fisioterapia,html,4,1,18,Farmacologia aplicada a Fisioterapia,
fisioterapia,Fisioterapia,EAD,FISIO_EAD,https://sumare.edu.br/graduacao/ead/fisioterapia,html,4,2,19,Mecanismos de agressão e defesa: Imunologia e Parasitologia,
fisioterapia,Fisioterapia,EAD,FISIO_EAD,https://sumare.edu.br/graduacao/ead/fisioterapia,html,4,3,20,Atividade Extensionista - Doenças Infecciosas,
fisioterapia,Fisioterapia,EAD,FISIO_EAD,https://sumare.edu.br/graduacao/ead/fisioterapia,html,4,4,21,Mecanismos de agressão e defesa: Microbiologia,
fisioterapia,Fisioterapia,EAD,FISIO_EAD,https://sumare.edu.br/graduacao/ead/fisioterapia,html,5,1,22,Eletrotermofototerapia,
fisioterapia,Fisioterapia,EAD,FISIO_EAD,https://sumare.edu.br/graduacao/ead/fisioterapia,html,5,2,23,Recursos Terapêuticos Manual,
fisioterapia,Fisioterapia,EAD,FISIO_EAD,https://sumare.edu.br/graduacao/ead/fisioterapia,html,5,3,24,Atividade Extensionista - Recursos Terapêuticos,
fisioterapia,Fisioterapia,EAD,FISIO_EAD,https://sumare.edu.br/graduacao/ead/fisioterapia,html,5,4,25,Saúde Pública e Epidemiologia,
fisioterapia,Fisioterapia,EAD,FISIO_EAD,https://sumare.edu.br/graduacao/ead/fisioterapia,html,5,5,26,Aplicação e Análise de Casos,
fisioterapia,Fisioterapia,EAD,FISIO_EAD,https://sumare.edu.br/graduacao/ead/fisioterapia,html,6,1,27,Estágio Supervisionado - Fisioterapia,
fisioterapia,Fisioterapia,EAD,FISIO_EAD,https://sumare.edu.br/graduacao/ead/fisioterapia,html,6,2,28,Cinesioterapia e Fisioterapia Neurológica,
fisioterapia,Fisioterapia,EAD,FISIO_EAD,https://sumare.edu.br/graduacao/ead/fisioterapia,html,6,3,29,Fisioterapia: Respiratória,
fisioterapia,Fisioterapia,EAD,FISIO_EAD,https://sumare.edu.br/graduacao/ead/fisioterapia,html,6,4,30,Governança Corporativa,
fisioterapia,Fisioterapia,EAD,FISIO_EAD,https://sumare.edu.br/graduacao/ead/fisioterapia,html,7,1,31,Fisioterapia Aquática,
fisioterapia,Fisioterapia,EAD,FISIO_EAD,https://sumare.edu.br/graduacao/ead/fisioterapia,html,7,2,32,Fisioterapia em Saúde do Idoso,
fisioterapia,Fisioterapia,EAD,FISIO_EAD,https://sumare.edu.br/graduacao/ead/fisioterapia,html,7,3,33,Fisioterapia Dermatofuncional,
fisioterapia,Fisioterapia,EAD,FISIO_EAD,https://sumare.edu.br/graduacao/ead/fisioterapia,html,7,4,34,Direito Empresarial,
fisioterapia,Fisioterapia,EAD,FISIO_EAD,https://sumare.edu.br/graduacao/ead/fisioterapia,html,8,1,35,"Fisioterapia Traumato, Ortopédica e Esportiva",
fisioterapia,Fisioterapia,EAD,FISIO_EAD,https://sumare.edu.br/graduacao/ead/fisioterapia,html,8,2,36,Fisioterapia: Saúde do Trabalhador,
fisioterapia,Fisioterapia,EAD,FISIO_EAD,https://sumare.edu.br/graduacao/ead/fisioterapia,html,8,3,37,Comportamento nas Organizações,
fisioterapia,Fisioterapia,EAD,FISIO_EAD,https://sumare.edu.br/graduacao/ead/fisioterapia,html,9,1,38,Fisioterapia Uro-Ginecológica,
fisioterapia,Fisioterapia,EAD,FISIO_EAD,https://sumare.edu.br/graduacao/ead/fisioterapia,html,9,2,39,Fisioterapia: Cardiovascular,
fisioterapia,Fisioterapia,EAD,FISIO_EAD,https://sumare.edu.br/graduacao/ead/fisioterapia,html,9,3,40,Metodologia da Pesquisa,
fisioterapia,Fisioterapia,EAD,FISIO_EAD,https://sumare.edu.br/graduacao/ead/fisioterapia,html,10,1,41,Fisioterapía: Terapia Intensiva,
fisioterapia,Fisioterapia,EAD,FISIO_EAD,https://sumare.edu.br/graduacao/ead/fisioterapia,html,10,2,42,Trabalho de Conclusão de Curso,
fisioterapia,Fisioterapia,EAD,FISIO_EAD,https://sumare.edu.br/graduacao/ead/fisioterapia,html,10,3,43,Fisioterapia Reumatológica e Oncológica,
fisioterapia,Fisioterapia,Semipresencial,FISIO_SEMI,https://sumare.edu.br/graduacao/semi/fisioterapia,html,1,1,1,Bem-Vindo ao AVA Sumaré,"As disciplinas de cada curso da Sumaré são concebidas pelo NDE (Núcleo Docente Estruturante), que é composto por professores com notório saber, que além da DCN (Diretrizes Curriculares Nacionais) de cada curso, levam em consideração as pautas mais importantes do mercado de trabalho, ou seja, o que você aprende na Sumaré você usa na prática!"
fisioterapia,Fisioterapia,Semipresencial,FISIO_SEMI,https://sumare.edu.br/graduacao/semi/fisioterapia,html,1,2,2,Conheça seu Tutor,
fisioterapia,Fisioterapia,Semipresencial,FISIO_SEMI,https://sumare.edu.br/graduacao/semi/fisioterapia,html,1,3,3,Conheça seu curso - Fisioterapia Semipresencial,
fisioterapia,Fisioterapia,Semipresencial,FISIO_SEMI,https://sumare.edu.br/graduacao/semi/fisioterapia,html,1,4,4,Sistemas Anatômicos,
fisioterapia,Fisioterapia,Semipresencial,FISIO_SEMI,https://sumare.edu.br/graduacao/semi/fisioterapia,html,1,5,5,"Ética, Estudos Sociológicos e Antropológicos",
fisioterapia,Fisioterapia,Semipresencial,FISIO_SEMI,https://sumare.edu.br/graduacao/semi/fisioterapia,html,1,6,6,Psicologia Aplicada à Saúde,
fisioterapia,Fisioterapia,Semipresencial,FISIO_SEMI,https://sumare.edu.br/graduacao/semi/fisioterapia,html,1,7,7,Atividade Extensionista - Sistemas Anatômicos,
fisioterapia,Fisioterapia,Semipresencial,FISIO_SEMI,https://sumare.edu.br/graduacao/semi/fisioterapia,html,1,8,8,Biblioteca Virtual,
fisioterapia,Fisioterapia,Semipresencial,FISIO_SEMI,https://sumare.edu.br/graduacao/semi/fisioterapia,html,2,1,9,Estrutura Celular e Tecidual: Histologia e Embriologia,
fisioterapia,Fisioterapia,Semipresencial,FISIO_SEMI,https://sumare.edu.br/graduacao/semi/fisioterapia,html,2,2,10,Semiologia Fisioterapêutica,
fisioterapia,Fisioterapia,Semipresencial,FISIO_SEMI,https://sumare.edu.br/graduacao/semi/fisioterapia,html,2,3,11,Biofísica e Fisiologia,
fisioterapia,Fisioterapia,Semipresencial,FISIO_SEMI,https://sumare.edu.br/graduacao/semi/fisioterapia,html,2,4,12,Tecnologia e Sociedade,
fisioterapia,Fisioterapia,Semipresencial,FISIO_SEMI,https://sumare.edu.br/graduacao/semi/fisioterapia,html,2,5,13,Atividade Extensionista - Semiologia,
fisioterapia,Fisioterapia,Semipresencial,FISIO_SEMI,https://sumare.edu.br/graduacao/semi/fisioterapia,html,3,1,14,Cinesiologia e Fisiologia do Exercício,
fisioterapia,Fisioterapia,Semipresencial,FISIO_SEMI,https://sumare.edu.br/graduacao/semi/fisioterapia,html,3,2,15,Sustentabilidade e Responsabilidade Social,
fisioterapia,Fisioterapia,Semipresencial,FISIO_SEMI,https://sumare.edu.br/graduacao/semi/fisioterapia,html,3,3,16,Anatomia Palpatória,
fisioterapia,Fisioterapia,Semipresencial,FISIO_SEMI,https://sumare.edu.br/graduacao/semi/fisioterapia,html,3,4,17,Atividade Extensionista - Cinesiologia e Filosofia do Exercício,
fisioterapia,Fisioterapia,Semipresencial,FISIO_SEMI,https://sumare.edu.br/graduacao/semi/fisioterapia,html,4,1,18,Mecanismos de Agressão e Defesa: Microbiologia,
fisioterapia,Fisioterapia,Semipresencial,FISIO_SEMI,https://sumare.edu.br/graduacao/semi/fisioterapia,html,4,2,19,Mecanismos de Agressão e Defesa: Imunologia e Parasitologia,
fisioterapia,Fisioterapia,Semipresencial,FISIO_SEMI,https://sumare.edu.br/graduacao/semi/fisioterapia,html,4,3,20,Fundamentos da Farmacologia,
fisioterapia,Fisioterapia,Semipresencial,FISIO_SEMI,https://sumare.edu.br/graduacao/semi/fisioterapia,html,4,4,21,Atividade Extensionista - Doenças Infecciosas,
fisioterapia,Fisioterapia,Semipresencial,FISIO_SEMI,https://sumare.edu.br/graduacao/semi/fisioterapia,html,5,1,22,Epidemiologia e Saúde Pública,
fisioterapia,Fisioterapia,Semipresencial,FISIO_SEMI,https://sumare.edu.br/graduacao/semi/fisioterapia,html,5,2,23,Recursos Terapêuticos Manual,
fisioterapia,Fisioterapia,Semipresencial,FISIO_SEMI,https://sumare.edu.br/graduacao/semi/fisioterapia,html,5,3,24,Estatística Aplicada à Saúde,
fisioterapia,Fisioterapia,Semipresencial,FISIO_SEMI,https://sumare.edu.br/graduacao/semi/fisioterapia,html,5,4,25,Eletrotermofototerapia,
fisioterapia,Fisioterapia,Semipresencial,FISIO_SEMI,https://sumare.edu.br/graduacao/semi/fisioterapia,html,5,5,26,Atividade Extensionista - Recursos Terapêuticos em Fisioterapia,
fisioterapia,Fisioterapia,Semipresencial,FISIO_SEMI,https://sumare.edu.br/graduacao/semi/fisioterapia,html,6,1,27,Estágio Supervisionado - Fisioterapia,
fisioterapia,Fisioterapia,Semipresencial,FISIO_SEMI,https://sumare.edu.br/graduacao/semi/fisioterapia,html,6,2,28,Fisioterapia Respiratória,
fisioterapia,Fisioterapia,Semipresencial,FISIO_SEMI,https://sumare.edu.br/graduacao/semi/fisioterapia,html,6,3,29,Cinesioterapia e Fisioterapia Neurológica,
fisioterapia,Fisioterapia,Semipresencial,FISIO_SEMI,https://sumare.edu.br/graduacao/semi/fisioterapia,html,6,4,30,Imagenologia Aplicada a Fisioterapia,
fisioterapia,Fisioterapia,Semipresencial,FISIO_SEMI,https://sumare.edu.br/graduacao/semi/fisioterapia,html,7,1,31,Fisioterapia em Saúde do Idoso,
fisioterapia,Fisioterapia,Semipresencial,FISIO_SEMI,https://sumare.edu.br/graduacao/semi/fisioterapia,html,7,2,32,Fisioterapia Aquática,
fisioterapia,Fisioterapia,Semipresencial,FISIO_SEMI,https://sumare.edu.br/graduacao/semi/fisioterapia,html,7,3,33,Fisioterapia Dermatofuncional,
fisioterapia,Fisioterapia,Semipresencial,FISIO_SEMI,https://sumare.edu.br/graduacao/semi/fisioterapia,html,7,4,34,Direito Empresarial,
fisioterapia,Fisioterapia,Semipresencial,FISIO_SEMI,https://sumare.edu.br/graduacao/semi/fisioterapia,html,8,1,35,Fisioterapia Saúde do Trabalhador,
fisioterapia,Fisioterapia,Semipresencial,FISIO_SEMI,https://sumare.edu.br/graduacao/semi/fisioterapia,html,8,2,36,"Fisioterapia Traumato, Ortopédica e Esportiva",
fisioterapia,Fisioterapia,Semipresencial,FISIO_SEMI,https://sumare.edu.br/graduacao/semi/fisioterapia,html,8,3,37,Comportamento nas Organizações,
fisioterapia,Fisioterapia,Semipresencial,FISIO_SEMI,https://sumare.edu.br/graduacao/semi/fisioterapia,html,9,1,38,Fisioterapia Uro-Ginecológica,
fisioterapia,Fisioterapia,Semipresencial,FISIO_SEMI,https://sumare.edu.br/graduacao/semi/fisioterapia,html,9,2,39,Metodologia da Pesquisa,
fisioterapia,Fisioterapia,Semipresencial,FISIO_SEMI,https://sumare.edu.br/graduacao/semi/fisioterapia,html,9,3,40,Fisioterapia Cardiovascular,
fisioterapia,Fisioterapia,Semipresencial,FISIO_SEMI,https://sumare.edu.br/graduacao/semi/fisioterapia,html,10,1,41,Fisioterapia Reumatológica e Oncológica,
fisioterapia,Fisioterapia,Semipresencial,FISIO_SEMI,https://sumare.edu.br/graduacao/semi/fisioterapia,html,10,2,42,Fisioterapia Terapia Intensiva,
fisioterapia,Fisioterapia,Semipresencial,FISIO_SEMI,https://sumare.edu.br/graduacao/semi/fisioterapia,html,10,3,43,Trabalho de Conclusão de Curso,
gastronomia,Gastronomia,EAD,GAST_EAD,https://sumare.edu.br/graduacao/ead/gastronomia,api,1,1,1,Antropologia e História da Gastronomia,"As disciplinas de cada curso da Sumaré são concebidas pelo NDE (Núcleo Docente Estruturante), que é composto por professores com notório saber, que além da DCN (Diretrizes Curriculares Nacionais) de cada curso, levam em consideração as pautas mais importantes do mercado de trabalho, ou seja, o que você aprende na Sumaré você usa na prática!"
gastronomia,Gastronomia,EAD,GAST_EAD,https://sumare.edu.br/graduacao/ead/gastronomia,api,1,2,2,Atividade Extensionista - História da Gastronomia,
gastronomia,Gastronomia,EAD,GAST_EAD,https://sumare.edu.br/graduacao/ead/gastronomia,api,1,3,3,Estudo Experimental dos Alimentos,
gastronomia,Gastronomia,EAD,GAST_EAD,https://sumare.edu.br/graduacao/ead/gastronomia,api,1,4,4,Gastronomia e Culinária,
gastronomia,Gastronomia,EAD,GAST_EAD,https://sumare.edu.br/graduacao/ead/gastronomia,api,1,5,5,Gastronomia para Eventos,
gastronomia,Gastronomia,EAD,GAST_EAD,https://sumare.edu.br/graduacao/ead/gastronomia,api,2,1,6,Bases da Panificação e Confeitaria,
gastronomia,Gastronomia,EAD,GAST_EAD,https://sumare.edu.br/graduacao/ead/gastronomia,api,2,2,7,Atividade Extensionista - Panificação e Confeitaria,
gastronomia,Gastronomia,EAD,GAST_EAD,https://sumare.edu.br/graduacao/ead/gastronomia,api,2,3,8,Enologia,
gastronomia,Gastronomia,EAD,GAST_EAD,https://sumare.edu.br/graduacao/ead/gastronomia,api,2,4,9,Comportamento Organizacional e Empreendedorismo,
gastronomia,Gastronomia,EAD,GAST_EAD,https://sumare.edu.br/graduacao/ead/gastronomia,api,2,5,10,Pesquisa Aplicada a Gastronomia,
gastronomia,Gastronomia,EAD,GAST_EAD,https://sumare.edu.br/graduacao/ead/gastronomia,api,3,1,11,Gastronomia das Américas,
gastronomia,Gastronomia,EAD,GAST_EAD,https://sumare.edu.br/graduacao/ead/gastronomia,api,3,2,12,Atividade Extensionista - Alimentos e Bebidas,
gastronomia,Gastronomia,EAD,GAST_EAD,https://sumare.edu.br/graduacao/ead/gastronomia,api,3,3,13,Cozinha Fria e Cozinha Quente,
gastronomia,Gastronomia,EAD,GAST_EAD,https://sumare.edu.br/graduacao/ead/gastronomia,api,3,4,14,Serviços e Estudo de Bebidas,
gastronomia,Gastronomia,EAD,GAST_EAD,https://sumare.edu.br/graduacao/ead/gastronomia,api,3,5,15,"Gastronomia Ásia, África e Oceania",
gastronomia,Gastronomia,EAD,GAST_EAD,https://sumare.edu.br/graduacao/ead/gastronomia,api,4,1,16,Gastronomia Brasileira,
gastronomia,Gastronomia,EAD,GAST_EAD,https://sumare.edu.br/graduacao/ead/gastronomia,api,4,2,17,Atividade Extensionista - Gastronomia Mundial,
gastronomia,Gastronomia,EAD,GAST_EAD,https://sumare.edu.br/graduacao/ead/gastronomia,api,4,3,18,PPI,
gastronomia,Gastronomia,EAD,GAST_EAD,https://sumare.edu.br/graduacao/ead/gastronomia,api,4,4,19,Gestão de Custos e Serviços,
gastronomia,Gastronomia,EAD,GAST_EAD,https://sumare.edu.br/graduacao/ead/gastronomia,api,4,5,20,Gastronomia Europeia,
gastronomia,Gastronomia,EAD,GAST_EAD,https://sumare.edu.br/graduacao/ead/gastronomia,api,4,6,21,Planejamento de Cardápios,
geografia,Geografia,EAD,GEO_EAD,https://sumare.edu.br/graduacao/ead/geografia,html,1,1,1,Bem-Vindo ao AVA Sumaré,"As disciplinas de cada curso da Sumaré são concebidas pelo NDE (Núcleo Docente Estruturante), que é composto por professores com notório saber, que além da DCN (Diretrizes Curriculares Nacionais) de cada curso, levam em consideração as pautas mais importantes do mercado de trabalho, ou seja, o que você aprende na Sumaré você usa na prática!"
geografia,Geografia,EAD,GEO_EAD,https://sumare.edu.br/graduacao/ead/geografia,html,1,2,2,Conheça seu Tutor,
geografia,Geografia,EAD,GEO_EAD,https://sumare.edu.br/graduacao/ead/geografia,html,1,3,3,Climatologia,
geografia,Geografia,EAD,GEO_EAD,https://sumare.edu.br/graduacao/ead/geografia,html,1,4,4,História da Educação,
geografia,Geografia,EAD,GEO_EAD,https://sumare.edu.br/graduacao/ead/geografia,html,1,5,5,Conheça seu curso - Geografia,
geografia,Geografia,EAD,GEO_EAD,https://sumare.edu.br/graduacao/ead/geografia,html,1,6,6,Geografia: história cenários e campos de atuações,
geografia,Geografia,EAD,GEO_EAD,https://sumare.edu.br/graduacao/ead/geografia,html,1,7,7,Atividade Extensionista - Abordagens Geográficas,
geografia,Geografia,EAD,GEO_EAD,https://sumare.edu.br/graduacao/ead/geografia,html,1,8,8,Biblioteca Virtual,
geografia,Geografia,EAD,GEO_EAD,https://sumare.edu.br/graduacao/ead/geografia,html,2,1,9,Geomorfologia,
geografia,Geografia,EAD,GEO_EAD,https://sumare.edu.br/graduacao/ead/geografia,html,2,2,10,Psicologia da Educação e do Desenvolvimento,
geografia,Geografia,EAD,GEO_EAD,https://sumare.edu.br/graduacao/ead/geografia,html,2,3,11,Cartografia e Cartografia Digital,
geografia,Geografia,EAD,GEO_EAD,https://sumare.edu.br/graduacao/ead/geografia,html,2,4,12,Atividade Extensionista - Geomorfologia e Cartografia,
geografia,Geografia,EAD,GEO_EAD,https://sumare.edu.br/graduacao/ead/geografia,html,3,1,13,Geografia Econômica,
geografia,Geografia,EAD,GEO_EAD,https://sumare.edu.br/graduacao/ead/geografia,html,3,2,14,Geografia Urbana,
geografia,Geografia,EAD,GEO_EAD,https://sumare.edu.br/graduacao/ead/geografia,html,3,3,15,Educação de Jovens e Adultos - EJA,
geografia,Geografia,EAD,GEO_EAD,https://sumare.edu.br/graduacao/ead/geografia,html,3,4,16,Atividade Extensionista - Geografia Econômica e Urbana,
geografia,Geografia,EAD,GEO_EAD,https://sumare.edu.br/graduacao/ead/geografia,html,4,1,17,Geografia Agrária,
geografia,Geografia,EAD,GEO_EAD,https://sumare.edu.br/graduacao/ead/geografia,html,4,2,18,Geografia da População,
geografia,Geografia,EAD,GEO_EAD,https://sumare.edu.br/graduacao/ead/geografia,html,4,3,19,"Educação Inclusiva, Ética e Direitos Humanos",
geografia,Geografia,EAD,GEO_EAD,https://sumare.edu.br/graduacao/ead/geografia,html,4,4,20,Tecnologias Educacionais,
geografia,Geografia,EAD,GEO_EAD,https://sumare.edu.br/graduacao/ead/geografia,html,4,5,21,Atividade Extensionista - Geografia Agrária e da População,
geografia,Geografia,EAD,GEO_EAD,https://sumare.edu.br/graduacao/ead/geografia,html,5,1,22,Estágio Obrigatório,
geografia,Geografia,EAD,GEO_EAD,https://sumare.edu.br/graduacao/ead/geografia,html,5,2,23,Didática,
geografia,Geografia,EAD,GEO_EAD,https://sumare.edu.br/graduacao/ead/geografia,html,5,3,24,Língua Brasileira de Sinais - LIBRAS,
geografia,Geografia,EAD,GEO_EAD,https://sumare.edu.br/graduacao/ead/geografia,html,5,4,25,Didática da Geografia,
geografia,Geografia,EAD,GEO_EAD,https://sumare.edu.br/graduacao/ead/geografia,html,5,5,26,Biogeografia,
geografia,Geografia,EAD,GEO_EAD,https://sumare.edu.br/graduacao/ead/geografia,html,5,6,27,Projeto de Pesquisa Integrador em Geografia,
geografia,Geografia,EAD,GEO_EAD,https://sumare.edu.br/graduacao/ead/geografia,html,6,1,28,Geografia do Brasil,
geografia,Geografia,EAD,GEO_EAD,https://sumare.edu.br/graduacao/ead/geografia,html,6,2,29,Geografia Política,
geografia,Geografia,EAD,GEO_EAD,https://sumare.edu.br/graduacao/ead/geografia,html,6,3,30,Geoprocessamento,
geografia,Geografia,EAD,GEO_EAD,https://sumare.edu.br/graduacao/ead/geografia,html,6,4,31,"Sociedade, Cultura e Cidadania",
geografia,Geografia,EAD,GEO_EAD,https://sumare.edu.br/graduacao/ead/geografia,html,7,1,32,Currículos e Políticas Educacionais para a Educação Básica,
geografia,Geografia,EAD,GEO_EAD,https://sumare.edu.br/graduacao/ead/geografia,html,7,2,33,Pedologia,
geografia,Geografia,EAD,GEO_EAD,https://sumare.edu.br/graduacao/ead/geografia,html,7,3,34,Prática e Metodologia do Ensino de Geografia,
geografia,Geografia,EAD,GEO_EAD,https://sumare.edu.br/graduacao/ead/geografia,html,7,4,35,Geografia dos Recursos Hídricos,
geografia,Geografia,EAD,GEO_EAD,https://sumare.edu.br/graduacao/ead/geografia,html,8,1,36,Geografia da Mundialização e Geografia Econômica,
geografia,Geografia,EAD,GEO_EAD,https://sumare.edu.br/graduacao/ead/geografia,html,8,2,37,Educação em Direitos Humanos e Educação Ambiental,
geografia,Geografia,EAD,GEO_EAD,https://sumare.edu.br/graduacao/ead/geografia,html,8,3,38,Gestão dos Recursos Ambientais e Legislação,
geografia,Geografia,EAD,GEO_EAD,https://sumare.edu.br/graduacao/ead/geografia,html,8,4,39,Avaliação da Aprendizagem,
geografia,Geografia,Semipresencial,GEO_SEMI,https://sumare.edu.br/graduacao/semi/geografia,html,1,1,1,Bem-Vindo ao AVA Sumaré,"As disciplinas de cada curso da Sumaré são concebidas pelo NDE (Núcleo Docente Estruturante), que é composto por professores com notório saber, que além da DCN (Diretrizes Curriculares Nacionais) de cada curso, levam em consideração as pautas mais importantes do mercado de trabalho, ou seja, o que você aprende na Sumaré você usa na prática!"
geografia,Geografia,Semipresencial,GEO_SEMI,https://sumare.edu.br/graduacao/semi/geografia,html,1,2,2,Conheça seu Tutor,
geografia,Geografia,Semipresencial,GEO_SEMI,https://sumare.edu.br/graduacao/semi/geografia,html,1,3,3,Conheça seu curso - Geografia Semipresencial,
geografia,Geografia,Semipresencial,GEO_SEMI,https://sumare.edu.br/graduacao/semi/geografia,html,1,4,4,História da Educação,
geografia,Geografia,Semipresencial,GEO_SEMI,https://sumare.edu.br/graduacao/semi/geografia,html,1,5,5,Geografia: História Cenários e Campos de Atuações,
geografia,Geografia,Semipresencial,GEO_SEMI,https://sumare.edu.br/graduacao/semi/geografia,html,1,6,6,Climatologia,
geografia,Geografia,Semipresencial,GEO_SEMI,https://sumare.edu.br/graduacao/semi/geografia,html,1,7,7,Atividade Extensionista - Abordagens Geográficas,
geografia,Geografia,Semipresencial,GEO_SEMI,https://sumare.edu.br/graduacao/semi/geografia,html,1,8,8,Biblioteca Virtual,
geografia,Geografia,Semipresencial,GEO_SEMI,https://sumare.edu.br/graduacao/semi/geografia,html,1,9,9,PAAS - Língua Portuguesa,
geografia,Geografia,Semipresencial,GEO_SEMI,https://sumare.edu.br/graduacao/semi/geografia,html,1,10,10,PAAS - Matemática,
geografia,Geografia,Semipresencial,GEO_SEMI,https://sumare.edu.br/graduacao/semi/geografia,html,1,11,11,PAAS - Informática Básica,
geografia,Geografia,Semipresencial,GEO_SEMI,https://sumare.edu.br/graduacao/semi/geografia,html,2,1,12,Didática,
geografia,Geografia,Semipresencial,GEO_SEMI,https://sumare.edu.br/graduacao/semi/geografia,html,2,2,13,Geomorfologia,
geografia,Geografia,Semipresencial,GEO_SEMI,https://sumare.edu.br/graduacao/semi/geografia,html,2,3,14,Cartografia e Cartografia Digital,
geografia,Geografia,Semipresencial,GEO_SEMI,https://sumare.edu.br/graduacao/semi/geografia,html,2,4,15,Atividade Extensionista - Geomorfologia e Cartografia,
geografia,Geografia,Semipresencial,GEO_SEMI,https://sumare.edu.br/graduacao/semi/geografia,html,3,1,16,Língua Brasileira de Sinais - LIBRAS,
geografia,Geografia,Semipresencial,GEO_SEMI,https://sumare.edu.br/graduacao/semi/geografia,html,3,2,17,Psicologia da Educação e do Desenvolvimento,
geografia,Geografia,Semipresencial,GEO_SEMI,https://sumare.edu.br/graduacao/semi/geografia,html,3,3,18,Geografia Econômica,
geografia,Geografia,Semipresencial,GEO_SEMI,https://sumare.edu.br/graduacao/semi/geografia,html,3,4,19,Geografia Urbana,
geografia,Geografia,Semipresencial,GEO_SEMI,https://sumare.edu.br/graduacao/semi/geografia,html,3,5,20,Geografia da População,
geografia,Geografia,Semipresencial,GEO_SEMI,https://sumare.edu.br/graduacao/semi/geografia,html,3,6,21,Atividade Extensionista - Geografia Econômica e Urbana,
geografia,Geografia,Semipresencial,GEO_SEMI,https://sumare.edu.br/graduacao/semi/geografia,html,4,1,22,Educação de Jovens e Adultos - EJA,
geografia,Geografia,Semipresencial,GEO_SEMI,https://sumare.edu.br/graduacao/semi/geografia,html,4,2,23,Geografia Agrária,
geografia,Geografia,Semipresencial,GEO_SEMI,https://sumare.edu.br/graduacao/semi/geografia,html,4,3,24,Geografia do Brasil,
geografia,Geografia,Semipresencial,GEO_SEMI,https://sumare.edu.br/graduacao/semi/geografia,html,4,4,25,Atividade Extensionista - Geografia Agrária e da População,
geografia,Geografia,Semipresencial,GEO_SEMI,https://sumare.edu.br/graduacao/semi/geografia,html,5,1,26,Estágio Obrigatório,
geografia,Geografia,Semipresencial,GEO_SEMI,https://sumare.edu.br/graduacao/semi/geografia,html,5,2,27,Educação em Direitos Humanos e Educação Ambiental,
geografia,Geografia,Semipresencial,GEO_SEMI,https://sumare.edu.br/graduacao/semi/geografia,html,5,3,28,Avaliação da Aprendizagem,
geografia,Geografia,Semipresencial,GEO_SEMI,https://sumare.edu.br/graduacao/semi/geografia,html,5,4,29,Didática da Geografia,
geografia,Geografia,Semipresencial,GEO_SEMI,https://sumare.edu.br/graduacao/semi/geografia,html,5,5,30,Biogeografia,
geografia,Geografia,Semipresencial,GEO_SEMI,https://sumare.edu.br/graduacao/semi/geografia,html,5,6,31,Projeto de Pesquisa Integrador em Geografia,
geografia,Geografia,Semipresencial,GEO_SEMI,https://sumare.edu.br/graduacao/semi/geografia,html,6,1,32,Currículos e Políticas Educacionais para a Educação Básica,
geografia,Geografia,Semipresencial,GEO_SEMI,https://sumare.edu.br/graduacao/semi/geografia,html,6,2,33,Geografia Política,
geografia,Geografia,Semipresencial,GEO_SEMI,https://sumare.edu.br/graduacao/semi/geografia,html,6,3,34,Prática e Metodologia do Ensino de Geografia,
geografia,Geografia,Semipresencial,GEO_SEMI,https://sumare.edu.br/graduacao/semi/geografia,html,6,4,35,Geoprocessamento,
geografia,Geografia,Semipresencial,GEO_SEMI,https://sumare.edu.br/graduacao/semi/geografia,html,7,1,36,Organização da Educação Básica e o Currículo,
geografia,Geografia,Semipresencial,GEO_SEMI,https://sumare.edu.br/graduacao/semi/geografia,html,7,2,37,"Educação Inclusiva, Ética e Direitos Humanos",
geografia,Geografia,Semipresencial,GEO_SEMI,https://sumare.edu.br/graduacao/semi/geografia,html,7,3,38,Pedologia,
geografia,Geografia,Semipresencial,GEO_SEMI,https://sumare.edu.br/graduacao/semi/geografia,html,7,4,39,Geografia dos Recursos Hídricos,
geografia,Geografia,Semipresencial,GEO_SEMI,https://sumare.edu.br/graduacao/semi/geografia,html,8,1,40,Fundamentos da Interdisciplinaridade,
geografia,Geografia,Semipresencial,GEO_SEMI,https://sumare.edu.br/graduacao/semi/geografia,html,8,2,41,"Sociedade, Cultura e Cidadania",
geografia,Geografia,Semipresencial,GEO_SEMI,https://sumare.edu.br/graduacao/semi/geografia,html,8,3,42,Geografia da Mundialização e Geografia Econômica,
geografia,Geografia,Semipresencial,GEO_SEMI,https://sumare.edu.br/graduacao/semi/geografia,html,8,4,43,Gestão dos Recursos Ambientais e Legislação,
gestao-ambiental,Gestão Ambiental,Semipresencial,GAMB_EAD,https://sumare.edu.br/graduacao/semi/gestao-ambiental,html,,,,,"As disciplinas de cada curso da Sumaré são concebidas pelo NDE (Núcleo Docente Estruturante), que é composto por professores com notório saber, que além da DCN (Diretrizes Curriculares Nacionais) de cada curso, levam em consideração as pautas mais importantes do mercado de trabalho, ou seja, o que você aprende na Sumaré você usa na prática!"
gestao-comercial,Gestão Comercial,EAD,GEC_EAD,https://sumare.edu.br/graduacao/ead/gestao-comercial,api,1,1,1,Administração Contemporânea,"As disciplinas de cada curso da Sumaré são concebidas pelo NDE (Núcleo Docente Estruturante), que é composto por professores com notório saber, que além da DCN (Diretrizes Curriculares Nacionais) de cada curso, levam em consideração as pautas mais importantes do mercado de trabalho, ou seja, o que você aprende na Sumaré você usa na prática!"
gestao-comercial,Gestão Comercial,EAD,GEC_EAD,https://sumare.edu.br/graduacao/ead/gestao-comercial,api,1,2,2,Atividade Extensionista - Assistente Comercial,
gestao-comercial,Gestão Comercial,EAD,GEC_EAD,https://sumare.edu.br/graduacao/ead/gestao-comercial,api,1,3,3,Comunicação e Marketing,
gestao-comercial,Gestão Comercial,EAD,GEC_EAD,https://sumare.edu.br/graduacao/ead/gestao-comercial,api,1,4,4,Contabilidade,
gestao-comercial,Gestão Comercial,EAD,GEC_EAD,https://sumare.edu.br/graduacao/ead/gestao-comercial,api,1,5,5,Sistemas de Informação,
gestao-comercial,Gestão Comercial,EAD,GEC_EAD,https://sumare.edu.br/graduacao/ead/gestao-comercial,api,1,6,6,Tecnologia e Sociedade,
gestao-comercial,Gestão Comercial,EAD,GEC_EAD,https://sumare.edu.br/graduacao/ead/gestao-comercial,api,2,1,7,Recursos Humanos,
gestao-comercial,Gestão Comercial,EAD,GEC_EAD,https://sumare.edu.br/graduacao/ead/gestao-comercial,api,2,2,8,Atividade Extensionista - Analista de Mercados,
gestao-comercial,Gestão Comercial,EAD,GEC_EAD,https://sumare.edu.br/graduacao/ead/gestao-comercial,api,2,3,9,Estatística Aplicada,
gestao-comercial,Gestão Comercial,EAD,GEC_EAD,https://sumare.edu.br/graduacao/ead/gestao-comercial,api,2,4,10,Pesquisa e Análise de Mercados,
gestao-comercial,Gestão Comercial,EAD,GEC_EAD,https://sumare.edu.br/graduacao/ead/gestao-comercial,api,2,5,11,Gestão da Marca e Posicionamento de Mercado,
gestao-comercial,Gestão Comercial,EAD,GEC_EAD,https://sumare.edu.br/graduacao/ead/gestao-comercial,api,2,6,12,Sustentabilidade e Responsabilidade Social,
gestao-comercial,Gestão Comercial,EAD,GEC_EAD,https://sumare.edu.br/graduacao/ead/gestao-comercial,api,3,1,13,Economia,
gestao-comercial,Gestão Comercial,EAD,GEC_EAD,https://sumare.edu.br/graduacao/ead/gestao-comercial,api,3,2,14,Atividade Extensionista - Analista de Marketing,
gestao-comercial,Gestão Comercial,EAD,GEC_EAD,https://sumare.edu.br/graduacao/ead/gestao-comercial,api,3,3,15,Comportamento do Consumidor,
gestao-comercial,Gestão Comercial,EAD,GEC_EAD,https://sumare.edu.br/graduacao/ead/gestao-comercial,api,3,4,16,"Marketing de Produtos, Serviços e Varejo",
gestao-comercial,Gestão Comercial,EAD,GEC_EAD,https://sumare.edu.br/graduacao/ead/gestao-comercial,api,3,5,17,Marketing Digital e Varejo Virtual,
gestao-comercial,Gestão Comercial,EAD,GEC_EAD,https://sumare.edu.br/graduacao/ead/gestao-comercial,api,3,6,18,Filosofia,
gestao-comercial,Gestão Comercial,EAD,GEC_EAD,https://sumare.edu.br/graduacao/ead/gestao-comercial,api,4,1,19,Logística,
gestao-comercial,Gestão Comercial,EAD,GEC_EAD,https://sumare.edu.br/graduacao/ead/gestao-comercial,api,4,2,20,Atividade Extensionista - Consultor Comercial,
gestao-comercial,Gestão Comercial,EAD,GEC_EAD,https://sumare.edu.br/graduacao/ead/gestao-comercial,api,4,3,21,ATC,
gestao-comercial,Gestão Comercial,EAD,GEC_EAD,https://sumare.edu.br/graduacao/ead/gestao-comercial,api,4,4,22,Estágio Obrigatório,
gestao-comercial,Gestão Comercial,EAD,GEC_EAD,https://sumare.edu.br/graduacao/ead/gestao-comercial,api,4,5,23,PPI,
gestao-comercial,Gestão Comercial,EAD,GEC_EAD,https://sumare.edu.br/graduacao/ead/gestao-comercial,api,4,6,24,Gestão de Custos e Preços,
gestao-comercial,Gestão Comercial,EAD,GEC_EAD,https://sumare.edu.br/graduacao/ead/gestao-comercial,api,4,7,25,Gestão de Vendas,
gestao-comercial,Gestão Comercial,EAD,GEC_EAD,https://sumare.edu.br/graduacao/ead/gestao-comercial,api,4,8,26,Gestão de Processos,
gestao-comercial,Gestão Comercial,EAD,GEC_EAD,https://sumare.edu.br/graduacao/ead/gestao-comercial,api,4,9,27,Comportamento nas Organizações,
gestao-da-tecnologia-da-informacao,Gestão da Tecnologia da Informação,EAD,GTI_EAD,https://sumare.edu.br/graduacao/ead/gestao-da-tecnologia-da-informacao,api,1,1,1,Arquitetura de Computadores,"As disciplinas de cada curso da Sumaré são concebidas pelo NDE (Núcleo Docente Estruturante), que é composto por professores com notório saber, que além da DCN (Diretrizes Curriculares Nacionais) de cada curso, levam em consideração as pautas mais importantes do mercado de trabalho, ou seja, o que você aprende na Sumaré você usa na prática!"
gestao-da-tecnologia-da-informacao,Gestão da Tecnologia da Informação,EAD,GTI_EAD,https://sumare.edu.br/graduacao/ead/gestao-da-tecnologia-da-informacao,api,1,2,2,Atividade Extensionista - Tópicos da Computação,
gestao-da-tecnologia-da-informacao,Gestão da Tecnologia da Informação,EAD,GTI_EAD,https://sumare.edu.br/graduacao/ead/gestao-da-tecnologia-da-informacao,api,1,3,3,Redes de Computadores e Telecomunicação,
gestao-da-tecnologia-da-informacao,Gestão da Tecnologia da Informação,EAD,GTI_EAD,https://sumare.edu.br/graduacao/ead/gestao-da-tecnologia-da-informacao,api,1,4,4,Sistemas Operacionais,
gestao-da-tecnologia-da-informacao,Gestão da Tecnologia da Informação,EAD,GTI_EAD,https://sumare.edu.br/graduacao/ead/gestao-da-tecnologia-da-informacao,api,1,5,5,Desenvolvimento para WEB,
gestao-da-tecnologia-da-informacao,Gestão da Tecnologia da Informação,EAD,GTI_EAD,https://sumare.edu.br/graduacao/ead/gestao-da-tecnologia-da-informacao,api,1,6,6,Tecnologia e Sociedade,
gestao-da-tecnologia-da-informacao,Gestão da Tecnologia da Informação,EAD,GTI_EAD,https://sumare.edu.br/graduacao/ead/gestao-da-tecnologia-da-informacao,api,2,1,7,Banco de Dados,
gestao-da-tecnologia-da-informacao,Gestão da Tecnologia da Informação,EAD,GTI_EAD,https://sumare.edu.br/graduacao/ead/gestao-da-tecnologia-da-informacao,api,2,2,8,Atividade Extensionista - Projeto de Segurança,
gestao-da-tecnologia-da-informacao,Gestão da Tecnologia da Informação,EAD,GTI_EAD,https://sumare.edu.br/graduacao/ead/gestao-da-tecnologia-da-informacao,api,2,3,9,Algoritmos,
gestao-da-tecnologia-da-informacao,Gestão da Tecnologia da Informação,EAD,GTI_EAD,https://sumare.edu.br/graduacao/ead/gestao-da-tecnologia-da-informacao,api,2,4,10,Gestão de Projetos,
gestao-da-tecnologia-da-informacao,Gestão da Tecnologia da Informação,EAD,GTI_EAD,https://sumare.edu.br/graduacao/ead/gestao-da-tecnologia-da-informacao,api,2,5,11,Segurança da Informação,
gestao-da-tecnologia-da-informacao,Gestão da Tecnologia da Informação,EAD,GTI_EAD,https://sumare.edu.br/graduacao/ead/gestao-da-tecnologia-da-informacao,api,2,6,12,Sustentabilidade e Responsabilidade social,
gestao-da-tecnologia-da-informacao,Gestão da Tecnologia da Informação,EAD,GTI_EAD,https://sumare.edu.br/graduacao/ead/gestao-da-tecnologia-da-informacao,api,3,1,13,Gestão de Serviços e Processos,
gestao-da-tecnologia-da-informacao,Gestão da Tecnologia da Informação,EAD,GTI_EAD,https://sumare.edu.br/graduacao/ead/gestao-da-tecnologia-da-informacao,api,3,2,14,Atividade Extensionista - Gestão de TI,
gestao-da-tecnologia-da-informacao,Gestão da Tecnologia da Informação,EAD,GTI_EAD,https://sumare.edu.br/graduacao/ead/gestao-da-tecnologia-da-informacao,api,3,3,15,Engenharia de Software,
gestao-da-tecnologia-da-informacao,Gestão da Tecnologia da Informação,EAD,GTI_EAD,https://sumare.edu.br/graduacao/ead/gestao-da-tecnologia-da-informacao,api,3,4,16,Governança para TIC,
gestao-da-tecnologia-da-informacao,Gestão da Tecnologia da Informação,EAD,GTI_EAD,https://sumare.edu.br/graduacao/ead/gestao-da-tecnologia-da-informacao,api,3,5,17,Gestão de Pessoas,
gestao-da-tecnologia-da-informacao,Gestão da Tecnologia da Informação,EAD,GTI_EAD,https://sumare.edu.br/graduacao/ead/gestao-da-tecnologia-da-informacao,api,3,6,18,Empreendedorismo,
gestao-da-tecnologia-da-informacao,Gestão da Tecnologia da Informação,EAD,GTI_EAD,https://sumare.edu.br/graduacao/ead/gestao-da-tecnologia-da-informacao,api,4,1,19,Marketing Digital e Redes Sociais,
gestao-da-tecnologia-da-informacao,Gestão da Tecnologia da Informação,EAD,GTI_EAD,https://sumare.edu.br/graduacao/ead/gestao-da-tecnologia-da-informacao,api,4,2,20,Atividade Extensionista - Gestão da Informação,
gestao-da-tecnologia-da-informacao,Gestão da Tecnologia da Informação,EAD,GTI_EAD,https://sumare.edu.br/graduacao/ead/gestao-da-tecnologia-da-informacao,api,4,3,21,Gestão de Sistemas de Informação,
gestao-da-tecnologia-da-informacao,Gestão da Tecnologia da Informação,EAD,GTI_EAD,https://sumare.edu.br/graduacao/ead/gestao-da-tecnologia-da-informacao,api,4,4,22,Gestão do Conhecimento,
gestao-da-tecnologia-da-informacao,Gestão da Tecnologia da Informação,EAD,GTI_EAD,https://sumare.edu.br/graduacao/ead/gestao-da-tecnologia-da-informacao,api,4,5,23,Qualidade de Processos e Produtos,
gestao-da-tecnologia-da-informacao,Gestão da Tecnologia da Informação,EAD,GTI_EAD,https://sumare.edu.br/graduacao/ead/gestao-da-tecnologia-da-informacao,api,4,6,24,Comportamento nas Organizações,
gestao-da-tecnologia-da-informacao,Gestão da Tecnologia da Informação,EAD,GTI_EAD,https://sumare.edu.br/graduacao/ead/gestao-da-tecnologia-da-informacao,api,5,1,25,Desenvolvimento de Aplicativos Móveis,
gestao-da-tecnologia-da-informacao,Gestão da Tecnologia da Informação,EAD,GTI_EAD,https://sumare.edu.br/graduacao/ead/gestao-da-tecnologia-da-informacao,api,5,2,26,Atividade Extensionista - Tecnologias Inovadoras,
gestao-da-tecnologia-da-informacao,Gestão da Tecnologia da Informação,EAD,GTI_EAD,https://sumare.edu.br/graduacao/ead/gestao-da-tecnologia-da-informacao,api,5,3,27,ATC,
gestao-da-tecnologia-da-informacao,Gestão da Tecnologia da Informação,EAD,GTI_EAD,https://sumare.edu.br/graduacao/ead/gestao-da-tecnologia-da-informacao,api,5,4,28,Estágio Obrigatório,
gestao-da-tecnologia-da-informacao,Gestão da Tecnologia da Informação,EAD,GTI_EAD,https://sumare.edu.br/graduacao/ead/gestao-da-tecnologia-da-informacao,api,5,5,29,PPI,
gestao-da-tecnologia-da-informacao,Gestão da Tecnologia da Informação,EAD,GTI_EAD,https://sumare.edu.br/graduacao/ead/gestao-da-tecnologia-da-informacao,api,5,6,30,Interação Humano-Computador,
gestao-da-tecnologia-da-informacao,Gestão da Tecnologia da Informação,EAD,GTI_EAD,https://sumare.edu.br/graduacao/ead/gestao-da-tecnologia-da-informacao,api,5,7,31,Arquitetura da informação,
gestao-da-tecnologia-da-informacao,Gestão da Tecnologia da Informação,EAD,GTI_EAD,https://sumare.edu.br/graduacao/ead/gestao-da-tecnologia-da-informacao,api,5,8,32,Redes sem Fio e VoIP,
gestao-de-qualidade,Gestão de Qualidade,EAD,GQUA_EAD,https://sumare.edu.br/graduacao/ead/gestao-de-qualidade,api,1,1,1,Administração Contemporânea,"As disciplinas de cada curso da Sumaré são concebidas pelo NDE (Núcleo Docente Estruturante), que é composto por professores com notório saber, que além da DCN (Diretrizes Curriculares Nacionais) de cada curso, levam em consideração as pautas mais importantes do mercado de trabalho, ou seja, o que você aprende na Sumaré você usa na prática!"
gestao-de-qualidade,Gestão de Qualidade,EAD,GQUA_EAD,https://sumare.edu.br/graduacao/ead/gestao-de-qualidade,api,1,2,2,Atividade Extensionista - Assistente de Qualidade,
gestao-de-qualidade,Gestão de Qualidade,EAD,GQUA_EAD,https://sumare.edu.br/graduacao/ead/gestao-de-qualidade,api,1,3,3,Comunicação e Marketing,
gestao-de-qualidade,Gestão de Qualidade,EAD,GQUA_EAD,https://sumare.edu.br/graduacao/ead/gestao-de-qualidade,api,1,4,4,Contabilidade,
gestao-de-qualidade,Gestão de Qualidade,EAD,GQUA_EAD,https://sumare.edu.br/graduacao/ead/gestao-de-qualidade,api,1,5,5,Sistemas de Informação,
gestao-de-qualidade,Gestão de Qualidade,EAD,GQUA_EAD,https://sumare.edu.br/graduacao/ead/gestao-de-qualidade,api,1,6,6,Tecnologia e Sociedade,
gestao-de-qualidade,Gestão de Qualidade,EAD,GQUA_EAD,https://sumare.edu.br/graduacao/ead/gestao-de-qualidade,api,2,1,7,Recursos Humanos,
gestao-de-qualidade,Gestão de Qualidade,EAD,GQUA_EAD,https://sumare.edu.br/graduacao/ead/gestao-de-qualidade,api,2,2,8,Atividade Extensionista - Analista de Qualidade,
gestao-de-qualidade,Gestão de Qualidade,EAD,GQUA_EAD,https://sumare.edu.br/graduacao/ead/gestao-de-qualidade,api,2,3,9,Economia,
gestao-de-qualidade,Gestão de Qualidade,EAD,GQUA_EAD,https://sumare.edu.br/graduacao/ead/gestao-de-qualidade,api,2,4,10,Controle Estatístico de Processos,
gestao-de-qualidade,Gestão de Qualidade,EAD,GQUA_EAD,https://sumare.edu.br/graduacao/ead/gestao-de-qualidade,api,2,5,11,Qualidade e Produtividade,
gestao-de-qualidade,Gestão de Qualidade,EAD,GQUA_EAD,https://sumare.edu.br/graduacao/ead/gestao-de-qualidade,api,2,6,12,Sustentabilidade e Responsabilidade Social,
gestao-de-qualidade,Gestão de Qualidade,EAD,GQUA_EAD,https://sumare.edu.br/graduacao/ead/gestao-de-qualidade,api,3,1,13,Indicadores de Custos da Qualidade,
gestao-de-qualidade,Gestão de Qualidade,EAD,GQUA_EAD,https://sumare.edu.br/graduacao/ead/gestao-de-qualidade,api,3,2,14,Atividade Extensionista - Analista de Custos em Qualidade,
gestao-de-qualidade,Gestão de Qualidade,EAD,GQUA_EAD,https://sumare.edu.br/graduacao/ead/gestao-de-qualidade,api,3,3,15,Higiene e Segurança do Trabalho,
gestao-de-qualidade,Gestão de Qualidade,EAD,GQUA_EAD,https://sumare.edu.br/graduacao/ead/gestao-de-qualidade,api,3,4,16,"Engenharia de Qualidade, Normatização e Certificação",
gestao-de-qualidade,Gestão de Qualidade,EAD,GQUA_EAD,https://sumare.edu.br/graduacao/ead/gestao-de-qualidade,api,3,5,17,Desenho Técnico e Representação Gráfica,
gestao-de-qualidade,Gestão de Qualidade,EAD,GQUA_EAD,https://sumare.edu.br/graduacao/ead/gestao-de-qualidade,api,3,6,18,Filosofia,
gestao-de-qualidade,Gestão de Qualidade,EAD,GQUA_EAD,https://sumare.edu.br/graduacao/ead/gestao-de-qualidade,api,4,1,19,Metrologia,
gestao-de-qualidade,Gestão de Qualidade,EAD,GQUA_EAD,https://sumare.edu.br/graduacao/ead/gestao-de-qualidade,api,4,2,20,Atividade Extensionista - Consultor de Qualidade,
gestao-de-qualidade,Gestão de Qualidade,EAD,GQUA_EAD,https://sumare.edu.br/graduacao/ead/gestao-de-qualidade,api,4,3,21,ATC,
gestao-de-qualidade,Gestão de Qualidade,EAD,GQUA_EAD,https://sumare.edu.br/graduacao/ead/gestao-de-qualidade,api,4,4,22,Estágio Obrigatório,
gestao-de-qualidade,Gestão de Qualidade,EAD,GQUA_EAD,https://sumare.edu.br/graduacao/ead/gestao-de-qualidade,api,4,5,23,PPI,
gestao-de-qualidade,Gestão de Qualidade,EAD,GQUA_EAD,https://sumare.edu.br/graduacao/ead/gestao-de-qualidade,api,4,6,24,Inovação e Empreendedorismo,
gestao-de-qualidade,Gestão de Qualidade,EAD,GQUA_EAD,https://sumare.edu.br/graduacao/ead/gestao-de-qualidade,api,4,7,25,Gestão de Processos,
gestao-de-qualidade,Gestão de Qualidade,EAD,GQUA_EAD,https://sumare.edu.br/graduacao/ead/gestao-de-qualidade,api,4,8,26,Qualidade para Excelência,
gestao-de-qualidade,Gestão de Qualidade,EAD,GQUA_EAD,https://sumare.edu.br/graduacao/ead/gestao-de-qualidade,api,4,9,27,Comportamento nas Organizações,
gestao-de-recursos-humanos,Gestão de Recursos Humanos,EAD,RH_EAD,https://sumare.edu.br/graduacao/ead/gestao-de-recursos-humanos,api,1,1,1,Administração Contemporânea,"As disciplinas de cada curso da Sumaré são concebidas pelo NDE (Núcleo Docente Estruturante), que é composto por professores com notório saber, que além da DCN (Diretrizes Curriculares Nacionais) de cada curso, levam em consideração as pautas mais importantes do mercado de trabalho, ou seja, o que você aprende na Sumaré você usa na prática!"
gestao-de-recursos-humanos,Gestão de Recursos Humanos,EAD,RH_EAD,https://sumare.edu.br/graduacao/ead/gestao-de-recursos-humanos,api,1,2,2,Atividade Extensionista - Assistente de Recursos Humanos,
gestao-de-recursos-humanos,Gestão de Recursos Humanos,EAD,RH_EAD,https://sumare.edu.br/graduacao/ead/gestao-de-recursos-humanos,api,1,3,3,Comunicação e Marketing,
gestao-de-recursos-humanos,Gestão de Recursos Humanos,EAD,RH_EAD,https://sumare.edu.br/graduacao/ead/gestao-de-recursos-humanos,api,1,4,4,Contabilidade,
gestao-de-recursos-humanos,Gestão de Recursos Humanos,EAD,RH_EAD,https://sumare.edu.br/graduacao/ead/gestao-de-recursos-humanos,api,1,5,5,Recursos Humanos,
gestao-de-recursos-humanos,Gestão de Recursos Humanos,EAD,RH_EAD,https://sumare.edu.br/graduacao/ead/gestao-de-recursos-humanos,api,1,6,6,Tecnologia e Sociedade,
gestao-de-recursos-humanos,Gestão de Recursos Humanos,EAD,RH_EAD,https://sumare.edu.br/graduacao/ead/gestao-de-recursos-humanos,api,2,1,7,Desenvolvimento Gerencial,
gestao-de-recursos-humanos,Gestão de Recursos Humanos,EAD,RH_EAD,https://sumare.edu.br/graduacao/ead/gestao-de-recursos-humanos,api,2,2,8,Atividade Extensionista - Analista Corporativo,
gestao-de-recursos-humanos,Gestão de Recursos Humanos,EAD,RH_EAD,https://sumare.edu.br/graduacao/ead/gestao-de-recursos-humanos,api,2,3,9,Educação Corporativa,
gestao-de-recursos-humanos,Gestão de Recursos Humanos,EAD,RH_EAD,https://sumare.edu.br/graduacao/ead/gestao-de-recursos-humanos,api,2,4,10,Recrutamento e Seleção,
gestao-de-recursos-humanos,Gestão de Recursos Humanos,EAD,RH_EAD,https://sumare.edu.br/graduacao/ead/gestao-de-recursos-humanos,api,2,5,11,Sistemas de Informação,
gestao-de-recursos-humanos,Gestão de Recursos Humanos,EAD,RH_EAD,https://sumare.edu.br/graduacao/ead/gestao-de-recursos-humanos,api,2,6,12,Sustentabilidade e Responsabilidade Social,
gestao-de-recursos-humanos,Gestão de Recursos Humanos,EAD,RH_EAD,https://sumare.edu.br/graduacao/ead/gestao-de-recursos-humanos,api,3,1,13,Estatística Aplicada,
gestao-de-recursos-humanos,Gestão de Recursos Humanos,EAD,RH_EAD,https://sumare.edu.br/graduacao/ead/gestao-de-recursos-humanos,api,3,2,14,Atividade Extensionista - Analista Remuneração,
gestao-de-recursos-humanos,Gestão de Recursos Humanos,EAD,RH_EAD,https://sumare.edu.br/graduacao/ead/gestao-de-recursos-humanos,api,3,3,15,Gestão por Competências,
gestao-de-recursos-humanos,Gestão de Recursos Humanos,EAD,RH_EAD,https://sumare.edu.br/graduacao/ead/gestao-de-recursos-humanos,api,3,4,16,Legislação Trabalhista,
gestao-de-recursos-humanos,Gestão de Recursos Humanos,EAD,RH_EAD,https://sumare.edu.br/graduacao/ead/gestao-de-recursos-humanos,api,3,5,17,Sistemas de Remuneração,
gestao-de-recursos-humanos,Gestão de Recursos Humanos,EAD,RH_EAD,https://sumare.edu.br/graduacao/ead/gestao-de-recursos-humanos,api,3,6,18,Filosofia,
gestao-de-recursos-humanos,Gestão de Recursos Humanos,EAD,RH_EAD,https://sumare.edu.br/graduacao/ead/gestao-de-recursos-humanos,api,4,1,19,Consultoria Interna de RH,
gestao-de-recursos-humanos,Gestão de Recursos Humanos,EAD,RH_EAD,https://sumare.edu.br/graduacao/ead/gestao-de-recursos-humanos,api,4,2,20,Atividade Extensionista - Consultor de Recursos Humanos,
gestao-de-recursos-humanos,Gestão de Recursos Humanos,EAD,RH_EAD,https://sumare.edu.br/graduacao/ead/gestao-de-recursos-humanos,api,4,3,21,ATC,
gestao-de-recursos-humanos,Gestão de Recursos Humanos,EAD,RH_EAD,https://sumare.edu.br/graduacao/ead/gestao-de-recursos-humanos,api,4,4,22,Estágio Obrigatório,
gestao-de-recursos-humanos,Gestão de Recursos Humanos,EAD,RH_EAD,https://sumare.edu.br/graduacao/ead/gestao-de-recursos-humanos,api,4,5,23,PPI,
gestao-de-recursos-humanos,Gestão de Recursos Humanos,EAD,RH_EAD,https://sumare.edu.br/graduacao/ead/gestao-de-recursos-humanos,api,4,6,24,Cultura e Clima Organizacional,
gestao-de-recursos-humanos,Gestão de Recursos Humanos,EAD,RH_EAD,https://sumare.edu.br/graduacao/ead/gestao-de-recursos-humanos,api,4,7,25,Gestão da Segurança no Trabalho e Saúde Ocupacional,
gestao-de-recursos-humanos,Gestão de Recursos Humanos,EAD,RH_EAD,https://sumare.edu.br/graduacao/ead/gestao-de-recursos-humanos,api,4,8,26,Administração de Pessoal e Cálculos Trabalhistas,
gestao-de-recursos-humanos,Gestão de Recursos Humanos,EAD,RH_EAD,https://sumare.edu.br/graduacao/ead/gestao-de-recursos-humanos,api,4,9,27,Comportamento nas Organizações,
gestao-de-seguranca-privada,Gestão de Segurança Privada,EAD,SGPV_EAD,https://sumare.edu.br/graduacao/ead/gestao-de-seguranca-privada-,api,1,1,1,Administração Contemporânea,"As disciplinas de cada curso da Sumaré são concebidas pelo NDE (Núcleo Docente Estruturante), que é composto por professores com notório saber, que além da DCN (Diretrizes Curriculares Nacionais) de cada curso, levam em consideração as pautas mais importantes do mercado de trabalho, ou seja, o que você aprende na Sumaré você usa na prática!"
gestao-de-seguranca-privada,Gestão de Segurança Privada,EAD,SGPV_EAD,https://sumare.edu.br/graduacao/ead/gestao-de-seguranca-privada-,api,1,2,2,Atividade Extensionista - Assistente de Segurança Privada,
gestao-de-seguranca-privada,Gestão de Segurança Privada,EAD,SGPV_EAD,https://sumare.edu.br/graduacao/ead/gestao-de-seguranca-privada-,api,1,3,3,Contabilidade,
gestao-de-seguranca-privada,Gestão de Segurança Privada,EAD,SGPV_EAD,https://sumare.edu.br/graduacao/ead/gestao-de-seguranca-privada-,api,1,4,4,Noções históricas sobre Direitos Humanos,
gestao-de-seguranca-privada,Gestão de Segurança Privada,EAD,SGPV_EAD,https://sumare.edu.br/graduacao/ead/gestao-de-seguranca-privada-,api,1,5,5,"Estado, Sociedade e Segurança",
gestao-de-seguranca-privada,Gestão de Segurança Privada,EAD,SGPV_EAD,https://sumare.edu.br/graduacao/ead/gestao-de-seguranca-privada-,api,1,6,6,Tecnologia e Sociedade,
gestao-de-seguranca-privada,Gestão de Segurança Privada,EAD,SGPV_EAD,https://sumare.edu.br/graduacao/ead/gestao-de-seguranca-privada-,api,2,1,7,Gestão de Pessoas,
gestao-de-seguranca-privada,Gestão de Segurança Privada,EAD,SGPV_EAD,https://sumare.edu.br/graduacao/ead/gestao-de-seguranca-privada-,api,2,2,8,Atividade Extensionista - Analista de Recursos Humanos,
gestao-de-seguranca-privada,Gestão de Segurança Privada,EAD,SGPV_EAD,https://sumare.edu.br/graduacao/ead/gestao-de-seguranca-privada-,api,2,3,9,Legislação Trabalhista,
gestao-de-seguranca-privada,Gestão de Segurança Privada,EAD,SGPV_EAD,https://sumare.edu.br/graduacao/ead/gestao-de-seguranca-privada-,api,2,4,10,Meios Adequados à Solução de Conflitos,
gestao-de-seguranca-privada,Gestão de Segurança Privada,EAD,SGPV_EAD,https://sumare.edu.br/graduacao/ead/gestao-de-seguranca-privada-,api,2,5,11,Psicologia e Criminologia,
gestao-de-seguranca-privada,Gestão de Segurança Privada,EAD,SGPV_EAD,https://sumare.edu.br/graduacao/ead/gestao-de-seguranca-privada-,api,2,6,12,Sustentabilidade e Responsabilidade Social,
gestao-de-seguranca-privada,Gestão de Segurança Privada,EAD,SGPV_EAD,https://sumare.edu.br/graduacao/ead/gestao-de-seguranca-privada-,api,3,1,13,Direito e Segurança Privada,
gestao-de-seguranca-privada,Gestão de Segurança Privada,EAD,SGPV_EAD,https://sumare.edu.br/graduacao/ead/gestao-de-seguranca-privada-,api,3,2,14,Atividade Extensionista - Analista de Segurança Privada,
gestao-de-seguranca-privada,Gestão de Segurança Privada,EAD,SGPV_EAD,https://sumare.edu.br/graduacao/ead/gestao-de-seguranca-privada-,api,3,3,15,Direito Constitucional,
gestao-de-seguranca-privada,Gestão de Segurança Privada,EAD,SGPV_EAD,https://sumare.edu.br/graduacao/ead/gestao-de-seguranca-privada-,api,3,4,16,"Crimes contra a honra, vida e bens",
gestao-de-seguranca-privada,Gestão de Segurança Privada,EAD,SGPV_EAD,https://sumare.edu.br/graduacao/ead/gestao-de-seguranca-privada-,api,3,5,17,Primeiros Socorros,
gestao-de-seguranca-privada,Gestão de Segurança Privada,EAD,SGPV_EAD,https://sumare.edu.br/graduacao/ead/gestao-de-seguranca-privada-,api,3,6,18,"Ética, Cidadania e Direitos Humanos",
gestao-de-seguranca-privada,Gestão de Segurança Privada,EAD,SGPV_EAD,https://sumare.edu.br/graduacao/ead/gestao-de-seguranca-privada-,api,4,1,19,Processo Penal aplicado à Segurança Privada,
gestao-de-seguranca-privada,Gestão de Segurança Privada,EAD,SGPV_EAD,https://sumare.edu.br/graduacao/ead/gestao-de-seguranca-privada-,api,4,2,20,Atividade Extensionista - Consultor de Segurança Privada,
gestao-de-seguranca-privada,Gestão de Segurança Privada,EAD,SGPV_EAD,https://sumare.edu.br/graduacao/ead/gestao-de-seguranca-privada-,api,4,3,21,ATC,
gestao-de-seguranca-privada,Gestão de Segurança Privada,EAD,SGPV_EAD,https://sumare.edu.br/graduacao/ead/gestao-de-seguranca-privada-,api,4,4,22,Estágio Obrigatório,
gestao-de-seguranca-privada,Gestão de Segurança Privada,EAD,SGPV_EAD,https://sumare.edu.br/graduacao/ead/gestao-de-seguranca-privada-,api,4,5,23,PPI,
gestao-de-seguranca-privada,Gestão de Segurança Privada,EAD,SGPV_EAD,https://sumare.edu.br/graduacao/ead/gestao-de-seguranca-privada-,api,4,6,24,Psicologia Jurídica aplicada à Segurança,
gestao-de-seguranca-privada,Gestão de Segurança Privada,EAD,SGPV_EAD,https://sumare.edu.br/graduacao/ead/gestao-de-seguranca-privada-,api,4,7,25,Direito Penal aplicado à Segurança Privada,
gestao-de-seguranca-privada,Gestão de Segurança Privada,EAD,SGPV_EAD,https://sumare.edu.br/graduacao/ead/gestao-de-seguranca-privada-,api,4,8,26,Segurança Privada na Atualidade,
gestao-de-seguranca-privada,Gestão de Segurança Privada,EAD,SGPV_EAD,https://sumare.edu.br/graduacao/ead/gestao-de-seguranca-privada-,api,4,9,27,Comportamento nas Organizações,
gestao-financeira,Gestão Financeira,EAD,GFIN_EAD,https://sumare.edu.br/graduacao/ead/gestao-financeira,api,1,1,1,Administração Contemporânea,"As disciplinas de cada curso da Sumaré são concebidas pelo NDE (Núcleo Docente Estruturante), que é composto por professores com notório saber, que além da DCN (Diretrizes Curriculares Nacionais) de cada curso, levam em consideração as pautas mais importantes do mercado de trabalho, ou seja, o que você aprende na Sumaré você usa na prática!"
gestao-financeira,Gestão Financeira,EAD,GFIN_EAD,https://sumare.edu.br/graduacao/ead/gestao-financeira,api,1,2,2,Atividade Extensionista - Assistente Financeiro,
gestao-financeira,Gestão Financeira,EAD,GFIN_EAD,https://sumare.edu.br/graduacao/ead/gestao-financeira,api,1,3,3,Economia,
gestao-financeira,Gestão Financeira,EAD,GFIN_EAD,https://sumare.edu.br/graduacao/ead/gestao-financeira,api,1,4,4,Contabilidade,
gestao-financeira,Gestão Financeira,EAD,GFIN_EAD,https://sumare.edu.br/graduacao/ead/gestao-financeira,api,1,5,5,Mercado Financeiro e de Capitais,
gestao-financeira,Gestão Financeira,EAD,GFIN_EAD,https://sumare.edu.br/graduacao/ead/gestao-financeira,api,1,6,6,Tecnologia e Sociedade,
gestao-financeira,Gestão Financeira,EAD,GFIN_EAD,https://sumare.edu.br/graduacao/ead/gestao-financeira,api,2,1,7,Análise de Crédito e Cobrança,
gestao-financeira,Gestão Financeira,EAD,GFIN_EAD,https://sumare.edu.br/graduacao/ead/gestao-financeira,api,2,2,8,Atividade Extensionista - Analista Operações de Câmbio e Fluxo de Caixa,
gestao-financeira,Gestão Financeira,EAD,GFIN_EAD,https://sumare.edu.br/graduacao/ead/gestao-financeira,api,2,3,9,Matemática Financeira,
gestao-financeira,Gestão Financeira,EAD,GFIN_EAD,https://sumare.edu.br/graduacao/ead/gestao-financeira,api,2,4,10,Operações de Câmbio e Operações Internacionais,
gestao-financeira,Gestão Financeira,EAD,GFIN_EAD,https://sumare.edu.br/graduacao/ead/gestao-financeira,api,2,5,11,Planejamento Financeiro,
gestao-financeira,Gestão Financeira,EAD,GFIN_EAD,https://sumare.edu.br/graduacao/ead/gestao-financeira,api,2,6,12,Sustentabilidade e Responsabilidade Social,
gestao-financeira,Gestão Financeira,EAD,GFIN_EAD,https://sumare.edu.br/graduacao/ead/gestao-financeira,api,3,1,13,Análise das Demonstrações Financeiras,
gestao-financeira,Gestão Financeira,EAD,GFIN_EAD,https://sumare.edu.br/graduacao/ead/gestao-financeira,api,3,2,14,Atividade Extensionista - Analista Financeiro,
gestao-financeira,Gestão Financeira,EAD,GFIN_EAD,https://sumare.edu.br/graduacao/ead/gestao-financeira,api,3,3,15,Controladoria,
gestao-financeira,Gestão Financeira,EAD,GFIN_EAD,https://sumare.edu.br/graduacao/ead/gestao-financeira,api,3,4,16,Estatística Aplicada,
gestao-financeira,Gestão Financeira,EAD,GFIN_EAD,https://sumare.edu.br/graduacao/ead/gestao-financeira,api,3,5,17,Plano de Negócios,
gestao-financeira,Gestão Financeira,EAD,GFIN_EAD,https://sumare.edu.br/graduacao/ead/gestao-financeira,api,3,6,18,Filosofia,
gestao-financeira,Gestão Financeira,EAD,GFIN_EAD,https://sumare.edu.br/graduacao/ead/gestao-financeira,api,4,1,19,Administração de Pessoal e Cálculos Trabalhistas,
gestao-financeira,Gestão Financeira,EAD,GFIN_EAD,https://sumare.edu.br/graduacao/ead/gestao-financeira,api,4,2,20,Atividade Extensionista - Consultor Financeiro,
gestao-financeira,Gestão Financeira,EAD,GFIN_EAD,https://sumare.edu.br/graduacao/ead/gestao-financeira,api,4,3,21,ATC,
gestao-financeira,Gestão Financeira,EAD,GFIN_EAD,https://sumare.edu.br/graduacao/ead/gestao-financeira,api,4,4,22,Estágio Obrigatório,
gestao-financeira,Gestão Financeira,EAD,GFIN_EAD,https://sumare.edu.br/graduacao/ead/gestao-financeira,api,4,5,23,PPI,
gestao-financeira,Gestão Financeira,EAD,GFIN_EAD,https://sumare.edu.br/graduacao/ead/gestao-financeira,api,4,6,24,Finanças Corporativas e Riscos Financeiros,
gestao-financeira,Gestão Financeira,EAD,GFIN_EAD,https://sumare.edu.br/graduacao/ead/gestao-financeira,api,4,7,25,Gestão de Custos e Preços,
gestao-financeira,Gestão Financeira,EAD,GFIN_EAD,https://sumare.edu.br/graduacao/ead/gestao-financeira,api,4,8,26,Planejamento Fiscal e Tributário,
gestao-financeira,Gestão Financeira,EAD,GFIN_EAD,https://sumare.edu.br/graduacao/ead/gestao-financeira,api,4,9,27,Comportamento nas Organizações,
gestao-hospitalar,Gestão Hospitalar,Semipresencial,GHOS_EAD,https://sumare.edu.br/graduacao/semi/gestao-hospitalar,html,,,,,"As disciplinas de cada curso da Sumaré são concebidas pelo NDE (Núcleo Docente Estruturante), que é composto por professores com notório saber, que além da DCN (Diretrizes Curriculares Nacionais) de cada curso, levam em consideração as pautas mais importantes do mercado de trabalho, ou seja, o que você aprende na Sumaré você usa na prática!"
gestao-publica,Gestão Pública,EAD,GEPB_EAD,https://sumare.edu.br/graduacao/ead/gestao-p%C3%BAblica,api,1,1,1,Administração Contemporânea,"As disciplinas de cada curso da Sumaré são concebidas pelo NDE (Núcleo Docente Estruturante), que é composto por professores com notório saber, que além da DCN (Diretrizes Curriculares Nacionais) de cada curso, levam em consideração as pautas mais importantes do mercado de trabalho, ou seja, o que você aprende na Sumaré você usa na prática!"
gestao-publica,Gestão Pública,EAD,GEPB_EAD,https://sumare.edu.br/graduacao/ead/gestao-p%C3%BAblica,api,1,2,2,Atividade Extensionista - Assistente de Planejamento e Orçamento Público,
gestao-publica,Gestão Pública,EAD,GEPB_EAD,https://sumare.edu.br/graduacao/ead/gestao-p%C3%BAblica,api,1,3,3,Políticas Públicas,
gestao-publica,Gestão Pública,EAD,GEPB_EAD,https://sumare.edu.br/graduacao/ead/gestao-p%C3%BAblica,api,1,4,4,Leitura e Interpretação de Textos,
gestao-publica,Gestão Pública,EAD,GEPB_EAD,https://sumare.edu.br/graduacao/ead/gestao-p%C3%BAblica,api,1,5,5,"Planejamento, Orçamento Público e Fiscalização Tributária",
gestao-publica,Gestão Pública,EAD,GEPB_EAD,https://sumare.edu.br/graduacao/ead/gestao-p%C3%BAblica,api,1,6,6,Tecnologia e Sociedade,
gestao-publica,Gestão Pública,EAD,GEPB_EAD,https://sumare.edu.br/graduacao/ead/gestao-p%C3%BAblica,api,2,1,7,Controladoria e Auditoria Pública,
gestao-publica,Gestão Pública,EAD,GEPB_EAD,https://sumare.edu.br/graduacao/ead/gestao-p%C3%BAblica,api,2,2,8,Atividade Extensionista - Analista de Controladoria e Auditoria Pública,
gestao-publica,Gestão Pública,EAD,GEPB_EAD,https://sumare.edu.br/graduacao/ead/gestao-p%C3%BAblica,api,2,3,9,Direito Administrativo,
gestao-publica,Gestão Pública,EAD,GEPB_EAD,https://sumare.edu.br/graduacao/ead/gestao-p%C3%BAblica,api,2,4,10,"Licitações, Contratos e Convênios",
gestao-publica,Gestão Pública,EAD,GEPB_EAD,https://sumare.edu.br/graduacao/ead/gestao-p%C3%BAblica,api,2,5,11,Legislação Urbana,
gestao-publica,Gestão Pública,EAD,GEPB_EAD,https://sumare.edu.br/graduacao/ead/gestao-p%C3%BAblica,api,2,6,12,Sustentabilidade e Responsabilidade Social,
gestao-publica,Gestão Pública,EAD,GEPB_EAD,https://sumare.edu.br/graduacao/ead/gestao-p%C3%BAblica,api,3,1,13,Representação Gráfica (Projeto Arquitetônico),
gestao-publica,Gestão Pública,EAD,GEPB_EAD,https://sumare.edu.br/graduacao/ead/gestao-p%C3%BAblica,api,3,2,14,Atividade Extensionista - Analista de Legislação Pública e Ambiental,
gestao-publica,Gestão Pública,EAD,GEPB_EAD,https://sumare.edu.br/graduacao/ead/gestao-p%C3%BAblica,api,3,3,15,Direito Penal,
gestao-publica,Gestão Pública,EAD,GEPB_EAD,https://sumare.edu.br/graduacao/ead/gestao-p%C3%BAblica,api,3,4,16,"Ética e Noções de Direito: Humanos, Tributário e Empresarial",
gestao-publica,Gestão Pública,EAD,GEPB_EAD,https://sumare.edu.br/graduacao/ead/gestao-p%C3%BAblica,api,3,5,17,Legislação Ambiental,
gestao-publica,Gestão Pública,EAD,GEPB_EAD,https://sumare.edu.br/graduacao/ead/gestao-p%C3%BAblica,api,3,6,18,Comportamento nas Organizações,
gestao-publica,Gestão Pública,EAD,GEPB_EAD,https://sumare.edu.br/graduacao/ead/gestao-p%C3%BAblica,api,4,1,19,Desenvolvimento Gerencial,
gestao-publica,Gestão Pública,EAD,GEPB_EAD,https://sumare.edu.br/graduacao/ead/gestao-p%C3%BAblica,api,4,2,20,Atividade Extensionista - Consultor de Gestão Publica,
gestao-publica,Gestão Pública,EAD,GEPB_EAD,https://sumare.edu.br/graduacao/ead/gestao-p%C3%BAblica,api,4,3,21,ATC,
gestao-publica,Gestão Pública,EAD,GEPB_EAD,https://sumare.edu.br/graduacao/ead/gestao-p%C3%BAblica,api,4,4,22,Estágio Obrigatório,
gestao-publica,Gestão Pública,EAD,GEPB_EAD,https://sumare.edu.br/graduacao/ead/gestao-p%C3%BAblica,api,4,5,23,PPI,
gestao-publica,Gestão Pública,EAD,GEPB_EAD,https://sumare.edu.br/graduacao/ead/gestao-p%C3%BAblica,api,4,6,24,Planejamento e Mobilidade Urbano,
gestao-publica,Gestão Pública,EAD,GEPB_EAD,https://sumare.edu.br/graduacao/ead/gestao-p%C3%BAblica,api,4,7,25,Vigilância Sanitária,
gestao-publica,Gestão Pública,EAD,GEPB_EAD,https://sumare.edu.br/graduacao/ead/gestao-p%C3%BAblica,api,4,8,26,Saneamento Pluvial e Sanitário,
gestao-publica,Gestão Pública,EAD,GEPB_EAD,https://sumare.edu.br/graduacao/ead/gestao-p%C3%BAblica,api,4,9,27,Direito do Consumidor,
historia,História,EAD,HIST_EAD,https://sumare.edu.br/graduacao/ead/historia,html,1,1,1,Bem-Vindo ao AVA Sumaré,"As disciplinas de cada curso da Sumaré são concebidas pelo NDE (Núcleo Docente Estruturante), que é composto por professores com notório saber, que além da DCN (Diretrizes Curriculares Nacionais) de cada curso, levam em consideração as pautas mais importantes do mercado de trabalho, ou seja, o que você aprende na Sumaré você usa na prática!"
historia,História,EAD,HIST_EAD,https://sumare.edu.br/graduacao/ead/historia,html,1,2,2,Conheça seu Tutor,
historia,História,EAD,HIST_EAD,https://sumare.edu.br/graduacao/ead/historia,html,1,3,3,Introdução aos Estudos Históricos,
historia,História,EAD,HIST_EAD,https://sumare.edu.br/graduacao/ead/historia,html,1,4,4,Conheça seu curso - História,
historia,História,EAD,HIST_EAD,https://sumare.edu.br/graduacao/ead/historia,html,1,5,5,Teoria da História e Historiografia,
historia,História,EAD,HIST_EAD,https://sumare.edu.br/graduacao/ead/historia,html,1,6,6,História da Educação,
historia,História,EAD,HIST_EAD,https://sumare.edu.br/graduacao/ead/historia,html,1,7,7,Atividade Extensionista - Abordagens Históricas,
historia,História,EAD,HIST_EAD,https://sumare.edu.br/graduacao/ead/historia,html,1,8,8,Biblioteca Virtual,
historia,História,EAD,HIST_EAD,https://sumare.edu.br/graduacao/ead/historia,html,2,1,9,História Medieval,
historia,História,EAD,HIST_EAD,https://sumare.edu.br/graduacao/ead/historia,html,2,2,10,História Antiga,
historia,História,EAD,HIST_EAD,https://sumare.edu.br/graduacao/ead/historia,html,2,3,11,Psicologia da Educação e do Desenvolvimento,
historia,História,EAD,HIST_EAD,https://sumare.edu.br/graduacao/ead/historia,html,2,4,12,Atividade Extensionista - História Antiga e Medieval,
historia,História,EAD,HIST_EAD,https://sumare.edu.br/graduacao/ead/historia,html,3,1,13,História Moderna,
historia,História,EAD,HIST_EAD,https://sumare.edu.br/graduacao/ead/historia,html,3,2,14,Educação de Jovens e Adultos - EJA,
historia,História,EAD,HIST_EAD,https://sumare.edu.br/graduacao/ead/historia,html,3,3,15,Currículos e Políticas Educacionais para a Educação Básica,
historia,História,EAD,HIST_EAD,https://sumare.edu.br/graduacao/ead/historia,html,3,4,16,Atividade Extensionista - História Moderna e Patrimônio,
historia,História,EAD,HIST_EAD,https://sumare.edu.br/graduacao/ead/historia,html,4,1,17,História do Brasil Colônia,
historia,História,EAD,HIST_EAD,https://sumare.edu.br/graduacao/ead/historia,html,4,2,18,"Educação Inclusiva, Ética e Direitos Humanos",
historia,História,EAD,HIST_EAD,https://sumare.edu.br/graduacao/ead/historia,html,4,3,19,História da América I,
historia,História,EAD,HIST_EAD,https://sumare.edu.br/graduacao/ead/historia,html,4,4,20,Tecnologias Educacionais,
historia,História,EAD,HIST_EAD,https://sumare.edu.br/graduacao/ead/historia,html,4,5,21,Atividade Extensionista - Brasil Colônia e América I,
historia,História,EAD,HIST_EAD,https://sumare.edu.br/graduacao/ead/historia,html,5,1,22,Estágio Obrigatório,
historia,História,EAD,HIST_EAD,https://sumare.edu.br/graduacao/ead/historia,html,5,2,23,Língua Brasileira de Sinais - LIBRAS,
historia,História,EAD,HIST_EAD,https://sumare.edu.br/graduacao/ead/historia,html,5,3,24,História do Brasil Império,
historia,História,EAD,HIST_EAD,https://sumare.edu.br/graduacao/ead/historia,html,5,4,25,História da América II,
historia,História,EAD,HIST_EAD,https://sumare.edu.br/graduacao/ead/historia,html,5,5,26,História da Arte,
historia,História,EAD,HIST_EAD,https://sumare.edu.br/graduacao/ead/historia,html,5,6,27,Projeto de Pesquisa Integrador em História,
historia,História,EAD,HIST_EAD,https://sumare.edu.br/graduacao/ead/historia,html,6,1,28,História do Brasil República,
historia,História,EAD,HIST_EAD,https://sumare.edu.br/graduacao/ead/historia,html,6,2,29,História Contemporânea,
historia,História,EAD,HIST_EAD,https://sumare.edu.br/graduacao/ead/historia,html,6,3,30,"Sociedade, Cultura e Cidadania",
historia,História,EAD,HIST_EAD,https://sumare.edu.br/graduacao/ead/historia,html,6,4,31,Historiografia Brasileira,
historia,História,EAD,HIST_EAD,https://sumare.edu.br/graduacao/ead/historia,html,7,1,32,História das Religiões,
historia,História,EAD,HIST_EAD,https://sumare.edu.br/graduacao/ead/historia,html,7,2,33,Filosofia da Religião,
historia,História,EAD,HIST_EAD,https://sumare.edu.br/graduacao/ead/historia,html,7,3,34,História e Patrimônio Cultural,
historia,História,EAD,HIST_EAD,https://sumare.edu.br/graduacao/ead/historia,html,7,4,35,Avaliação da Aprendizagem,
historia,História,EAD,HIST_EAD,https://sumare.edu.br/graduacao/ead/historia,html,8,1,36,Didática,
historia,História,EAD,HIST_EAD,https://sumare.edu.br/graduacao/ead/historia,html,8,2,37,Sociologia e Filosofia da Educação,
historia,História,EAD,HIST_EAD,https://sumare.edu.br/graduacao/ead/historia,html,8,3,38,Metodologia de Pesquisa em História,
historia,História,EAD,HIST_EAD,https://sumare.edu.br/graduacao/ead/historia,html,8,4,39,Prática e Metodologia do Ensino de História,
historia,História,Semipresencial,HIST_SEMI,https://sumare.edu.br/graduacao/semi/historia,html,1,1,1,Bem-Vindo ao AVA Sumaré,"As disciplinas de cada curso da Sumaré são concebidas pelo NDE (Núcleo Docente Estruturante), que é composto por professores com notório saber, que além da DCN (Diretrizes Curriculares Nacionais) de cada curso, levam em consideração as pautas mais importantes do mercado de trabalho, ou seja, o que você aprende na Sumaré você usa na prática!"
historia,História,Semipresencial,HIST_SEMI,https://sumare.edu.br/graduacao/semi/historia,html,1,2,2,Conheça seu Tutor,
historia,História,Semipresencial,HIST_SEMI,https://sumare.edu.br/graduacao/semi/historia,html,1,3,3,Conheça seu curso - História Semipresencial,
historia,História,Semipresencial,HIST_SEMI,https://sumare.edu.br/graduacao/semi/historia,html,1,4,4,História da Educação,
historia,História,Semipresencial,HIST_SEMI,https://sumare.edu.br/graduacao/semi/historia,html,1,5,5,Introdução aos Estudos Históricos,
historia,História,Semipresencial,HIST_SEMI,https://sumare.edu.br/graduacao/semi/historia,html,1,6,6,Teoria da História e Historiografia,
historia,História,Semipresencial,HIST_SEMI,https://sumare.edu.br/graduacao/semi/historia,html,1,7,7,Atividade Extensionista - Abordagens Históricas,
historia,História,Semipresencial,HIST_SEMI,https://sumare.edu.br/graduacao/semi/historia,html,1,8,8,Biblioteca Virtual,
historia,História,Semipresencial,HIST_SEMI,https://sumare.edu.br/graduacao/semi/historia,html,1,9,9,PAAS - Língua Portuguesa,
historia,História,Semipresencial,HIST_SEMI,https://sumare.edu.br/graduacao/semi/historia,html,1,10,10,PAAS - Matemática,
historia,História,Semipresencial,HIST_SEMI,https://sumare.edu.br/graduacao/semi/historia,html,1,11,11,PAAS - Informática Básica,
historia,História,Semipresencial,HIST_SEMI,https://sumare.edu.br/graduacao/semi/historia,html,2,1,12,Didática,
historia,História,Semipresencial,HIST_SEMI,https://sumare.edu.br/graduacao/semi/historia,html,2,2,13,História Antiga,
historia,História,Semipresencial,HIST_SEMI,https://sumare.edu.br/graduacao/semi/historia,html,2,3,14,História Medieval,
historia,História,Semipresencial,HIST_SEMI,https://sumare.edu.br/graduacao/semi/historia,html,2,4,15,Atividade Extensionista - História Antiga e Medieval,
historia,História,Semipresencial,HIST_SEMI,https://sumare.edu.br/graduacao/semi/historia,html,3,1,16,Língua Brasileira de Sinais - LIBRAS,
historia,História,Semipresencial,HIST_SEMI,https://sumare.edu.br/graduacao/semi/historia,html,3,2,17,Psicologia da Educação e do Desenvolvimento,
historia,História,Semipresencial,HIST_SEMI,https://sumare.edu.br/graduacao/semi/historia,html,3,3,18,História Moderna,
historia,História,Semipresencial,HIST_SEMI,https://sumare.edu.br/graduacao/semi/historia,html,3,4,19,História do Brasil Colonia,
historia,História,Semipresencial,HIST_SEMI,https://sumare.edu.br/graduacao/semi/historia,html,3,5,20,História da América I,
historia,História,Semipresencial,HIST_SEMI,https://sumare.edu.br/graduacao/semi/historia,html,3,6,21,Atividade Extensionista - Brasil Colôlonia e América I,
historia,História,Semipresencial,HIST_SEMI,https://sumare.edu.br/graduacao/semi/historia,html,4,1,22,Educação de Jovens e Adultos - EJA,
historia,História,Semipresencial,HIST_SEMI,https://sumare.edu.br/graduacao/semi/historia,html,4,2,23,História e Patrimônio Cultural,
historia,História,Semipresencial,HIST_SEMI,https://sumare.edu.br/graduacao/semi/historia,html,4,3,24,Metodologia de Pesquisa em História,
historia,História,Semipresencial,HIST_SEMI,https://sumare.edu.br/graduacao/semi/historia,html,4,4,25,Atividade Extensionista - Práticas Metodológicas em História,
historia,História,Semipresencial,HIST_SEMI,https://sumare.edu.br/graduacao/semi/historia,html,5,1,26,Estágio Obrigatório,
historia,História,Semipresencial,HIST_SEMI,https://sumare.edu.br/graduacao/semi/historia,html,5,2,27,Avaliação da Aprendizagem,
historia,História,Semipresencial,HIST_SEMI,https://sumare.edu.br/graduacao/semi/historia,html,5,3,28,História do Brasil Império,
historia,História,Semipresencial,HIST_SEMI,https://sumare.edu.br/graduacao/semi/historia,html,5,4,29,História da América II,
historia,História,Semipresencial,HIST_SEMI,https://sumare.edu.br/graduacao/semi/historia,html,5,5,30,Historiografia Brasileira,
historia,História,Semipresencial,HIST_SEMI,https://sumare.edu.br/graduacao/semi/historia,html,5,6,31,Projeto de Pesquisa Integrador em História,
historia,História,Semipresencial,HIST_SEMI,https://sumare.edu.br/graduacao/semi/historia,html,6,1,32,Currículos e Políticas Educacionais para a Educação Básica,
historia,História,Semipresencial,HIST_SEMI,https://sumare.edu.br/graduacao/semi/historia,html,6,2,33,História do Brasil República,
historia,História,Semipresencial,HIST_SEMI,https://sumare.edu.br/graduacao/semi/historia,html,6,3,34,História da Arte,
historia,História,Semipresencial,HIST_SEMI,https://sumare.edu.br/graduacao/semi/historia,html,6,4,35,História Contemporânea,
historia,História,Semipresencial,HIST_SEMI,https://sumare.edu.br/graduacao/semi/historia,html,7,1,36,Organização da Educação Básica e o Currículo,
historia,História,Semipresencial,HIST_SEMI,https://sumare.edu.br/graduacao/semi/historia,html,7,2,37,"Educação Inclusiva, Ética e Direitos Humanos",
historia,História,Semipresencial,HIST_SEMI,https://sumare.edu.br/graduacao/semi/historia,html,7,3,38,História das Religiões,
historia,História,Semipresencial,HIST_SEMI,https://sumare.edu.br/graduacao/semi/historia,html,7,4,39,Filosofia da Religião,
historia,História,Semipresencial,HIST_SEMI,https://sumare.edu.br/graduacao/semi/historia,html,8,1,40,Fundamentos da Interdisciplinaridade,
historia,História,Semipresencial,HIST_SEMI,https://sumare.edu.br/graduacao/semi/historia,html,8,2,41,"Sociedade, Cultura e Cidadania",
historia,História,Semipresencial,HIST_SEMI,https://sumare.edu.br/graduacao/semi/historia,html,8,3,42,Sociologia e Filosofia da Educação,
historia,História,Semipresencial,HIST_SEMI,https://sumare.edu.br/graduacao/semi/historia,html,8,4,43,Prática e Metodologia do Ensino de História,
jogos-digitais,Jogos Digitais,EAD,JDIG_EAD,https://sumare.edu.br/graduacao/ead/jogos-digitais,api,1,1,1,Arquitetura de Computadores,"As disciplinas de cada curso da Sumaré são concebidas pelo NDE (Núcleo Docente Estruturante), que é composto por professores com notório saber, que além da DCN (Diretrizes Curriculares Nacionais) de cada curso, levam em consideração as pautas mais importantes do mercado de trabalho, ou seja, o que você aprende na Sumaré você usa na prática!"
jogos-digitais,Jogos Digitais,EAD,JDIG_EAD,https://sumare.edu.br/graduacao/ead/jogos-digitais,api,1,2,2,Atividade Extensionista - Tópicos da Computação,
jogos-digitais,Jogos Digitais,EAD,JDIG_EAD,https://sumare.edu.br/graduacao/ead/jogos-digitais,api,1,3,3,Redes de Computadores e Telecomunicação,
jogos-digitais,Jogos Digitais,EAD,JDIG_EAD,https://sumare.edu.br/graduacao/ead/jogos-digitais,api,1,4,4,Sistemas Operacionais,
jogos-digitais,Jogos Digitais,EAD,JDIG_EAD,https://sumare.edu.br/graduacao/ead/jogos-digitais,api,1,5,5,Desenvolvimento para WEB,
jogos-digitais,Jogos Digitais,EAD,JDIG_EAD,https://sumare.edu.br/graduacao/ead/jogos-digitais,api,1,6,6,Tecnologia e Sociedade,
jogos-digitais,Jogos Digitais,EAD,JDIG_EAD,https://sumare.edu.br/graduacao/ead/jogos-digitais,api,2,1,7,Algoritmos,
jogos-digitais,Jogos Digitais,EAD,JDIG_EAD,https://sumare.edu.br/graduacao/ead/jogos-digitais,api,2,2,8,Atividade Extensionista - Fundamentos de Jogos,
jogos-digitais,Jogos Digitais,EAD,JDIG_EAD,https://sumare.edu.br/graduacao/ead/jogos-digitais,api,2,3,9,Estrutura de Dados,
jogos-digitais,Jogos Digitais,EAD,JDIG_EAD,https://sumare.edu.br/graduacao/ead/jogos-digitais,api,2,4,10,Jogos e Entretenimento Digital,
jogos-digitais,Jogos Digitais,EAD,JDIG_EAD,https://sumare.edu.br/graduacao/ead/jogos-digitais,api,2,5,11,Gestão de Projetos,
jogos-digitais,Jogos Digitais,EAD,JDIG_EAD,https://sumare.edu.br/graduacao/ead/jogos-digitais,api,2,6,12,Sustentabilidade e Responsabilidade social,
jogos-digitais,Jogos Digitais,EAD,JDIG_EAD,https://sumare.edu.br/graduacao/ead/jogos-digitais,api,3,1,13,Geometria para Computação Gráfica,
jogos-digitais,Jogos Digitais,EAD,JDIG_EAD,https://sumare.edu.br/graduacao/ead/jogos-digitais,api,3,2,14,Atividade Extensionista - Computação Gráfica,
jogos-digitais,Jogos Digitais,EAD,JDIG_EAD,https://sumare.edu.br/graduacao/ead/jogos-digitais,api,3,3,15,Design de Games,
jogos-digitais,Jogos Digitais,EAD,JDIG_EAD,https://sumare.edu.br/graduacao/ead/jogos-digitais,api,3,4,16,Tratamento de Imagens,
jogos-digitais,Jogos Digitais,EAD,JDIG_EAD,https://sumare.edu.br/graduacao/ead/jogos-digitais,api,3,5,17,Animação 2D,
jogos-digitais,Jogos Digitais,EAD,JDIG_EAD,https://sumare.edu.br/graduacao/ead/jogos-digitais,api,3,6,18,Empreendedorismo,
jogos-digitais,Jogos Digitais,EAD,JDIG_EAD,https://sumare.edu.br/graduacao/ead/jogos-digitais,api,4,1,19,Laboratório de Programação,
jogos-digitais,Jogos Digitais,EAD,JDIG_EAD,https://sumare.edu.br/graduacao/ead/jogos-digitais,api,4,2,20,Atividade Extensionista - Projetos de Jogos,
jogos-digitais,Jogos Digitais,EAD,JDIG_EAD,https://sumare.edu.br/graduacao/ead/jogos-digitais,api,4,3,21,Interação Humano-Computador,
jogos-digitais,Jogos Digitais,EAD,JDIG_EAD,https://sumare.edu.br/graduacao/ead/jogos-digitais,api,4,4,22,Projeto de Jogos,
jogos-digitais,Jogos Digitais,EAD,JDIG_EAD,https://sumare.edu.br/graduacao/ead/jogos-digitais,api,4,5,23,Segurança da Informação,
jogos-digitais,Jogos Digitais,EAD,JDIG_EAD,https://sumare.edu.br/graduacao/ead/jogos-digitais,api,4,6,24,Comportamento nas Organizações,
jogos-digitais,Jogos Digitais,EAD,JDIG_EAD,https://sumare.edu.br/graduacao/ead/jogos-digitais,api,5,1,25,Som para Jogos,
jogos-digitais,Jogos Digitais,EAD,JDIG_EAD,https://sumare.edu.br/graduacao/ead/jogos-digitais,api,5,2,26,Atividade Extensionista - Programação de Jogos,
jogos-digitais,Jogos Digitais,EAD,JDIG_EAD,https://sumare.edu.br/graduacao/ead/jogos-digitais,api,5,3,27,ATC,
jogos-digitais,Jogos Digitais,EAD,JDIG_EAD,https://sumare.edu.br/graduacao/ead/jogos-digitais,api,5,4,28,Estágio Obrigatório,
jogos-digitais,Jogos Digitais,EAD,JDIG_EAD,https://sumare.edu.br/graduacao/ead/jogos-digitais,api,5,5,29,PPI,
jogos-digitais,Jogos Digitais,EAD,JDIG_EAD,https://sumare.edu.br/graduacao/ead/jogos-digitais,api,5,6,30,Inteligência Artificial,
jogos-digitais,Jogos Digitais,EAD,JDIG_EAD,https://sumare.edu.br/graduacao/ead/jogos-digitais,api,5,7,31,Programação para Jogos Digitais,
jogos-digitais,Jogos Digitais,EAD,JDIG_EAD,https://sumare.edu.br/graduacao/ead/jogos-digitais,api,5,8,32,Games Engines 2D,
jornalismo,Jornalismo,EAD,JORN_EAD,https://sumare.edu.br/graduacao/ead/jornalismo,api,1,1,1,Teoria e História da Comunicação,"As disciplinas de cada curso da Sumaré são concebidas pelo NDE (Núcleo Docente Estruturante), que é composto por professores com notório saber, que além da DCN (Diretrizes Curriculares Nacionais) de cada curso, levam em consideração as pautas mais importantes do mercado de trabalho, ou seja, o que você aprende na Sumaré você usa na prática!"
jornalismo,Jornalismo,EAD,JORN_EAD,https://sumare.edu.br/graduacao/ead/jornalismo,api,1,2,2,Atividade Extensionista - Comunicação e Jornalismo,
jornalismo,Jornalismo,EAD,JORN_EAD,https://sumare.edu.br/graduacao/ead/jornalismo,api,1,3,3,Língua Portuguesa e Redação Comunicacional,
jornalismo,Jornalismo,EAD,JORN_EAD,https://sumare.edu.br/graduacao/ead/jornalismo,api,1,4,4,Jornalismo Contemporâneo,
jornalismo,Jornalismo,EAD,JORN_EAD,https://sumare.edu.br/graduacao/ead/jornalismo,api,1,5,5,Tecnologia e Sociedade,
jornalismo,Jornalismo,EAD,JORN_EAD,https://sumare.edu.br/graduacao/ead/jornalismo,api,2,1,6,Apuração da Notícia,
jornalismo,Jornalismo,EAD,JORN_EAD,https://sumare.edu.br/graduacao/ead/jornalismo,api,2,2,7,Atividade Extensionista - Produção da Noticia,
jornalismo,Jornalismo,EAD,JORN_EAD,https://sumare.edu.br/graduacao/ead/jornalismo,api,2,3,8,Assessoria de Comunicação e Empresarial,
jornalismo,Jornalismo,EAD,JORN_EAD,https://sumare.edu.br/graduacao/ead/jornalismo,api,2,4,9,Gêneros Jornalísticos,
jornalismo,Jornalismo,EAD,JORN_EAD,https://sumare.edu.br/graduacao/ead/jornalismo,api,2,5,10,Sustentabilidade e Responsabilidade Social,
jornalismo,Jornalismo,EAD,JORN_EAD,https://sumare.edu.br/graduacao/ead/jornalismo,api,3,1,11,"Apuração, Pesquisa, Investigação Jornalística e Entrevista",
jornalismo,Jornalismo,EAD,JORN_EAD,https://sumare.edu.br/graduacao/ead/jornalismo,api,3,2,12,Atividade Extensionista - Redação e Pesquisa Jornalística,
jornalismo,Jornalismo,EAD,JORN_EAD,https://sumare.edu.br/graduacao/ead/jornalismo,api,3,3,13,"Redação Jornalística: digital, eletrônica e impressa",
jornalismo,Jornalismo,EAD,JORN_EAD,https://sumare.edu.br/graduacao/ead/jornalismo,api,3,4,14,Psicologia aplicada à comunicação,
jornalismo,Jornalismo,EAD,JORN_EAD,https://sumare.edu.br/graduacao/ead/jornalismo,api,3,5,15,Filosofia,
jornalismo,Jornalismo,EAD,JORN_EAD,https://sumare.edu.br/graduacao/ead/jornalismo,api,4,1,16,Fotojornalismo,
jornalismo,Jornalismo,EAD,JORN_EAD,https://sumare.edu.br/graduacao/ead/jornalismo,api,4,2,17,Atividade Extensionista - Gestão da Imagem,
jornalismo,Jornalismo,EAD,JORN_EAD,https://sumare.edu.br/graduacao/ead/jornalismo,api,4,3,18,"Planejamento Visual, Digital e Gráfico",
jornalismo,Jornalismo,EAD,JORN_EAD,https://sumare.edu.br/graduacao/ead/jornalismo,api,4,4,19,Jornalismo opinativo e internacional,
jornalismo,Jornalismo,EAD,JORN_EAD,https://sumare.edu.br/graduacao/ead/jornalismo,api,4,5,20,Comportamento nas Organizações,
jornalismo,Jornalismo,EAD,JORN_EAD,https://sumare.edu.br/graduacao/ead/jornalismo,api,5,1,21,Jornalismo Impresso,
jornalismo,Jornalismo,EAD,JORN_EAD,https://sumare.edu.br/graduacao/ead/jornalismo,api,5,2,22,Editoração e Projeto Gráfico,
jornalismo,Jornalismo,EAD,JORN_EAD,https://sumare.edu.br/graduacao/ead/jornalismo,api,5,3,23,Ética e Legislação em Comunicação,
jornalismo,Jornalismo,EAD,JORN_EAD,https://sumare.edu.br/graduacao/ead/jornalismo,api,5,4,24,Lógica e Interpretação de Dados,
jornalismo,Jornalismo,EAD,JORN_EAD,https://sumare.edu.br/graduacao/ead/jornalismo,api,6,1,25,Jornalismo Digital,
jornalismo,Jornalismo,EAD,JORN_EAD,https://sumare.edu.br/graduacao/ead/jornalismo,api,6,2,26,Processo de Transmídia e Cibercultura na Comunicação,
jornalismo,Jornalismo,EAD,JORN_EAD,https://sumare.edu.br/graduacao/ead/jornalismo,api,6,3,27,Jornalismo de Dados e Redes Sociais Digitais,
jornalismo,Jornalismo,EAD,JORN_EAD,https://sumare.edu.br/graduacao/ead/jornalismo,api,6,4,28,Governança Corporativa,
jornalismo,Jornalismo,EAD,JORN_EAD,https://sumare.edu.br/graduacao/ead/jornalismo,api,7,1,29,Jornalismo Eletrônico: Telejornalismo,
jornalismo,Jornalismo,EAD,JORN_EAD,https://sumare.edu.br/graduacao/ead/jornalismo,api,7,2,30,Processo de produção e edição para televisão,
jornalismo,Jornalismo,EAD,JORN_EAD,https://sumare.edu.br/graduacao/ead/jornalismo,api,7,3,31,Redação e Roteiro para Televisão,
jornalismo,Jornalismo,EAD,JORN_EAD,https://sumare.edu.br/graduacao/ead/jornalismo,api,7,4,32,Direito Empresarial,
jornalismo,Jornalismo,EAD,JORN_EAD,https://sumare.edu.br/graduacao/ead/jornalismo,api,8,1,33,Trabalho de Conclusão de Curso,
jornalismo,Jornalismo,EAD,JORN_EAD,https://sumare.edu.br/graduacao/ead/jornalismo,api,8,2,34,Jornalismo Eletrônico: Radio jornalismo,
jornalismo,Jornalismo,EAD,JORN_EAD,https://sumare.edu.br/graduacao/ead/jornalismo,api,8,3,35,ATC,
jornalismo,Jornalismo,EAD,JORN_EAD,https://sumare.edu.br/graduacao/ead/jornalismo,api,8,4,36,Estágio Obrigatório,
jornalismo,Jornalismo,EAD,JORN_EAD,https://sumare.edu.br/graduacao/ead/jornalismo,api,8,5,37,Processo de produção e edição para rádio,
jornalismo,Jornalismo,EAD,JORN_EAD,https://sumare.edu.br/graduacao/ead/jornalismo,api,8,6,38,Redação e Roteiro para rádio,
jornalismo,Jornalismo,EAD,JORN_EAD,https://sumare.edu.br/graduacao/ead/jornalismo,api,8,7,39,Aplicação e Análise de Casos,
letras-lingua-portuguesa,Letras Habilitação Língua Portuguesa,EAD,LETR_EAD,https://sumare.edu.br/graduacao/ead/letras-habilitacao-lingua-portuguesa,html,1,1,1,Bem-Vindo ao AVA Sumaré,"As disciplinas de cada curso da Sumaré são concebidas pelo NDE (Núcleo Docente Estruturante), que é composto por professores com notório saber, que além da DCN (Diretrizes Curriculares Nacionais) de cada curso, levam em consideração as pautas mais importantes do mercado de trabalho, ou seja, o que você aprende na Sumaré você usa na prática!"
letras-lingua-portuguesa,Letras Habilitação Língua Portuguesa,EAD,LETR_EAD,https://sumare.edu.br/graduacao/ead/letras-habilitacao-lingua-portuguesa,html,1,2,2,Conheça seu Tutor,
letras-lingua-portuguesa,Letras Habilitação Língua Portuguesa,EAD,LETR_EAD,https://sumare.edu.br/graduacao/ead/letras-habilitacao-lingua-portuguesa,html,1,3,3,Linguística Geral,
letras-lingua-portuguesa,Letras Habilitação Língua Portuguesa,EAD,LETR_EAD,https://sumare.edu.br/graduacao/ead/letras-habilitacao-lingua-portuguesa,html,1,4,4,Conheça seu curso - Letras Habilitação Língua Portuguesa,
letras-lingua-portuguesa,Letras Habilitação Língua Portuguesa,EAD,LETR_EAD,https://sumare.edu.br/graduacao/ead/letras-habilitacao-lingua-portuguesa,html,1,5,5,História da Educação,
letras-lingua-portuguesa,Letras Habilitação Língua Portuguesa,EAD,LETR_EAD,https://sumare.edu.br/graduacao/ead/letras-habilitacao-lingua-portuguesa,html,1,6,6,Introdução aos Estudos de Literatura,
letras-lingua-portuguesa,Letras Habilitação Língua Portuguesa,EAD,LETR_EAD,https://sumare.edu.br/graduacao/ead/letras-habilitacao-lingua-portuguesa,html,1,7,7,Atividade Extensionista - Abordagens em Letras,
letras-lingua-portuguesa,Letras Habilitação Língua Portuguesa,EAD,LETR_EAD,https://sumare.edu.br/graduacao/ead/letras-habilitacao-lingua-portuguesa,html,1,8,8,Biblioteca Virtual,
letras-lingua-portuguesa,Letras Habilitação Língua Portuguesa,EAD,LETR_EAD,https://sumare.edu.br/graduacao/ead/letras-habilitacao-lingua-portuguesa,html,2,1,9,Psicologia da Educação e do Desenvolvimento,
letras-lingua-portuguesa,Letras Habilitação Língua Portuguesa,EAD,LETR_EAD,https://sumare.edu.br/graduacao/ead/letras-habilitacao-lingua-portuguesa,html,2,2,10,Análise da Narrativa em suas diversas manifestações,
letras-lingua-portuguesa,Letras Habilitação Língua Portuguesa,EAD,LETR_EAD,https://sumare.edu.br/graduacao/ead/letras-habilitacao-lingua-portuguesa,html,2,3,11,Estudos de Literatura-Drama,
letras-lingua-portuguesa,Letras Habilitação Língua Portuguesa,EAD,LETR_EAD,https://sumare.edu.br/graduacao/ead/letras-habilitacao-lingua-portuguesa,html,2,4,12,Atividade Extensionista - Narrativa e Drama,
letras-lingua-portuguesa,Letras Habilitação Língua Portuguesa,EAD,LETR_EAD,https://sumare.edu.br/graduacao/ead/letras-habilitacao-lingua-portuguesa,html,3,1,13,Fonética e Fonologia da Língua Portuguesa,
letras-lingua-portuguesa,Letras Habilitação Língua Portuguesa,EAD,LETR_EAD,https://sumare.edu.br/graduacao/ead/letras-habilitacao-lingua-portuguesa,html,3,2,14,Psicolinguística,
letras-lingua-portuguesa,Letras Habilitação Língua Portuguesa,EAD,LETR_EAD,https://sumare.edu.br/graduacao/ead/letras-habilitacao-lingua-portuguesa,html,3,3,15,Educação de Jovens e Adultos - EJA,
letras-lingua-portuguesa,Letras Habilitação Língua Portuguesa,EAD,LETR_EAD,https://sumare.edu.br/graduacao/ead/letras-habilitacao-lingua-portuguesa,html,3,4,16,Comunicação e Expressão,
letras-lingua-portuguesa,Letras Habilitação Língua Portuguesa,EAD,LETR_EAD,https://sumare.edu.br/graduacao/ead/letras-habilitacao-lingua-portuguesa,html,3,5,17,Atividade Extensionista - Fonética e Psicolinguística,
letras-lingua-portuguesa,Letras Habilitação Língua Portuguesa,EAD,LETR_EAD,https://sumare.edu.br/graduacao/ead/letras-habilitacao-lingua-portuguesa,html,4,1,18,Literatura Infantojuvenil,
letras-lingua-portuguesa,Letras Habilitação Língua Portuguesa,EAD,LETR_EAD,https://sumare.edu.br/graduacao/ead/letras-habilitacao-lingua-portuguesa,html,4,2,19,"Educação Inclusiva, Ética Direitos Humanos",
letras-lingua-portuguesa,Letras Habilitação Língua Portuguesa,EAD,LETR_EAD,https://sumare.edu.br/graduacao/ead/letras-habilitacao-lingua-portuguesa,html,4,3,20,Estudos de Literatura-Narrativa,
letras-lingua-portuguesa,Letras Habilitação Língua Portuguesa,EAD,LETR_EAD,https://sumare.edu.br/graduacao/ead/letras-habilitacao-lingua-portuguesa,html,4,4,21,Atividade Extensionista - Literatura Infanto Juvenil e Narrativa,
letras-lingua-portuguesa,Letras Habilitação Língua Portuguesa,EAD,LETR_EAD,https://sumare.edu.br/graduacao/ead/letras-habilitacao-lingua-portuguesa,html,5,1,22,Estágio Obrigatório,
letras-lingua-portuguesa,Letras Habilitação Língua Portuguesa,EAD,LETR_EAD,https://sumare.edu.br/graduacao/ead/letras-habilitacao-lingua-portuguesa,html,5,2,23,Língua Brasileira de Sinais - LIBRAS,
letras-lingua-portuguesa,Letras Habilitação Língua Portuguesa,EAD,LETR_EAD,https://sumare.edu.br/graduacao/ead/letras-habilitacao-lingua-portuguesa,html,5,3,24,Estudos do Texto - Linguística Textual,
letras-lingua-portuguesa,Letras Habilitação Língua Portuguesa,EAD,LETR_EAD,https://sumare.edu.br/graduacao/ead/letras-habilitacao-lingua-portuguesa,html,5,4,25,Semântica e Pragmática,
letras-lingua-portuguesa,Letras Habilitação Língua Portuguesa,EAD,LETR_EAD,https://sumare.edu.br/graduacao/ead/letras-habilitacao-lingua-portuguesa,html,5,5,26,Estudos Teóricos da Comunicação,
letras-lingua-portuguesa,Letras Habilitação Língua Portuguesa,EAD,LETR_EAD,https://sumare.edu.br/graduacao/ead/letras-habilitacao-lingua-portuguesa,html,5,6,27,Projeto de Pesquisa Integrador em Letras Língua Portuguesa,
letras-lingua-portuguesa,Letras Habilitação Língua Portuguesa,EAD,LETR_EAD,https://sumare.edu.br/graduacao/ead/letras-habilitacao-lingua-portuguesa,html,6,1,28,Estudos da Literatura - Poesia,
letras-lingua-portuguesa,Letras Habilitação Língua Portuguesa,EAD,LETR_EAD,https://sumare.edu.br/graduacao/ead/letras-habilitacao-lingua-portuguesa,html,6,2,29,Teorias e Críticas da Literatura,
letras-lingua-portuguesa,Letras Habilitação Língua Portuguesa,EAD,LETR_EAD,https://sumare.edu.br/graduacao/ead/letras-habilitacao-lingua-portuguesa,html,6,3,30,"Sociedade, Cultura e Cidadania",
letras-lingua-portuguesa,Letras Habilitação Língua Portuguesa,EAD,LETR_EAD,https://sumare.edu.br/graduacao/ead/letras-habilitacao-lingua-portuguesa,html,6,4,31,Imagem e Semiótica,
letras-lingua-portuguesa,Letras Habilitação Língua Portuguesa,EAD,LETR_EAD,https://sumare.edu.br/graduacao/ead/letras-habilitacao-lingua-portuguesa,html,7,1,32,Morfossintaxe,
letras-lingua-portuguesa,Letras Habilitação Língua Portuguesa,EAD,LETR_EAD,https://sumare.edu.br/graduacao/ead/letras-habilitacao-lingua-portuguesa,html,7,2,33,Currículos e Políticas Educacionais para a Educação Básica,
letras-lingua-portuguesa,Letras Habilitação Língua Portuguesa,EAD,LETR_EAD,https://sumare.edu.br/graduacao/ead/letras-habilitacao-lingua-portuguesa,html,7,3,34,Produção Discursiva: Oralidade e Escrita no Ensino Superior,
letras-lingua-portuguesa,Letras Habilitação Língua Portuguesa,EAD,LETR_EAD,https://sumare.edu.br/graduacao/ead/letras-habilitacao-lingua-portuguesa,html,7,4,35,Avaliação da Aprendizagem,
letras-lingua-portuguesa,Letras Habilitação Língua Portuguesa,EAD,LETR_EAD,https://sumare.edu.br/graduacao/ead/letras-habilitacao-lingua-portuguesa,html,8,1,36,Didática,
letras-lingua-portuguesa,Letras Habilitação Língua Portuguesa,EAD,LETR_EAD,https://sumare.edu.br/graduacao/ead/letras-habilitacao-lingua-portuguesa,html,8,2,37,Metodologia de Alfabetização,
letras-lingua-portuguesa,Letras Habilitação Língua Portuguesa,EAD,LETR_EAD,https://sumare.edu.br/graduacao/ead/letras-habilitacao-lingua-portuguesa,html,8,3,38,Prática Pedagógica e Metodologia do Ensino de Língua e Literatura,
letras-lingua-portuguesa,Letras Habilitação Língua Portuguesa,EAD,LETR_EAD,https://sumare.edu.br/graduacao/ead/letras-habilitacao-lingua-portuguesa,html,8,4,39,Tecnologias Educacionais,
letras-lingua-portuguesa,Letras Habilitação Língua Portuguesa,Semipresencial,LETR_SEMI,https://sumare.edu.br/graduacao/semi/letras-habilitacao-lingua-portuguesa,html,1,1,1,Bem-Vindo ao AVA Sumaré,"As disciplinas de cada curso da Sumaré são concebidas pelo NDE (Núcleo Docente Estruturante), que é composto por professores com notório saber, que além da DCN (Diretrizes Curriculares Nacionais) de cada curso, levam em consideração as pautas mais importantes do mercado de trabalho, ou seja, o que você aprende na Sumaré você usa na prática!"
letras-lingua-portuguesa,Letras Habilitação Língua Portuguesa,Semipresencial,LETR_SEMI,https://sumare.edu.br/graduacao/semi/letras-habilitacao-lingua-portuguesa,html,1,2,2,Conheça seu Tutor,
letras-lingua-portuguesa,Letras Habilitação Língua Portuguesa,Semipresencial,LETR_SEMI,https://sumare.edu.br/graduacao/semi/letras-habilitacao-lingua-portuguesa,html,1,3,3,Conheça seu curso - Letras Habilitação Língua Portuguesa Semipresencial,
letras-lingua-portuguesa,Letras Habilitação Língua Portuguesa,Semipresencial,LETR_SEMI,https://sumare.edu.br/graduacao/semi/letras-habilitacao-lingua-portuguesa,html,1,4,4,História da Educação,
letras-lingua-portuguesa,Letras Habilitação Língua Portuguesa,Semipresencial,LETR_SEMI,https://sumare.edu.br/graduacao/semi/letras-habilitacao-lingua-portuguesa,html,1,5,5,Introdução aos Estudos de Literatura,
letras-lingua-portuguesa,Letras Habilitação Língua Portuguesa,Semipresencial,LETR_SEMI,https://sumare.edu.br/graduacao/semi/letras-habilitacao-lingua-portuguesa,html,1,6,6,Estudos Teóricos da Comunicação,
letras-lingua-portuguesa,Letras Habilitação Língua Portuguesa,Semipresencial,LETR_SEMI,https://sumare.edu.br/graduacao/semi/letras-habilitacao-lingua-portuguesa,html,1,7,7,Atividade Extensionista - Abordagens em Letras,
letras-lingua-portuguesa,Letras Habilitação Língua Portuguesa,Semipresencial,LETR_SEMI,https://sumare.edu.br/graduacao/semi/letras-habilitacao-lingua-portuguesa,html,1,8,8,Biblioteca Virtual,
letras-lingua-portuguesa,Letras Habilitação Língua Portuguesa,Semipresencial,LETR_SEMI,https://sumare.edu.br/graduacao/semi/letras-habilitacao-lingua-portuguesa,html,1,9,9,PAAS - Língua Portuguesa,
letras-lingua-portuguesa,Letras Habilitação Língua Portuguesa,Semipresencial,LETR_SEMI,https://sumare.edu.br/graduacao/semi/letras-habilitacao-lingua-portuguesa,html,1,10,10,PAAS - Matemática,
letras-lingua-portuguesa,Letras Habilitação Língua Portuguesa,Semipresencial,LETR_SEMI,https://sumare.edu.br/graduacao/semi/letras-habilitacao-lingua-portuguesa,html,1,11,11,PAAS - Informática Básica,
letras-lingua-portuguesa,Letras Habilitação Língua Portuguesa,Semipresencial,LETR_SEMI,https://sumare.edu.br/graduacao/semi/letras-habilitacao-lingua-portuguesa,html,2,1,12,Didática,
letras-lingua-portuguesa,Letras Habilitação Língua Portuguesa,Semipresencial,LETR_SEMI,https://sumare.edu.br/graduacao/semi/letras-habilitacao-lingua-portuguesa,html,2,2,13,Estudos de Literatura-Drama,
letras-lingua-portuguesa,Letras Habilitação Língua Portuguesa,Semipresencial,LETR_SEMI,https://sumare.edu.br/graduacao/semi/letras-habilitacao-lingua-portuguesa,html,2,3,14,Análise da Narrativa em suas Diversas Manifestações,
letras-lingua-portuguesa,Letras Habilitação Língua Portuguesa,Semipresencial,LETR_SEMI,https://sumare.edu.br/graduacao/semi/letras-habilitacao-lingua-portuguesa,html,2,4,15,Atividade Extensionista - Narrativa e Drama,
letras-lingua-portuguesa,Letras Habilitação Língua Portuguesa,Semipresencial,LETR_SEMI,https://sumare.edu.br/graduacao/semi/letras-habilitacao-lingua-portuguesa,html,3,1,16,Língua Brasileira de Sinais - LIBRAS,
letras-lingua-portuguesa,Letras Habilitação Língua Portuguesa,Semipresencial,LETR_SEMI,https://sumare.edu.br/graduacao/semi/letras-habilitacao-lingua-portuguesa,html,3,2,17,Psicologia da Educação e do Desenvolvimento,
letras-lingua-portuguesa,Letras Habilitação Língua Portuguesa,Semipresencial,LETR_SEMI,https://sumare.edu.br/graduacao/semi/letras-habilitacao-lingua-portuguesa,html,3,3,18,Psicolinguística,
letras-lingua-portuguesa,Letras Habilitação Língua Portuguesa,Semipresencial,LETR_SEMI,https://sumare.edu.br/graduacao/semi/letras-habilitacao-lingua-portuguesa,html,3,4,19,Fonética e Fonologia da Língua Portuguesa,
letras-lingua-portuguesa,Letras Habilitação Língua Portuguesa,Semipresencial,LETR_SEMI,https://sumare.edu.br/graduacao/semi/letras-habilitacao-lingua-portuguesa,html,3,5,20,Comunicação e Expressão,
letras-lingua-portuguesa,Letras Habilitação Língua Portuguesa,Semipresencial,LETR_SEMI,https://sumare.edu.br/graduacao/semi/letras-habilitacao-lingua-portuguesa,html,3,6,21,Atividade Extensionista - Fonética e Psicolinguística,
letras-lingua-portuguesa,Letras Habilitação Língua Portuguesa,Semipresencial,LETR_SEMI,https://sumare.edu.br/graduacao/semi/letras-habilitacao-lingua-portuguesa,html,4,1,22,Educação de Jovens e Adultos - EJA,
letras-lingua-portuguesa,Letras Habilitação Língua Portuguesa,Semipresencial,LETR_SEMI,https://sumare.edu.br/graduacao/semi/letras-habilitacao-lingua-portuguesa,html,4,2,23,Literatura Infanto Juvenil,
letras-lingua-portuguesa,Letras Habilitação Língua Portuguesa,Semipresencial,LETR_SEMI,https://sumare.edu.br/graduacao/semi/letras-habilitacao-lingua-portuguesa,html,4,3,24,Imagem e Semiótica,
letras-lingua-portuguesa,Letras Habilitação Língua Portuguesa,Semipresencial,LETR_SEMI,https://sumare.edu.br/graduacao/semi/letras-habilitacao-lingua-portuguesa,html,4,4,25,Atividade Extensionista - Literatura Infanto Juvenil e Narrativa,
letras-lingua-portuguesa,Letras Habilitação Língua Portuguesa,Semipresencial,LETR_SEMI,https://sumare.edu.br/graduacao/semi/letras-habilitacao-lingua-portuguesa,html,5,1,26,Estágio Obrigatório,
letras-lingua-portuguesa,Letras Habilitação Língua Portuguesa,Semipresencial,LETR_SEMI,https://sumare.edu.br/graduacao/semi/letras-habilitacao-lingua-portuguesa,html,5,2,27,Avaliação da Aprendizagem,
letras-lingua-portuguesa,Letras Habilitação Língua Portuguesa,Semipresencial,LETR_SEMI,https://sumare.edu.br/graduacao/semi/letras-habilitacao-lingua-portuguesa,html,5,3,28,Estudos do Texto - Linguística Textual,
letras-lingua-portuguesa,Letras Habilitação Língua Portuguesa,Semipresencial,LETR_SEMI,https://sumare.edu.br/graduacao/semi/letras-habilitacao-lingua-portuguesa,html,5,4,29,Linguística Geral,
letras-lingua-portuguesa,Letras Habilitação Língua Portuguesa,Semipresencial,LETR_SEMI,https://sumare.edu.br/graduacao/semi/letras-habilitacao-lingua-portuguesa,html,5,5,30,Semântica e Pragmática,
letras-lingua-portuguesa,Letras Habilitação Língua Portuguesa,Semipresencial,LETR_SEMI,https://sumare.edu.br/graduacao/semi/letras-habilitacao-lingua-portuguesa,html,5,6,31,Projeto de Pesquisa Integrador em Letras Língua Portuguesa,
letras-lingua-portuguesa,Letras Habilitação Língua Portuguesa,Semipresencial,LETR_SEMI,https://sumare.edu.br/graduacao/semi/letras-habilitacao-lingua-portuguesa,html,6,1,32,Currículos e Políticas Educacionais para a Educação Básica,
letras-lingua-portuguesa,Letras Habilitação Língua Portuguesa,Semipresencial,LETR_SEMI,https://sumare.edu.br/graduacao/semi/letras-habilitacao-lingua-portuguesa,html,6,2,33,Estudos da Literatura - Poesia,
letras-lingua-portuguesa,Letras Habilitação Língua Portuguesa,Semipresencial,LETR_SEMI,https://sumare.edu.br/graduacao/semi/letras-habilitacao-lingua-portuguesa,html,6,3,34,Produção Discursiva: Oralidade e Escrita no Ensino Superior,
letras-lingua-portuguesa,Letras Habilitação Língua Portuguesa,Semipresencial,LETR_SEMI,https://sumare.edu.br/graduacao/semi/letras-habilitacao-lingua-portuguesa,html,6,4,35,Teorias e Críticas da Literatura,
letras-lingua-portuguesa,Letras Habilitação Língua Portuguesa,Semipresencial,LETR_SEMI,https://sumare.edu.br/graduacao/semi/letras-habilitacao-lingua-portuguesa,html,7,1,36,Organização da Educação Básica e o Currículo,
letras-lingua-portuguesa,Letras Habilitação Língua Portuguesa,Semipresencial,LETR_SEMI,https://sumare.edu.br/graduacao/semi/letras-habilitacao-lingua-portuguesa,html,7,2,37,"Educação Inclusiva, Ética e Direitos Humanos",
letras-lingua-portuguesa,Letras Habilitação Língua Portuguesa,Semipresencial,LETR_SEMI,https://sumare.edu.br/graduacao/semi/letras-habilitacao-lingua-portuguesa,html,7,3,38,Morfossintaxe,
letras-lingua-portuguesa,Letras Habilitação Língua Portuguesa,Semipresencial,LETR_SEMI,https://sumare.edu.br/graduacao/semi/letras-habilitacao-lingua-portuguesa,html,7,4,39,Tecnologias Educacionais,
letras-lingua-portuguesa,Letras Habilitação Língua Portuguesa,Semipresencial,LETR_SEMI,https://sumare.edu.br/graduacao/semi/letras-habilitacao-lingua-portuguesa,html,8,1,40,Fundamentos da Interdisciplinaridade,
letras-lingua-portuguesa,Letras Habilitação Língua Portuguesa,Semipresencial,LETR_SEMI,https://sumare.edu.br/graduacao/semi/letras-habilitacao-lingua-portuguesa,html,8,2,41,"Sociedade, Cultura e Cidadania",
letras-lingua-portuguesa,Letras Habilitação Língua Portuguesa,Semipresencial,LETR_SEMI,https://sumare.edu.br/graduacao/semi/letras-habilitacao-lingua-portuguesa,html,8,3,42,Metodologia de Alfabetização,
letras-lingua-portuguesa,Letras Habilitação Língua Portuguesa,Semipresencial,LETR_SEMI,https://sumare.edu.br/graduacao/semi/letras-habilitacao-lingua-portuguesa,html,8,4,43,Prática Pedagógica e Metodologia do Ensino de Língua e Literatura,
logistica,Logística,EAD,LOG_EAD,https://sumare.edu.br/graduacao/ead/logistica,api,1,1,1,Administração Contemporânea,"As disciplinas de cada curso da Sumaré são concebidas pelo NDE (Núcleo Docente Estruturante), que é composto por professores com notório saber, que além da DCN (Diretrizes Curriculares Nacionais) de cada curso, levam em consideração as pautas mais importantes do mercado de trabalho, ou seja, o que você aprende na Sumaré você usa na prática!"
logistica,Logística,EAD,LOG_EAD,https://sumare.edu.br/graduacao/ead/logistica,api,1,2,2,Atividade Extensionista - Assistente de Logística,
logistica,Logística,EAD,LOG_EAD,https://sumare.edu.br/graduacao/ead/logistica,api,1,3,3,Comunicação e Marketing,
logistica,Logística,EAD,LOG_EAD,https://sumare.edu.br/graduacao/ead/logistica,api,1,4,4,Contabilidade,
logistica,Logística,EAD,LOG_EAD,https://sumare.edu.br/graduacao/ead/logistica,api,1,5,5,Logística,
logistica,Logística,EAD,LOG_EAD,https://sumare.edu.br/graduacao/ead/logistica,api,1,6,6,Tecnologia e Sociedade,
logistica,Logística,EAD,LOG_EAD,https://sumare.edu.br/graduacao/ead/logistica,api,2,1,7,Gestão da Cadeia de Suprimentos,
logistica,Logística,EAD,LOG_EAD,https://sumare.edu.br/graduacao/ead/logistica,api,2,2,8,Atividade Extensionista - Analista de Custos Logísticos,
logistica,Logística,EAD,LOG_EAD,https://sumare.edu.br/graduacao/ead/logistica,api,2,3,9,Gestão de Custos Logísticos e Fretes,
logistica,Logística,EAD,LOG_EAD,https://sumare.edu.br/graduacao/ead/logistica,api,2,4,10,Recursos Humanos,
logistica,Logística,EAD,LOG_EAD,https://sumare.edu.br/graduacao/ead/logistica,api,2,5,11,Sistemas de Informação,
logistica,Logística,EAD,LOG_EAD,https://sumare.edu.br/graduacao/ead/logistica,api,2,6,12,Sustentabilidade e Responsabilidade Social,
logistica,Logística,EAD,LOG_EAD,https://sumare.edu.br/graduacao/ead/logistica,api,3,1,13,Administração de Produção,
logistica,Logística,EAD,LOG_EAD,https://sumare.edu.br/graduacao/ead/logistica,api,3,2,14,Atividade Extensionista - Analista de Qualidade Logístico,
logistica,Logística,EAD,LOG_EAD,https://sumare.edu.br/graduacao/ead/logistica,api,3,3,15,Estatística Aplicada,
logistica,Logística,EAD,LOG_EAD,https://sumare.edu.br/graduacao/ead/logistica,api,3,4,16,Logística Internacional,
logistica,Logística,EAD,LOG_EAD,https://sumare.edu.br/graduacao/ead/logistica,api,3,5,17,Gestão da Qualidade,
logistica,Logística,EAD,LOG_EAD,https://sumare.edu.br/graduacao/ead/logistica,api,3,6,18,Filosofia,
logistica,Logística,EAD,LOG_EAD,https://sumare.edu.br/graduacao/ead/logistica,api,4,1,19,Direito Logístico,
logistica,Logística,EAD,LOG_EAD,https://sumare.edu.br/graduacao/ead/logistica,api,4,2,20,Atividade Extensionista - Consultor Logístico,
logistica,Logística,EAD,LOG_EAD,https://sumare.edu.br/graduacao/ead/logistica,api,4,3,21,ATC,
logistica,Logística,EAD,LOG_EAD,https://sumare.edu.br/graduacao/ead/logistica,api,4,4,22,Estágio Obrigatório,
logistica,Logística,EAD,LOG_EAD,https://sumare.edu.br/graduacao/ead/logistica,api,4,5,23,PPI,
logistica,Logística,EAD,LOG_EAD,https://sumare.edu.br/graduacao/ead/logistica,api,4,6,24,Gestão da Produção e Operações,
logistica,Logística,EAD,LOG_EAD,https://sumare.edu.br/graduacao/ead/logistica,api,4,7,25,Gestão de Transportes e Distribuição - Modais,
logistica,Logística,EAD,LOG_EAD,https://sumare.edu.br/graduacao/ead/logistica,api,4,8,26,"Suprimento Físico, Administração de Materiais e Distribuição Física",
logistica,Logística,EAD,LOG_EAD,https://sumare.edu.br/graduacao/ead/logistica,api,4,9,27,Comportamento nas Organizações,
marketing,Marketing,EAD,MARK_EAD,https://sumare.edu.br/graduacao/ead/marketing,api,1,1,1,Administração Contemporânea,"As disciplinas de cada curso da Sumaré são concebidas pelo NDE (Núcleo Docente Estruturante), que é composto por professores com notório saber, que além da DCN (Diretrizes Curriculares Nacionais) de cada curso, levam em consideração as pautas mais importantes do mercado de trabalho, ou seja, o que você aprende na Sumaré você usa na prática!"
marketing,Marketing,EAD,MARK_EAD,https://sumare.edu.br/graduacao/ead/marketing,api,1,2,2,Atividade Extensionista - Assistente de Marketing,
marketing,Marketing,EAD,MARK_EAD,https://sumare.edu.br/graduacao/ead/marketing,api,1,3,3,Comunicação e Marketing,
marketing,Marketing,EAD,MARK_EAD,https://sumare.edu.br/graduacao/ead/marketing,api,1,4,4,Sistemas de Informação,
marketing,Marketing,EAD,MARK_EAD,https://sumare.edu.br/graduacao/ead/marketing,api,1,5,5,Teoria da Comunicação e Audiência,
marketing,Marketing,EAD,MARK_EAD,https://sumare.edu.br/graduacao/ead/marketing,api,1,6,6,Tecnologia e Sociedade,
marketing,Marketing,EAD,MARK_EAD,https://sumare.edu.br/graduacao/ead/marketing,api,2,1,7,Recursos Humanos,
marketing,Marketing,EAD,MARK_EAD,https://sumare.edu.br/graduacao/ead/marketing,api,2,2,8,Atividade Extensionista - Analista de Mercados,
marketing,Marketing,EAD,MARK_EAD,https://sumare.edu.br/graduacao/ead/marketing,api,2,3,9,Comportamento do Consumidor,
marketing,Marketing,EAD,MARK_EAD,https://sumare.edu.br/graduacao/ead/marketing,api,2,4,10,Pesquisa e Análise de Mercados,
marketing,Marketing,EAD,MARK_EAD,https://sumare.edu.br/graduacao/ead/marketing,api,2,5,11,Logística,
marketing,Marketing,EAD,MARK_EAD,https://sumare.edu.br/graduacao/ead/marketing,api,2,6,12,Sustentabilidade e Responsabilidade Social,
marketing,Marketing,EAD,MARK_EAD,https://sumare.edu.br/graduacao/ead/marketing,api,3,1,13,Tópicos Avançados de Marketing,
marketing,Marketing,EAD,MARK_EAD,https://sumare.edu.br/graduacao/ead/marketing,api,3,2,14,Atividade Extensionista - Analista de Marketing e Vendas,
marketing,Marketing,EAD,MARK_EAD,https://sumare.edu.br/graduacao/ead/marketing,api,3,3,15,Estatística Aplicada,
marketing,Marketing,EAD,MARK_EAD,https://sumare.edu.br/graduacao/ead/marketing,api,3,4,16,Gestão de Vendas,
marketing,Marketing,EAD,MARK_EAD,https://sumare.edu.br/graduacao/ead/marketing,api,3,5,17,Marketing de Relacionamento,
marketing,Marketing,EAD,MARK_EAD,https://sumare.edu.br/graduacao/ead/marketing,api,3,6,18,Filosofia,
marketing,Marketing,EAD,MARK_EAD,https://sumare.edu.br/graduacao/ead/marketing,api,4,1,19,Gestão Financeira no Marketing,
marketing,Marketing,EAD,MARK_EAD,https://sumare.edu.br/graduacao/ead/marketing,api,4,2,20,Atividade Extensionista - Consultor de Marketing Organizacional,
marketing,Marketing,EAD,MARK_EAD,https://sumare.edu.br/graduacao/ead/marketing,api,4,3,21,ATC,
marketing,Marketing,EAD,MARK_EAD,https://sumare.edu.br/graduacao/ead/marketing,api,4,4,22,Estágio Obrigatório,
marketing,Marketing,EAD,MARK_EAD,https://sumare.edu.br/graduacao/ead/marketing,api,4,5,23,PPI,
marketing,Marketing,EAD,MARK_EAD,https://sumare.edu.br/graduacao/ead/marketing,api,4,6,24,"Marketing de Produtos, Serviços e Varejo",
marketing,Marketing,EAD,MARK_EAD,https://sumare.edu.br/graduacao/ead/marketing,api,4,7,25,Marketing Eletrônico,
marketing,Marketing,EAD,MARK_EAD,https://sumare.edu.br/graduacao/ead/marketing,api,4,8,26,"Legislação aplicada ao Marketing, Comunicação e Eventos",
marketing,Marketing,EAD,MARK_EAD,https://sumare.edu.br/graduacao/ead/marketing,api,4,9,27,Comportamento nas Organizações,
matematica,Matemática,EAD,MAT_EAD,https://sumare.edu.br/graduacao/ead/matematica,html,1,1,1,Bem-Vindo ao AVA Sumaré,"As disciplinas de cada curso da Sumaré são concebidas pelo NDE (Núcleo Docente Estruturante), que é composto por professores com notório saber, que além da DCN (Diretrizes Curriculares Nacionais) de cada curso, levam em consideração as pautas mais importantes do mercado de trabalho, ou seja, o que você aprende na Sumaré você usa na prática!"
matematica,Matemática,EAD,MAT_EAD,https://sumare.edu.br/graduacao/ead/matematica,html,1,2,2,Conheça seu Tutor,
matematica,Matemática,EAD,MAT_EAD,https://sumare.edu.br/graduacao/ead/matematica,html,1,3,3,Conheça seu curso - Matemática,
matematica,Matemática,EAD,MAT_EAD,https://sumare.edu.br/graduacao/ead/matematica,html,1,4,4,Biblioteca Virtual,
matematica,Matemática,EAD,MAT_EAD,https://sumare.edu.br/graduacao/ead/matematica,html,1,5,5,Pré-Cálculo,
matematica,Matemática,EAD,MAT_EAD,https://sumare.edu.br/graduacao/ead/matematica,html,1,6,6,História da Educação,
matematica,Matemática,EAD,MAT_EAD,https://sumare.edu.br/graduacao/ead/matematica,html,1,7,7,Metodologia Científica,
matematica,Matemática,EAD,MAT_EAD,https://sumare.edu.br/graduacao/ead/matematica,html,1,8,8,Atividade Extensionista - Abordagens Matemáticas,
matematica,Matemática,EAD,MAT_EAD,https://sumare.edu.br/graduacao/ead/matematica,html,2,1,9,Psicologia da Educação e Desenvolvimento,
matematica,Matemática,EAD,MAT_EAD,https://sumare.edu.br/graduacao/ead/matematica,html,2,2,10,Geometria Analítica,
matematica,Matemática,EAD,MAT_EAD,https://sumare.edu.br/graduacao/ead/matematica,html,2,3,11,Algoritmos e Estrutura de Dados,
matematica,Matemática,EAD,MAT_EAD,https://sumare.edu.br/graduacao/ead/matematica,html,2,4,12,Atividade Extensionista - Matemática e Geometria,
matematica,Matemática,EAD,MAT_EAD,https://sumare.edu.br/graduacao/ead/matematica,html,3,1,13,Prática do Ensino da Matemática,
matematica,Matemática,EAD,MAT_EAD,https://sumare.edu.br/graduacao/ead/matematica,html,3,2,14,Origens e Laboratório no Ensino de Matemática,
matematica,Matemática,EAD,MAT_EAD,https://sumare.edu.br/graduacao/ead/matematica,html,3,3,15,Educação em Direitos Humanos e Educação Ambiental,
matematica,Matemática,EAD,MAT_EAD,https://sumare.edu.br/graduacao/ead/matematica,html,3,4,16,Atividade Extensionista - Matemática e Metodologias,
matematica,Matemática,EAD,MAT_EAD,https://sumare.edu.br/graduacao/ead/matematica,html,4,1,17,"Educação Inclusiva, Ética e Direitos Humanos",
matematica,Matemática,EAD,MAT_EAD,https://sumare.edu.br/graduacao/ead/matematica,html,4,2,18,Cálculo Diferencial e Integral I,
matematica,Matemática,EAD,MAT_EAD,https://sumare.edu.br/graduacao/ead/matematica,html,4,3,19,Probabilidade e Estatística,
matematica,Matemática,EAD,MAT_EAD,https://sumare.edu.br/graduacao/ead/matematica,html,4,4,20,Tecnologias Educacionais,
matematica,Matemática,EAD,MAT_EAD,https://sumare.edu.br/graduacao/ead/matematica,html,4,5,21,Atividade Extensionista - Cálculo e Estatística,
matematica,Matemática,EAD,MAT_EAD,https://sumare.edu.br/graduacao/ead/matematica,html,5,1,22,Estágio Obrigatório,
matematica,Matemática,EAD,MAT_EAD,https://sumare.edu.br/graduacao/ead/matematica,html,5,2,23,Projeto de Pesquisa Integrador em Matemática,
matematica,Matemática,EAD,MAT_EAD,https://sumare.edu.br/graduacao/ead/matematica,html,5,3,24,Língua Brasileira De Sinais - LIBRAS,
matematica,Matemática,EAD,MAT_EAD,https://sumare.edu.br/graduacao/ead/matematica,html,5,4,25,Cálculo Diferencial e Integral II,
matematica,Matemática,EAD,MAT_EAD,https://sumare.edu.br/graduacao/ead/matematica,html,5,5,26,Física,
matematica,Matemática,EAD,MAT_EAD,https://sumare.edu.br/graduacao/ead/matematica,html,5,6,27,Educação para Jovens e Adultos - EJA,
matematica,Matemática,EAD,MAT_EAD,https://sumare.edu.br/graduacao/ead/matematica,html,6,1,28,Didática,
matematica,Matemática,EAD,MAT_EAD,https://sumare.edu.br/graduacao/ead/matematica,html,6,2,29,Álgebra,
matematica,Matemática,EAD,MAT_EAD,https://sumare.edu.br/graduacao/ead/matematica,html,6,3,30,Cálculo Numérico,
matematica,Matemática,EAD,MAT_EAD,https://sumare.edu.br/graduacao/ead/matematica,html,6,4,31,Equações Diferenciais,
matematica,Matemática,EAD,MAT_EAD,https://sumare.edu.br/graduacao/ead/matematica,html,7,1,32,Currículos e Políticas Educacionais Para a Educação Básica,
matematica,Matemática,EAD,MAT_EAD,https://sumare.edu.br/graduacao/ead/matematica,html,7,2,33,Matemática Financeira,
matematica,Matemática,EAD,MAT_EAD,https://sumare.edu.br/graduacao/ead/matematica,html,7,3,34,Variáveis Complexas,
matematica,Matemática,EAD,MAT_EAD,https://sumare.edu.br/graduacao/ead/matematica,html,7,4,35,"Sociedade, Cultura e Cidadania",
matematica,Matemática,EAD,MAT_EAD,https://sumare.edu.br/graduacao/ead/matematica,html,8,1,36,Tópicos de Geometria,
matematica,Matemática,EAD,MAT_EAD,https://sumare.edu.br/graduacao/ead/matematica,html,8,2,37,Avaliação da Aprendizagem,
matematica,Matemática,EAD,MAT_EAD,https://sumare.edu.br/graduacao/ead/matematica,html,8,3,38,Álgebra Linear,
matematica,Matemática,EAD,MAT_EAD,https://sumare.edu.br/graduacao/ead/matematica,html,8,4,39,Análise Real,
matematica,Matemática,Semipresencial,MAT_SEMI,https://sumare.edu.br/graduacao/semi/matematica,html,1,1,1,Bem-Vindo ao AVA Sumaré,"As disciplinas de cada curso da Sumaré são concebidas pelo NDE (Núcleo Docente Estruturante), que é composto por professores com notório saber, que além da DCN (Diretrizes Curriculares Nacionais) de cada curso, levam em consideração as pautas mais importantes do mercado de trabalho, ou seja, o que você aprende na Sumaré você usa na prática!"
matematica,Matemática,Semipresencial,MAT_SEMI,https://sumare.edu.br/graduacao/semi/matematica,html,1,2,2,Conheça seu Tutor,
matematica,Matemática,Semipresencial,MAT_SEMI,https://sumare.edu.br/graduacao/semi/matematica,html,1,3,3,Conheça seu curso - Matemática Semipresencial,
matematica,Matemática,Semipresencial,MAT_SEMI,https://sumare.edu.br/graduacao/semi/matematica,html,1,4,4,Biblioteca Virtual,
matematica,Matemática,Semipresencial,MAT_SEMI,https://sumare.edu.br/graduacao/semi/matematica,html,1,5,5,História da Educação,
matematica,Matemática,Semipresencial,MAT_SEMI,https://sumare.edu.br/graduacao/semi/matematica,html,1,6,6,Pré-Cálculo,
matematica,Matemática,Semipresencial,MAT_SEMI,https://sumare.edu.br/graduacao/semi/matematica,html,1,7,7,Análise Real,
matematica,Matemática,Semipresencial,MAT_SEMI,https://sumare.edu.br/graduacao/semi/matematica,html,1,8,8,Atividade Extensionista - Abordagens Matemáticas,
matematica,Matemática,Semipresencial,MAT_SEMI,https://sumare.edu.br/graduacao/semi/matematica,html,1,9,9,PAAS - Língua Portuguesa,
matematica,Matemática,Semipresencial,MAT_SEMI,https://sumare.edu.br/graduacao/semi/matematica,html,1,10,10,PAAS - Matemática,
matematica,Matemática,Semipresencial,MAT_SEMI,https://sumare.edu.br/graduacao/semi/matematica,html,1,11,11,PAAS - Informática Básica,
matematica,Matemática,Semipresencial,MAT_SEMI,https://sumare.edu.br/graduacao/semi/matematica,html,2,1,12,Didática,
matematica,Matemática,Semipresencial,MAT_SEMI,https://sumare.edu.br/graduacao/semi/matematica,html,2,2,13,Geometria Analítica,
matematica,Matemática,Semipresencial,MAT_SEMI,https://sumare.edu.br/graduacao/semi/matematica,html,2,3,14,Álgebra Linear,
matematica,Matemática,Semipresencial,MAT_SEMI,https://sumare.edu.br/graduacao/semi/matematica,html,2,4,15,Atividade Extensionista - Matemática e Geometria,
matematica,Matemática,Semipresencial,MAT_SEMI,https://sumare.edu.br/graduacao/semi/matematica,html,3,1,16,Língua Brasileira de Sinais - LIBRAS,
matematica,Matemática,Semipresencial,MAT_SEMI,https://sumare.edu.br/graduacao/semi/matematica,html,3,2,17,Cálculo Diferencial e Integral I,
matematica,Matemática,Semipresencial,MAT_SEMI,https://sumare.edu.br/graduacao/semi/matematica,html,3,3,18,Probabilidade e Estatística,
matematica,Matemática,Semipresencial,MAT_SEMI,https://sumare.edu.br/graduacao/semi/matematica,html,3,4,19,Cálculo Numérico,
matematica,Matemática,Semipresencial,MAT_SEMI,https://sumare.edu.br/graduacao/semi/matematica,html,3,5,20,Psicologia da Educação e do Desenvolvimento,
matematica,Matemática,Semipresencial,MAT_SEMI,https://sumare.edu.br/graduacao/semi/matematica,html,3,6,21,Atividade Extensionista - Cálculo e Estatística,
matematica,Matemática,Semipresencial,MAT_SEMI,https://sumare.edu.br/graduacao/semi/matematica,html,4,1,22,Origens e Laboratório no Ensino de Matemática,
matematica,Matemática,Semipresencial,MAT_SEMI,https://sumare.edu.br/graduacao/semi/matematica,html,4,2,23,Educação de Jovens e Adultos - EJA,
matematica,Matemática,Semipresencial,MAT_SEMI,https://sumare.edu.br/graduacao/semi/matematica,html,4,3,24,Prática do Ensino da Matemática,
matematica,Matemática,Semipresencial,MAT_SEMI,https://sumare.edu.br/graduacao/semi/matematica,html,4,4,25,Atividade Extensionista - Matemática e Metodologias,
matematica,Matemática,Semipresencial,MAT_SEMI,https://sumare.edu.br/graduacao/semi/matematica,html,5,1,26,Estágio Obrigatório,
matematica,Matemática,Semipresencial,MAT_SEMI,https://sumare.edu.br/graduacao/semi/matematica,html,5,2,27,Projeto de Pesquisa Integrador em Matemática,
matematica,Matemática,Semipresencial,MAT_SEMI,https://sumare.edu.br/graduacao/semi/matematica,html,5,3,28,Cálculo Diferencial e Integral II,
matematica,Matemática,Semipresencial,MAT_SEMI,https://sumare.edu.br/graduacao/semi/matematica,html,5,4,29,Física,
matematica,Matemática,Semipresencial,MAT_SEMI,https://sumare.edu.br/graduacao/semi/matematica,html,5,5,30,Avaliação da Aprendizagem,
matematica,Matemática,Semipresencial,MAT_SEMI,https://sumare.edu.br/graduacao/semi/matematica,html,5,6,31,Algoritmos e Estrutura de Dados,
matematica,Matemática,Semipresencial,MAT_SEMI,https://sumare.edu.br/graduacao/semi/matematica,html,6,1,32,Currículos e Políticas Educacionais para a Educação Básica,
matematica,Matemática,Semipresencial,MAT_SEMI,https://sumare.edu.br/graduacao/semi/matematica,html,6,2,33,Equações Diferenciais,
matematica,Matemática,Semipresencial,MAT_SEMI,https://sumare.edu.br/graduacao/semi/matematica,html,6,3,34,Metodologia Científica,
matematica,Matemática,Semipresencial,MAT_SEMI,https://sumare.edu.br/graduacao/semi/matematica,html,6,4,35,Álgebra,
matematica,Matemática,Semipresencial,MAT_SEMI,https://sumare.edu.br/graduacao/semi/matematica,html,7,1,36,Organização da Educação Básica e o Currículo,
matematica,Matemática,Semipresencial,MAT_SEMI,https://sumare.edu.br/graduacao/semi/matematica,html,7,2,37,"Educação Inclusiva, Ética e Direitos Humanos",
matematica,Matemática,Semipresencial,MAT_SEMI,https://sumare.edu.br/graduacao/semi/matematica,html,7,3,38,Matemática Financeira,
matematica,Matemática,Semipresencial,MAT_SEMI,https://sumare.edu.br/graduacao/semi/matematica,html,7,4,39,Variáveis Complexas,
matematica,Matemática,Semipresencial,MAT_SEMI,https://sumare.edu.br/graduacao/semi/matematica,html,8,1,40,Fundamentos da Interdisciplinaridade,
matematica,Matemática,Semipresencial,MAT_SEMI,https://sumare.edu.br/graduacao/semi/matematica,html,8,2,41,"Sociedade, Cultura e Cidadania",
matematica,Matemática,Semipresencial,MAT_SEMI,https://sumare.edu.br/graduacao/semi/matematica,html,8,3,42,Tópicos de Geometria,
matematica,Matemática,Semipresencial,MAT_SEMI,https://sumare.edu.br/graduacao/semi/matematica,html,8,4,43,Tecnologias Educacionais,
nutricao,Nutrição,EAD,NUTR_EAD,https://sumare.edu.br/graduacao/ead/nutricao,html,1,1,1,Bem-Vindo ao AVA Sumaré,"As disciplinas de cada curso da Sumaré são concebidas pelo NDE (Núcleo Docente Estruturante), que é composto por professores com notório saber, que além da DCN (Diretrizes Curriculares Nacionais) de cada curso, levam em consideração as pautas mais importantes do mercado de trabalho, ou seja, o que você aprende na Sumaré você usa na prática!"
nutricao,Nutrição,EAD,NUTR_EAD,https://sumare.edu.br/graduacao/ead/nutricao,html,1,2,2,Conheça seu Tutor,
nutricao,Nutrição,EAD,NUTR_EAD,https://sumare.edu.br/graduacao/ead/nutricao,html,1,3,3,Conheça seu curso - Nutrição,
nutricao,Nutrição,EAD,NUTR_EAD,https://sumare.edu.br/graduacao/ead/nutricao,html,1,4,4,Bases da Nutrição,
nutricao,Nutrição,EAD,NUTR_EAD,https://sumare.edu.br/graduacao/ead/nutricao,html,1,5,5,Sistemas: Anatômicos - Anatomia Humana,
nutricao,Nutrição,EAD,NUTR_EAD,https://sumare.edu.br/graduacao/ead/nutricao,html,1,6,6,Nutrição e Composição dos Alimentos,
nutricao,Nutrição,EAD,NUTR_EAD,https://sumare.edu.br/graduacao/ead/nutricao,html,1,7,7,Políticas e Sistemas de Saúde,
nutricao,Nutrição,EAD,NUTR_EAD,https://sumare.edu.br/graduacao/ead/nutricao,html,1,8,8,Fisiologia,
nutricao,Nutrição,EAD,NUTR_EAD,https://sumare.edu.br/graduacao/ead/nutricao,html,1,9,9,Atividade Extensionista - Fundamentos de Nutrição e Saúde,
nutricao,Nutrição,EAD,NUTR_EAD,https://sumare.edu.br/graduacao/ead/nutricao,html,1,10,10,Biblioteca Virtual,
nutricao,Nutrição,EAD,NUTR_EAD,https://sumare.edu.br/graduacao/ead/nutricao,html,2,1,11,Técnicas Dietéticas,
nutricao,Nutrição,EAD,NUTR_EAD,https://sumare.edu.br/graduacao/ead/nutricao,html,2,2,12,Psicologia aplicada à Nutrição,
nutricao,Nutrição,EAD,NUTR_EAD,https://sumare.edu.br/graduacao/ead/nutricao,html,2,3,13,Bioestatística e Epidemiologia Aplicada Nutrição,
nutricao,Nutrição,EAD,NUTR_EAD,https://sumare.edu.br/graduacao/ead/nutricao,html,2,4,14,Bioquímica Aplicada à Nutrição,
nutricao,Nutrição,EAD,NUTR_EAD,https://sumare.edu.br/graduacao/ead/nutricao,html,2,5,15,"Biologia, Histologia e Embriologia",
nutricao,Nutrição,EAD,NUTR_EAD,https://sumare.edu.br/graduacao/ead/nutricao,html,2,6,16,Atividade Extensionista - Bases Científicas e Aplicações em Nutrição,
nutricao,Nutrição,EAD,NUTR_EAD,https://sumare.edu.br/graduacao/ead/nutricao,html,3,1,17,Nutrição e Genética,
nutricao,Nutrição,EAD,NUTR_EAD,https://sumare.edu.br/graduacao/ead/nutricao,html,3,2,18,Farmacologia Aplicada à Nutrição,
nutricao,Nutrição,EAD,NUTR_EAD,https://sumare.edu.br/graduacao/ead/nutricao,html,3,3,19,Patologia,
nutricao,Nutrição,EAD,NUTR_EAD,https://sumare.edu.br/graduacao/ead/nutricao,html,3,4,20,"Microbiologia, Imunologia e Parasitologia",
nutricao,Nutrição,EAD,NUTR_EAD,https://sumare.edu.br/graduacao/ead/nutricao,html,3,5,21,Microbiologia dos Alimentos,
nutricao,Nutrição,EAD,NUTR_EAD,https://sumare.edu.br/graduacao/ead/nutricao,html,3,6,22,Atividade Extensionista - Nutrição e Ciências e Biomédicas Aplicadas,
nutricao,Nutrição,EAD,NUTR_EAD,https://sumare.edu.br/graduacao/ead/nutricao,html,4,1,23,"Ética, Bioética e Deontologia",
nutricao,Nutrição,EAD,NUTR_EAD,https://sumare.edu.br/graduacao/ead/nutricao,html,4,2,24,Avaliação Nutricional,
nutricao,Nutrição,EAD,NUTR_EAD,https://sumare.edu.br/graduacao/ead/nutricao,html,4,3,25,Nutrição Materno Infantil,
nutricao,Nutrição,EAD,NUTR_EAD,https://sumare.edu.br/graduacao/ead/nutricao,html,4,4,26,Nutrição Clinica,
nutricao,Nutrição,EAD,NUTR_EAD,https://sumare.edu.br/graduacao/ead/nutricao,html,4,5,27,Patologia da Nutrição e Dietoterapia I,
nutricao,Nutrição,EAD,NUTR_EAD,https://sumare.edu.br/graduacao/ead/nutricao,html,4,6,28,Atividade Extensionista - Prática Clínica e Ética em Nutrição,
nutricao,Nutrição,EAD,NUTR_EAD,https://sumare.edu.br/graduacao/ead/nutricao,html,5,1,29,Gestão da Qualidade em Unidades de Alimentação e Nutrição,
nutricao,Nutrição,EAD,NUTR_EAD,https://sumare.edu.br/graduacao/ead/nutricao,html,5,2,30,Administração Unidades de Nutrição,
nutricao,Nutrição,EAD,NUTR_EAD,https://sumare.edu.br/graduacao/ead/nutricao,html,5,3,31,Administração e Gerenciamento no Serviço de Nutrição e Dietética,
nutricao,Nutrição,EAD,NUTR_EAD,https://sumare.edu.br/graduacao/ead/nutricao,html,5,4,32,Nutrição nos ciclos da vida,
nutricao,Nutrição,EAD,NUTR_EAD,https://sumare.edu.br/graduacao/ead/nutricao,html,5,5,33,Higiene dos Alimentos e Legislação,
nutricao,Nutrição,EAD,NUTR_EAD,https://sumare.edu.br/graduacao/ead/nutricao,html,6,1,34,Estágio Supervisionado - Nutrição,
nutricao,Nutrição,EAD,NUTR_EAD,https://sumare.edu.br/graduacao/ead/nutricao,html,6,2,35,Educação Alimentar e Nutricional,
nutricao,Nutrição,EAD,NUTR_EAD,https://sumare.edu.br/graduacao/ead/nutricao,html,6,3,36,Saúde Coletiva e Vigilância Nutricional,
nutricao,Nutrição,EAD,NUTR_EAD,https://sumare.edu.br/graduacao/ead/nutricao,html,6,4,37,Nutrição Humana e Dietéticas,
nutricao,Nutrição,EAD,NUTR_EAD,https://sumare.edu.br/graduacao/ead/nutricao,html,6,5,38,Patologia da Nutrição e Dietoterapia II,
nutricao,Nutrição,EAD,NUTR_EAD,https://sumare.edu.br/graduacao/ead/nutricao,html,6,6,39,Dietoterapia,
nutricao,Nutrição,EAD,NUTR_EAD,https://sumare.edu.br/graduacao/ead/nutricao,html,7,1,40,Estudos Sociológicos e Antropológicos,
nutricao,Nutrição,EAD,NUTR_EAD,https://sumare.edu.br/graduacao/ead/nutricao,html,7,2,41,Nutrição e Suplementação na Prática Esportiva,
nutricao,Nutrição,EAD,NUTR_EAD,https://sumare.edu.br/graduacao/ead/nutricao,html,7,3,42,Tecnologia dos Alimentos e Bromatologia,
nutricao,Nutrição,EAD,NUTR_EAD,https://sumare.edu.br/graduacao/ead/nutricao,html,7,4,43,Nutrição e Cozinha Experimental,
nutricao,Nutrição,EAD,NUTR_EAD,https://sumare.edu.br/graduacao/ead/nutricao,html,8,1,44,Gastronomia Aplicada à Nutrição,
nutricao,Nutrição,EAD,NUTR_EAD,https://sumare.edu.br/graduacao/ead/nutricao,html,8,2,45,Relações Étnico-Raciais e Cultura Afro-Bras. e Africana e Indígena,
nutricao,Nutrição,EAD,NUTR_EAD,https://sumare.edu.br/graduacao/ead/nutricao,html,8,3,46,Trabalho de Conclusão de Curso,
nutricao,Nutrição,EAD,NUTR_EAD,https://sumare.edu.br/graduacao/ead/nutricao,html,8,4,47,Vigilância Sanitária nos serviços de nutrição,
nutricao,Nutrição,EAD,NUTR_EAD,https://sumare.edu.br/graduacao/ead/nutricao,html,8,5,48,Empreendedorismo,
nutricao,Nutrição,Semipresencial,NUTR_SEMI,https://sumare.edu.br/graduacao/semi/nutricao,html,1,1,1,Bem-Vindo ao AVA Sumaré,"As disciplinas de cada curso da Sumaré são concebidas pelo NDE (Núcleo Docente Estruturante), que é composto por professores com notório saber, que além da DCN (Diretrizes Curriculares Nacionais) de cada curso, levam em consideração as pautas mais importantes do mercado de trabalho, ou seja, o que você aprende na Sumaré você usa na prática!"
nutricao,Nutrição,Semipresencial,NUTR_SEMI,https://sumare.edu.br/graduacao/semi/nutricao,html,1,2,2,Conheça seu Tutor,
nutricao,Nutrição,Semipresencial,NUTR_SEMI,https://sumare.edu.br/graduacao/semi/nutricao,html,1,3,3,Conheça seu curso - Nutrição Semipresencial,
nutricao,Nutrição,Semipresencial,NUTR_SEMI,https://sumare.edu.br/graduacao/semi/nutricao,html,1,4,4,Políticas e Sistemas de Saúde,
nutricao,Nutrição,Semipresencial,NUTR_SEMI,https://sumare.edu.br/graduacao/semi/nutricao,html,1,5,5,Bases da Nutrição,
nutricao,Nutrição,Semipresencial,NUTR_SEMI,https://sumare.edu.br/graduacao/semi/nutricao,html,1,6,6,Fisiologia,
nutricao,Nutrição,Semipresencial,NUTR_SEMI,https://sumare.edu.br/graduacao/semi/nutricao,html,1,7,7,Nutrição e Composição dos Alimentos,
nutricao,Nutrição,Semipresencial,NUTR_SEMI,https://sumare.edu.br/graduacao/semi/nutricao,html,1,8,8,Sistemas: Anatômicos,
nutricao,Nutrição,Semipresencial,NUTR_SEMI,https://sumare.edu.br/graduacao/semi/nutricao,html,1,9,9,Atividades Extensionista - Fundamentos de Nutrição e Saúde,
nutricao,Nutrição,Semipresencial,NUTR_SEMI,https://sumare.edu.br/graduacao/semi/nutricao,html,1,10,10,Biblioteca Virtual,
nutricao,Nutrição,Semipresencial,NUTR_SEMI,https://sumare.edu.br/graduacao/semi/nutricao,html,2,1,11,Bioquímica Aplicada à Nutrição,
nutricao,Nutrição,Semipresencial,NUTR_SEMI,https://sumare.edu.br/graduacao/semi/nutricao,html,2,2,12,Técnicas Dietéticas,
nutricao,Nutrição,Semipresencial,NUTR_SEMI,https://sumare.edu.br/graduacao/semi/nutricao,html,2,3,13,Bioestatística e Epidemiologia Aplicada Nutrição,
nutricao,Nutrição,Semipresencial,NUTR_SEMI,https://sumare.edu.br/graduacao/semi/nutricao,html,2,4,14,"Biologia, Histologia e Embriologia",
nutricao,Nutrição,Semipresencial,NUTR_SEMI,https://sumare.edu.br/graduacao/semi/nutricao,html,2,5,15,Psicologia aplicada à Nutrição,
nutricao,Nutrição,Semipresencial,NUTR_SEMI,https://sumare.edu.br/graduacao/semi/nutricao,html,2,6,16,Atividades Extensionista - Bases Científicas e Aplicações em Nutrição,
nutricao,Nutrição,Semipresencial,NUTR_SEMI,https://sumare.edu.br/graduacao/semi/nutricao,html,3,1,17,Patologia,
nutricao,Nutrição,Semipresencial,NUTR_SEMI,https://sumare.edu.br/graduacao/semi/nutricao,html,3,2,18,"Microbiologia, Imunologia e Parasitologia",
nutricao,Nutrição,Semipresencial,NUTR_SEMI,https://sumare.edu.br/graduacao/semi/nutricao,html,3,3,19,Microbiologia dos Alimentos,
nutricao,Nutrição,Semipresencial,NUTR_SEMI,https://sumare.edu.br/graduacao/semi/nutricao,html,3,4,20,Nutrição e Genética,
nutricao,Nutrição,Semipresencial,NUTR_SEMI,https://sumare.edu.br/graduacao/semi/nutricao,html,3,5,21,Farmacologia Aplicada à Nutrição,
nutricao,Nutrição,Semipresencial,NUTR_SEMI,https://sumare.edu.br/graduacao/semi/nutricao,html,3,6,22,Atividades Extensionista - Nutrição e Ciências Biomédicas Aplicadas,
nutricao,Nutrição,Semipresencial,NUTR_SEMI,https://sumare.edu.br/graduacao/semi/nutricao,html,4,1,23,Nutrição Clinica,
nutricao,Nutrição,Semipresencial,NUTR_SEMI,https://sumare.edu.br/graduacao/semi/nutricao,html,4,2,24,"Ética, Bioética e Deontologia",
nutricao,Nutrição,Semipresencial,NUTR_SEMI,https://sumare.edu.br/graduacao/semi/nutricao,html,4,3,25,Patologia da Nutrição e Dietoterapia I,
nutricao,Nutrição,Semipresencial,NUTR_SEMI,https://sumare.edu.br/graduacao/semi/nutricao,html,4,4,26,Avaliação Nutricional,
nutricao,Nutrição,Semipresencial,NUTR_SEMI,https://sumare.edu.br/graduacao/semi/nutricao,html,4,5,27,Nutrição Materno Infantil,
nutricao,Nutrição,Semipresencial,NUTR_SEMI,https://sumare.edu.br/graduacao/semi/nutricao,html,4,6,28,Atividades Extensionista - Prática Clínica e Ética em Nutrição,
nutricao,Nutrição,Semipresencial,NUTR_SEMI,https://sumare.edu.br/graduacao/semi/nutricao,html,5,1,29,Gestão da Qualidade em Unidades de Alimentação e Nutrição,
nutricao,Nutrição,Semipresencial,NUTR_SEMI,https://sumare.edu.br/graduacao/semi/nutricao,html,5,2,30,Administração Unidades de Nutrição,
nutricao,Nutrição,Semipresencial,NUTR_SEMI,https://sumare.edu.br/graduacao/semi/nutricao,html,5,3,31,Administração e Gerenciamento no Serviço de Nutrição e Dietética,
nutricao,Nutrição,Semipresencial,NUTR_SEMI,https://sumare.edu.br/graduacao/semi/nutricao,html,5,4,32,Nutrição nos Ciclos da Vida,
nutricao,Nutrição,Semipresencial,NUTR_SEMI,https://sumare.edu.br/graduacao/semi/nutricao,html,5,5,33,Higiene dos Alimentos e Legislação,
nutricao,Nutrição,Semipresencial,NUTR_SEMI,https://sumare.edu.br/graduacao/semi/nutricao,html,5,6,34,Atividades Extensionista - Gestão de Qualidade em Serviços de Nutrição,
nutricao,Nutrição,Semipresencial,NUTR_SEMI,https://sumare.edu.br/graduacao/semi/nutricao,html,6,1,35,Estágio Supervisionado - Nutrição,
nutricao,Nutrição,Semipresencial,NUTR_SEMI,https://sumare.edu.br/graduacao/semi/nutricao,html,6,2,36,Educação Alimentar e Nutricional,
nutricao,Nutrição,Semipresencial,NUTR_SEMI,https://sumare.edu.br/graduacao/semi/nutricao,html,6,3,37,Saúde Coletiva e Vigilância Nutricional,
nutricao,Nutrição,Semipresencial,NUTR_SEMI,https://sumare.edu.br/graduacao/semi/nutricao,html,6,4,38,Patologia da Nutrição e Dietoterapia II,
nutricao,Nutrição,Semipresencial,NUTR_SEMI,https://sumare.edu.br/graduacao/semi/nutricao,html,6,5,39,Dietoterapia,
nutricao,Nutrição,Semipresencial,NUTR_SEMI,https://sumare.edu.br/graduacao/semi/nutricao,html,6,6,40,Nutrição Humana e Dietéticas,
nutricao,Nutrição,Semipresencial,NUTR_SEMI,https://sumare.edu.br/graduacao/semi/nutricao,html,7,1,41,Tecnologia dos Alimentos e Bromatologia,
nutricao,Nutrição,Semipresencial,NUTR_SEMI,https://sumare.edu.br/graduacao/semi/nutricao,html,7,2,42,Nutrição e Cozinha Experimental,
nutricao,Nutrição,Semipresencial,NUTR_SEMI,https://sumare.edu.br/graduacao/semi/nutricao,html,7,3,43,Estudos Sociológicos e Antropológicos,
nutricao,Nutrição,Semipresencial,NUTR_SEMI,https://sumare.edu.br/graduacao/semi/nutricao,html,7,4,44,Nutrição e Suplementação na Prática Esportiva,
nutricao,Nutrição,Semipresencial,NUTR_SEMI,https://sumare.edu.br/graduacao/semi/nutricao,html,8,1,45,Vigilância Sanitária nos Serviços de Nutrição,
nutricao,Nutrição,Semipresencial,NUTR_SEMI,https://sumare.edu.br/graduacao/semi/nutricao,html,8,2,46,Empreendedorismo,
nutricao,Nutrição,Semipresencial,NUTR_SEMI,https://sumare.edu.br/graduacao/semi/nutricao,html,8,3,47,Relações Étnico-raciais e Cultura Afro-Bras. e Africana e indígena,
nutricao,Nutrição,Semipresencial,NUTR_SEMI,https://sumare.edu.br/graduacao/semi/nutricao,html,8,4,48,Gastronomia Aplicada à Nutrição,
nutricao,Nutrição,Semipresencial,NUTR_SEMI,https://sumare.edu.br/graduacao/semi/nutricao,html,8,5,49,Trabalho de Conclusão de Curso,
pedagogia,Pedagogia,EAD,PED_EAD,https://sumare.edu.br/graduacao/ead/pedagogia,html,1,1,1,Bem-Vindo ao AVA Sumaré,"As disciplinas de cada curso da Sumaré são concebidas pelo NDE (Núcleo Docente Estruturante), que é composto por professores com notório saber, que além da DCN (Diretrizes Curriculares Nacionais) de cada curso, levam em consideração as pautas mais importantes do mercado de trabalho, ou seja, o que você aprende na Sumaré você usa na prática!"
pedagogia,Pedagogia,EAD,PED_EAD,https://sumare.edu.br/graduacao/ead/pedagogia,html,1,2,2,Conheça seu Tutor,
pedagogia,Pedagogia,EAD,PED_EAD,https://sumare.edu.br/graduacao/ead/pedagogia,html,1,3,3,Didática,
pedagogia,Pedagogia,EAD,PED_EAD,https://sumare.edu.br/graduacao/ead/pedagogia,html,1,4,4,Conheça seu curso - Pedagogia,
pedagogia,Pedagogia,EAD,PED_EAD,https://sumare.edu.br/graduacao/ead/pedagogia,html,1,5,5,Gestão Escolar,
pedagogia,Pedagogia,EAD,PED_EAD,https://sumare.edu.br/graduacao/ead/pedagogia,html,1,6,6,História da Educação,
pedagogia,Pedagogia,EAD,PED_EAD,https://sumare.edu.br/graduacao/ead/pedagogia,html,1,7,7,Tecnologias Educacionais,
pedagogia,Pedagogia,EAD,PED_EAD,https://sumare.edu.br/graduacao/ead/pedagogia,html,1,8,8,Atividade Extensionista - Educação e Docência,
pedagogia,Pedagogia,EAD,PED_EAD,https://sumare.edu.br/graduacao/ead/pedagogia,html,1,9,9,Biblioteca Virtual,
pedagogia,Pedagogia,EAD,PED_EAD,https://sumare.edu.br/graduacao/ead/pedagogia,html,1,10,10,PAAS - Língua Portuguesa,
pedagogia,Pedagogia,EAD,PED_EAD,https://sumare.edu.br/graduacao/ead/pedagogia,html,1,11,11,PAAS - Matemática,
pedagogia,Pedagogia,EAD,PED_EAD,https://sumare.edu.br/graduacao/ead/pedagogia,html,1,12,12,PAAS - Informática Básica,
pedagogia,Pedagogia,EAD,PED_EAD,https://sumare.edu.br/graduacao/ead/pedagogia,html,2,1,13,Psicologia da Educação e do Desenvolvimento,
pedagogia,Pedagogia,EAD,PED_EAD,https://sumare.edu.br/graduacao/ead/pedagogia,html,2,2,14,Sociologia da Educação,
pedagogia,Pedagogia,EAD,PED_EAD,https://sumare.edu.br/graduacao/ead/pedagogia,html,2,3,15,"Sociedade, Cultura e Cidadania",
pedagogia,Pedagogia,EAD,PED_EAD,https://sumare.edu.br/graduacao/ead/pedagogia,html,2,4,16,Atividade Extensionista - Educação e Transformação,
pedagogia,Pedagogia,EAD,PED_EAD,https://sumare.edu.br/graduacao/ead/pedagogia,html,2,5,17,Avaliação da Aprendizagem,
pedagogia,Pedagogia,EAD,PED_EAD,https://sumare.edu.br/graduacao/ead/pedagogia,html,3,1,18,Educação de Jovens e Adultos - EJA,
pedagogia,Pedagogia,EAD,PED_EAD,https://sumare.edu.br/graduacao/ead/pedagogia,html,3,2,19,Língua Brasileira de Sinais - LIBRAS,
pedagogia,Pedagogia,EAD,PED_EAD,https://sumare.edu.br/graduacao/ead/pedagogia,html,3,3,20,Política Educacional e Estrutura da Educação Básica,
pedagogia,Pedagogia,EAD,PED_EAD,https://sumare.edu.br/graduacao/ead/pedagogia,html,3,4,21,"Educação Inclusiva, Ética e Direitos Humanos",
pedagogia,Pedagogia,EAD,PED_EAD,https://sumare.edu.br/graduacao/ead/pedagogia,html,3,5,22,Atividade Extensionista - Educação e Diversidade,
pedagogia,Pedagogia,EAD,PED_EAD,https://sumare.edu.br/graduacao/ead/pedagogia,html,4,1,23,Metodologia de Alfabetização,
pedagogia,Pedagogia,EAD,PED_EAD,https://sumare.edu.br/graduacao/ead/pedagogia,html,4,2,24,Educação Infantil,
pedagogia,Pedagogia,EAD,PED_EAD,https://sumare.edu.br/graduacao/ead/pedagogia,html,4,3,25,Saberes e Fazeres da Educação Infantil,
pedagogia,Pedagogia,EAD,PED_EAD,https://sumare.edu.br/graduacao/ead/pedagogia,html,4,4,26,A Pedagogia e seus Contextos Cotidianos,
pedagogia,Pedagogia,EAD,PED_EAD,https://sumare.edu.br/graduacao/ead/pedagogia,html,4,5,27,Atividade Extensionista - Educação e Formação,
pedagogia,Pedagogia,EAD,PED_EAD,https://sumare.edu.br/graduacao/ead/pedagogia,html,5,1,28,Estágio Obrigatório,
pedagogia,Pedagogia,EAD,PED_EAD,https://sumare.edu.br/graduacao/ead/pedagogia,html,5,2,29,Teoria e Prática do Ensino,
pedagogia,Pedagogia,EAD,PED_EAD,https://sumare.edu.br/graduacao/ead/pedagogia,html,5,3,30,Pedagogia em Espaços não Escolares,
pedagogia,Pedagogia,EAD,PED_EAD,https://sumare.edu.br/graduacao/ead/pedagogia,html,5,4,31,Psicologia do desenvolvimento da Infância,
pedagogia,Pedagogia,EAD,PED_EAD,https://sumare.edu.br/graduacao/ead/pedagogia,html,5,5,32,Educação e Ludicidade,
pedagogia,Pedagogia,EAD,PED_EAD,https://sumare.edu.br/graduacao/ead/pedagogia,html,5,6,33,Projeto de Pesquisa Integrador em Pedagogia,
pedagogia,Pedagogia,EAD,PED_EAD,https://sumare.edu.br/graduacao/ead/pedagogia,html,6,1,34,Desenvolvimento e Aprendizagem Motora,
pedagogia,Pedagogia,EAD,PED_EAD,https://sumare.edu.br/graduacao/ead/pedagogia,html,6,2,35,Psicomotricidade e Movimento,
pedagogia,Pedagogia,EAD,PED_EAD,https://sumare.edu.br/graduacao/ead/pedagogia,html,6,3,36,Organização da Educação Básica e o Currículo,
pedagogia,Pedagogia,EAD,PED_EAD,https://sumare.edu.br/graduacao/ead/pedagogia,html,6,4,37,Ensino Fundamental de 9 Anos,
pedagogia,Pedagogia,EAD,PED_EAD,https://sumare.edu.br/graduacao/ead/pedagogia,html,7,1,38,Fundamentos da Interdisciplinaridade,
pedagogia,Pedagogia,EAD,PED_EAD,https://sumare.edu.br/graduacao/ead/pedagogia,html,7,2,39,Literatura Infantojuvenil,
pedagogia,Pedagogia,EAD,PED_EAD,https://sumare.edu.br/graduacao/ead/pedagogia,html,7,3,40,Educação em Direitos Humanos e Educação Ambiental,
pedagogia,Pedagogia,EAD,PED_EAD,https://sumare.edu.br/graduacao/ead/pedagogia,html,7,4,41,"Laboratórios, Bibliotecas e Ambientes de Convivência na Escola",
pedagogia,Pedagogia,EAD,PED_EAD,https://sumare.edu.br/graduacao/ead/pedagogia,html,8,1,42,Metodologia do Ensino de História e Geografia,
pedagogia,Pedagogia,EAD,PED_EAD,https://sumare.edu.br/graduacao/ead/pedagogia,html,8,2,43,Metodologia do Ensino de Ciências da Natureza e Sustentabilidade,
pedagogia,Pedagogia,EAD,PED_EAD,https://sumare.edu.br/graduacao/ead/pedagogia,html,8,3,44,Metodologia da Língua Portuguesa,
pedagogia,Pedagogia,EAD,PED_EAD,https://sumare.edu.br/graduacao/ead/pedagogia,html,8,4,45,Metodologia do Ensino da Matemática,
pedagogia,Pedagogia,Presencial,},https://sumare.edu.br/graduacao/presencial/pedagogia,html,,,,,"As disciplinas de cada curso da Sumaré são concebidas pelo NDE (Núcleo Docente Estruturante), que é composto por professores com notório saber, que além da DCN (Diretrizes Curriculares Nacionais) de cada curso, levam em consideração as pautas mais importantes do mercado de trabalho, ou seja, o que você aprende na Sumaré você usa na prática!"
pedagogia,Pedagogia,Semipresencial,PED_SEMI,https://sumare.edu.br/graduacao/semi/pedagogia,html,1,1,1,Bem-Vindo ao AVA Sumaré,"As disciplinas de cada curso da Sumaré são concebidas pelo NDE (Núcleo Docente Estruturante), que é composto por professores com notório saber, que além da DCN (Diretrizes Curriculares Nacionais) de cada curso, levam em consideração as pautas mais importantes do mercado de trabalho, ou seja, o que você aprende na Sumaré você usa na prática!"
pedagogia,Pedagogia,Semipresencial,PED_SEMI,https://sumare.edu.br/graduacao/semi/pedagogia,html,1,2,2,Conheça seu Tutor,
pedagogia,Pedagogia,Semipresencial,PED_SEMI,https://sumare.edu.br/graduacao/semi/pedagogia,html,1,3,3,Conheça seu curso - Pedagogia Semipresencial,
pedagogia,Pedagogia,Semipresencial,PED_SEMI,https://sumare.edu.br/graduacao/semi/pedagogia,html,1,4,4,Atividade Extensionista - Educação e Docência,
pedagogia,Pedagogia,Semipresencial,PED_SEMI,https://sumare.edu.br/graduacao/semi/pedagogia,html,1,5,5,História da Educação,
pedagogia,Pedagogia,Semipresencial,PED_SEMI,https://sumare.edu.br/graduacao/semi/pedagogia,html,1,6,6,Educação Infantil,
pedagogia,Pedagogia,Semipresencial,PED_SEMI,https://sumare.edu.br/graduacao/semi/pedagogia,html,1,7,7,Saberes e Fazeres da Educação Infantil,
pedagogia,Pedagogia,Semipresencial,PED_SEMI,https://sumare.edu.br/graduacao/semi/pedagogia,html,1,8,8,Biblioteca Virtual,
pedagogia,Pedagogia,Semipresencial,PED_SEMI,https://sumare.edu.br/graduacao/semi/pedagogia,html,1,9,9,PAAS - Língua Portuguesa,
pedagogia,Pedagogia,Semipresencial,PED_SEMI,https://sumare.edu.br/graduacao/semi/pedagogia,html,1,10,10,PAAS - Matemática,
pedagogia,Pedagogia,Semipresencial,PED_SEMI,https://sumare.edu.br/graduacao/semi/pedagogia,html,1,11,11,PAAS - Informática Básica,
pedagogia,Pedagogia,Semipresencial,PED_SEMI,https://sumare.edu.br/graduacao/semi/pedagogia,html,2,1,12,Atividade Extensionista - Educação e Transformação,
pedagogia,Pedagogia,Semipresencial,PED_SEMI,https://sumare.edu.br/graduacao/semi/pedagogia,html,2,2,13,Didática,
pedagogia,Pedagogia,Semipresencial,PED_SEMI,https://sumare.edu.br/graduacao/semi/pedagogia,html,2,3,14,A Pedagogia e seus Contextos Cotidianos,
pedagogia,Pedagogia,Semipresencial,PED_SEMI,https://sumare.edu.br/graduacao/semi/pedagogia,html,2,4,15,Teoria e Prática do Ensino,
pedagogia,Pedagogia,Semipresencial,PED_SEMI,https://sumare.edu.br/graduacao/semi/pedagogia,html,3,1,16,Atividade Extensionista - Educação e Diversidade,
pedagogia,Pedagogia,Semipresencial,PED_SEMI,https://sumare.edu.br/graduacao/semi/pedagogia,html,3,2,17,Língua Brasileira de Sinais - LIBRAS,
pedagogia,Pedagogia,Semipresencial,PED_SEMI,https://sumare.edu.br/graduacao/semi/pedagogia,html,3,3,18,Educação e Ludicidade,
pedagogia,Pedagogia,Semipresencial,PED_SEMI,https://sumare.edu.br/graduacao/semi/pedagogia,html,3,4,19,"Laboratórios, Bibliotecas e Ambientes de Convivência na Escola",
pedagogia,Pedagogia,Semipresencial,PED_SEMI,https://sumare.edu.br/graduacao/semi/pedagogia,html,3,5,20,Educação em Direitos Humanos e Educação Ambiental,
pedagogia,Pedagogia,Semipresencial,PED_SEMI,https://sumare.edu.br/graduacao/semi/pedagogia,html,3,6,21,Psicologia da Educação e do Desenvolvimento,
pedagogia,Pedagogia,Semipresencial,PED_SEMI,https://sumare.edu.br/graduacao/semi/pedagogia,html,4,1,22,Atividade Extensionista - Educação e Formação,
pedagogia,Pedagogia,Semipresencial,PED_SEMI,https://sumare.edu.br/graduacao/semi/pedagogia,html,4,2,23,Sociologia da Educação,
pedagogia,Pedagogia,Semipresencial,PED_SEMI,https://sumare.edu.br/graduacao/semi/pedagogia,html,4,3,24,Educação de Jovens e Adultos - EJA,
pedagogia,Pedagogia,Semipresencial,PED_SEMI,https://sumare.edu.br/graduacao/semi/pedagogia,html,4,4,25,Ensino Fundamental de 9 Anos,
pedagogia,Pedagogia,Semipresencial,PED_SEMI,https://sumare.edu.br/graduacao/semi/pedagogia,html,5,1,26,Estágio Obrigatório,
pedagogia,Pedagogia,Semipresencial,PED_SEMI,https://sumare.edu.br/graduacao/semi/pedagogia,html,5,2,27,Metodologia da Língua Portuguesa,
pedagogia,Pedagogia,Semipresencial,PED_SEMI,https://sumare.edu.br/graduacao/semi/pedagogia,html,5,3,28,Metodologia do Ensino da Matemática,
pedagogia,Pedagogia,Semipresencial,PED_SEMI,https://sumare.edu.br/graduacao/semi/pedagogia,html,5,4,29,Avaliação da Aprendizagem,
pedagogia,Pedagogia,Semipresencial,PED_SEMI,https://sumare.edu.br/graduacao/semi/pedagogia,html,5,5,30,Metodologia de Alfabetização,
pedagogia,Pedagogia,Semipresencial,PED_SEMI,https://sumare.edu.br/graduacao/semi/pedagogia,html,5,6,31,Projeto de Pesquisa Integrador em Pedagogia,
pedagogia,Pedagogia,Semipresencial,PED_SEMI,https://sumare.edu.br/graduacao/semi/pedagogia,html,6,1,32,Currículos e Políticas Educacionais para a Educação Básica,
pedagogia,Pedagogia,Semipresencial,PED_SEMI,https://sumare.edu.br/graduacao/semi/pedagogia,html,6,2,33,Psicomotricidade e Movimento,
pedagogia,Pedagogia,Semipresencial,PED_SEMI,https://sumare.edu.br/graduacao/semi/pedagogia,html,6,3,34,Psicologia do Desenvolvimento da Infância,
pedagogia,Pedagogia,Semipresencial,PED_SEMI,https://sumare.edu.br/graduacao/semi/pedagogia,html,6,4,35,Desenvolvimento e Aprendizagem Motora,
pedagogia,Pedagogia,Semipresencial,PED_SEMI,https://sumare.edu.br/graduacao/semi/pedagogia,html,7,1,36,Organização da Educação Básica e o Currículo,
pedagogia,Pedagogia,Semipresencial,PED_SEMI,https://sumare.edu.br/graduacao/semi/pedagogia,html,7,2,37,"Educação Inclusiva, Ética e Direitos Humanos",
pedagogia,Pedagogia,Semipresencial,PED_SEMI,https://sumare.edu.br/graduacao/semi/pedagogia,html,7,3,38,Pedagogia em Espaços não Escolares,
pedagogia,Pedagogia,Semipresencial,PED_SEMI,https://sumare.edu.br/graduacao/semi/pedagogia,html,7,4,39,Literatura Infanto Juvenil,
pedagogia,Pedagogia,Semipresencial,PED_SEMI,https://sumare.edu.br/graduacao/semi/pedagogia,html,8,1,40,Fundamentos da Interdisciplinaridade,
pedagogia,Pedagogia,Semipresencial,PED_SEMI,https://sumare.edu.br/graduacao/semi/pedagogia,html,8,2,41,"Sociedade, Cultura e Cidadania",
pedagogia,Pedagogia,Semipresencial,PED_SEMI,https://sumare.edu.br/graduacao/semi/pedagogia,html,8,3,42,Metodologia do Ensino de Ciências da Natureza e Sustentabilidade,
pedagogia,Pedagogia,Semipresencial,PED_SEMI,https://sumare.edu.br/graduacao/semi/pedagogia,html,8,4,43,Metodologia do Ensino de História e Geografia,
processos-gerenciais,Processos Gerenciais,EAD,PGER_EAD,https://sumare.edu.br/graduacao/ead/processos-gerenciais,api,1,1,1,Administração Contemporânea,"As disciplinas de cada curso da Sumaré são concebidas pelo NDE (Núcleo Docente Estruturante), que é composto por professores com notório saber, que além da DCN (Diretrizes Curriculares Nacionais) de cada curso, levam em consideração as pautas mais importantes do mercado de trabalho, ou seja, o que você aprende na Sumaré você usa na prática!"
processos-gerenciais,Processos Gerenciais,EAD,PGER_EAD,https://sumare.edu.br/graduacao/ead/processos-gerenciais,api,1,2,2,Atividade Extensionista - Assistente Administrativo,
processos-gerenciais,Processos Gerenciais,EAD,PGER_EAD,https://sumare.edu.br/graduacao/ead/processos-gerenciais,api,1,3,3,Economia,
processos-gerenciais,Processos Gerenciais,EAD,PGER_EAD,https://sumare.edu.br/graduacao/ead/processos-gerenciais,api,1,4,4,Contabilidade,
processos-gerenciais,Processos Gerenciais,EAD,PGER_EAD,https://sumare.edu.br/graduacao/ead/processos-gerenciais,api,1,5,5,Recursos Humanos,
processos-gerenciais,Processos Gerenciais,EAD,PGER_EAD,https://sumare.edu.br/graduacao/ead/processos-gerenciais,api,1,6,6,Tecnologia e Sociedade,
processos-gerenciais,Processos Gerenciais,EAD,PGER_EAD,https://sumare.edu.br/graduacao/ead/processos-gerenciais,api,2,1,7,Desenvolvimento Gerencial,
processos-gerenciais,Processos Gerenciais,EAD,PGER_EAD,https://sumare.edu.br/graduacao/ead/processos-gerenciais,api,2,2,8,Atividade Extensionista - Analista Econômico,
processos-gerenciais,Processos Gerenciais,EAD,PGER_EAD,https://sumare.edu.br/graduacao/ead/processos-gerenciais,api,2,3,9,Matemática Financeira,
processos-gerenciais,Processos Gerenciais,EAD,PGER_EAD,https://sumare.edu.br/graduacao/ead/processos-gerenciais,api,2,4,10,Logística,
processos-gerenciais,Processos Gerenciais,EAD,PGER_EAD,https://sumare.edu.br/graduacao/ead/processos-gerenciais,api,2,5,11,Sistemas de Informação,
processos-gerenciais,Processos Gerenciais,EAD,PGER_EAD,https://sumare.edu.br/graduacao/ead/processos-gerenciais,api,2,6,12,Sustentabilidade e Responsabilidade Social,
processos-gerenciais,Processos Gerenciais,EAD,PGER_EAD,https://sumare.edu.br/graduacao/ead/processos-gerenciais,api,3,1,13,Análise das Demonstrações Financeiras,
processos-gerenciais,Processos Gerenciais,EAD,PGER_EAD,https://sumare.edu.br/graduacao/ead/processos-gerenciais,api,3,2,14,Atividade Extensionista - Analista Financeiro,
processos-gerenciais,Processos Gerenciais,EAD,PGER_EAD,https://sumare.edu.br/graduacao/ead/processos-gerenciais,api,3,3,15,Estratégia,
processos-gerenciais,Processos Gerenciais,EAD,PGER_EAD,https://sumare.edu.br/graduacao/ead/processos-gerenciais,api,3,4,16,Estatística Aplicada,
processos-gerenciais,Processos Gerenciais,EAD,PGER_EAD,https://sumare.edu.br/graduacao/ead/processos-gerenciais,api,3,5,17,Empreendedorismo,
processos-gerenciais,Processos Gerenciais,EAD,PGER_EAD,https://sumare.edu.br/graduacao/ead/processos-gerenciais,api,3,6,18,Filosofia,
processos-gerenciais,Processos Gerenciais,EAD,PGER_EAD,https://sumare.edu.br/graduacao/ead/processos-gerenciais,api,4,1,19,Gestão de Custos e Preços,
processos-gerenciais,Processos Gerenciais,EAD,PGER_EAD,https://sumare.edu.br/graduacao/ead/processos-gerenciais,api,4,2,20,Atividade Extensionista - Analista de Planejamento Empresarial,
processos-gerenciais,Processos Gerenciais,EAD,PGER_EAD,https://sumare.edu.br/graduacao/ead/processos-gerenciais,api,4,3,21,ATC,
processos-gerenciais,Processos Gerenciais,EAD,PGER_EAD,https://sumare.edu.br/graduacao/ead/processos-gerenciais,api,4,4,22,Estágio Obrigatório,
processos-gerenciais,Processos Gerenciais,EAD,PGER_EAD,https://sumare.edu.br/graduacao/ead/processos-gerenciais,api,4,5,23,PPI,
processos-gerenciais,Processos Gerenciais,EAD,PGER_EAD,https://sumare.edu.br/graduacao/ead/processos-gerenciais,api,4,6,24,Gestão do Conhecimento,
processos-gerenciais,Processos Gerenciais,EAD,PGER_EAD,https://sumare.edu.br/graduacao/ead/processos-gerenciais,api,4,7,25,Governança Corporativa,
processos-gerenciais,Processos Gerenciais,EAD,PGER_EAD,https://sumare.edu.br/graduacao/ead/processos-gerenciais,api,4,8,26,Gestão de Processos,
processos-gerenciais,Processos Gerenciais,EAD,PGER_EAD,https://sumare.edu.br/graduacao/ead/processos-gerenciais,api,4,9,27,Comportamento nas Organizações,
psicologia,Psicologia,Presencial,PSICLOG,https://sumare.edu.br/graduacao/presencial/psicologia,api,1,1,1,Introdução e História da Psicologia,"As disciplinas de cada curso da Sumaré são concebidas pelo NDE (Núcleo Docente Estruturante), que é composto por professores com notório saber, que além da DCN (Diretrizes Curriculares Nacionais) de cada curso, levam em consideração as pautas mais importantes do mercado de trabalho, ou seja, o que você aprende na Sumaré você usa na prática!"
psicologia,Psicologia,Presencial,PSICLOG,https://sumare.edu.br/graduacao/presencial/psicologia,api,1,2,2,Bases Sociológicas da Psicologia,
psicologia,Psicologia,Presencial,PSICLOG,https://sumare.edu.br/graduacao/presencial/psicologia,api,1,3,3,Bases Filosóficas da Psicologia,
psicologia,Psicologia,Presencial,PSICLOG,https://sumare.edu.br/graduacao/presencial/psicologia,api,1,4,4,Saúde Mental,
psicologia,Psicologia,Presencial,PSICLOG,https://sumare.edu.br/graduacao/presencial/psicologia,api,1,5,5,Língua Portuguesa - EAD,
psicologia,Psicologia,Presencial,PSICLOG,https://sumare.edu.br/graduacao/presencial/psicologia,api,1,6,6,Atividade Extensionista - Ser Psicólogo,
psicologia,Psicologia,Presencial,PSICLOG,https://sumare.edu.br/graduacao/presencial/psicologia,api,2,1,7,Psicologia Social e Comunitária,
psicologia,Psicologia,Presencial,PSICLOG,https://sumare.edu.br/graduacao/presencial/psicologia,api,2,2,8,Psicologia e Políticas Públicas,
psicologia,Psicologia,Presencial,PSICLOG,https://sumare.edu.br/graduacao/presencial/psicologia,api,2,3,9,Psicologia e Pensamento Sistêmico,
psicologia,Psicologia,Presencial,PSICLOG,https://sumare.edu.br/graduacao/presencial/psicologia,api,2,4,10,Saúde Institucional,
psicologia,Psicologia,Presencial,PSICLOG,https://sumare.edu.br/graduacao/presencial/psicologia,api,2,5,11,Sustentabilidade e Responsabilidade Social - EAD,
psicologia,Psicologia,Presencial,PSICLOG,https://sumare.edu.br/graduacao/presencial/psicologia,api,2,6,12,Atividade Extensionista - Diversidade e Pensamento Crítico,
psicologia,Psicologia,Presencial,PSICLOG,https://sumare.edu.br/graduacao/presencial/psicologia,api,3,1,13,Psicologia Genética e Evolução Humana,
psicologia,Psicologia,Presencial,PSICLOG,https://sumare.edu.br/graduacao/presencial/psicologia,api,3,2,14,Neuroanatomia,
psicologia,Psicologia,Presencial,PSICLOG,https://sumare.edu.br/graduacao/presencial/psicologia,api,3,3,15,Psicologia Hospitalar,
psicologia,Psicologia,Presencial,PSICLOG,https://sumare.edu.br/graduacao/presencial/psicologia,api,3,4,16,Introdução ao Psicodiagnóstico,
psicologia,Psicologia,Presencial,PSICLOG,https://sumare.edu.br/graduacao/presencial/psicologia,api,3,5,17,Libras - EAD,
psicologia,Psicologia,Presencial,PSICLOG,https://sumare.edu.br/graduacao/presencial/psicologia,api,3,6,18,Atividade Extensionista - Práticas Integrativas na Dependência de Substâncias Psicoativas,
psicologia,Psicologia,Presencial,PSICLOG,https://sumare.edu.br/graduacao/presencial/psicologia,api,4,1,19,Fundamentos Psicanalíticos,
psicologia,Psicologia,Presencial,PSICLOG,https://sumare.edu.br/graduacao/presencial/psicologia,api,4,2,20,Neurociências,
psicologia,Psicologia,Presencial,PSICLOG,https://sumare.edu.br/graduacao/presencial/psicologia,api,4,3,21,"Pensamento, Linguagem e Sujetividade",
psicologia,Psicologia,Presencial,PSICLOG,https://sumare.edu.br/graduacao/presencial/psicologia,api,4,4,22,Processos Psicológicos da Infância e Adolescência,
psicologia,Psicologia,Presencial,PSICLOG,https://sumare.edu.br/graduacao/presencial/psicologia,api,4,5,23,Psicologia Escolar e Educacional - EAD,
psicologia,Psicologia,Presencial,PSICLOG,https://sumare.edu.br/graduacao/presencial/psicologia,api,4,6,24,Atividade Extensionista - Criatividade e Resolução de Problemas,
psicologia,Psicologia,Presencial,PSICLOG,https://sumare.edu.br/graduacao/presencial/psicologia,api,5,1,25,Psicologia Fenomenológica e Existencial,
psicologia,Psicologia,Presencial,PSICLOG,https://sumare.edu.br/graduacao/presencial/psicologia,api,5,2,26,Desenvolvimento Humano e Aprendizagem,
psicologia,Psicologia,Presencial,PSICLOG,https://sumare.edu.br/graduacao/presencial/psicologia,api,5,3,27,Psicologia Experimental,
psicologia,Psicologia,Presencial,PSICLOG,https://sumare.edu.br/graduacao/presencial/psicologia,api,5,4,28,Processos Psicológicos da Vida Adulta e Velhice,
psicologia,Psicologia,Presencial,PSICLOG,https://sumare.edu.br/graduacao/presencial/psicologia,api,5,5,29,Cidadania e Ética Profissional - EAD,
psicologia,Psicologia,Presencial,PSICLOG,https://sumare.edu.br/graduacao/presencial/psicologia,api,5,6,30,Atividade Extensionista - Processos de Inclusão Social,
psicologia,Psicologia,Presencial,PSICLOG,https://sumare.edu.br/graduacao/presencial/psicologia,api,6,1,31,Psicologia Organizacional e Gestão de Pessoas,
psicologia,Psicologia,Presencial,PSICLOG,https://sumare.edu.br/graduacao/presencial/psicologia,api,6,2,32,Técnicas de Observação do Comportamento,
psicologia,Psicologia,Presencial,PSICLOG,https://sumare.edu.br/graduacao/presencial/psicologia,api,6,3,33,Psicofisologia,
psicologia,Psicologia,Presencial,PSICLOG,https://sumare.edu.br/graduacao/presencial/psicologia,api,6,4,34,Psicopatologia da Infância e Adolescência,
psicologia,Psicologia,Presencial,PSICLOG,https://sumare.edu.br/graduacao/presencial/psicologia,api,6,5,35,Antropologia e Cultura Brasileira - EAD,
psicologia,Psicologia,Presencial,PSICLOG,https://sumare.edu.br/graduacao/presencial/psicologia,api,6,6,36,Atividade Extensionista - Processos Motivacionais,
psicologia,Psicologia,Presencial,PSICLOG,https://sumare.edu.br/graduacao/presencial/psicologia,api,7,1,37,Psicofarmacologia,
psicologia,Psicologia,Presencial,PSICLOG,https://sumare.edu.br/graduacao/presencial/psicologia,api,7,2,38,Terapia Cognitivo Comportamental,
psicologia,Psicologia,Presencial,PSICLOG,https://sumare.edu.br/graduacao/presencial/psicologia,api,7,3,39,Teoria das Neuroses,
psicologia,Psicologia,Presencial,PSICLOG,https://sumare.edu.br/graduacao/presencial/psicologia,api,7,4,40,Psicopatologia da Vida Adulta,
psicologia,Psicologia,Presencial,PSICLOG,https://sumare.edu.br/graduacao/presencial/psicologia,api,7,5,41,Empreendedorismo - EAD,
psicologia,Psicologia,Presencial,PSICLOG,https://sumare.edu.br/graduacao/presencial/psicologia,api,7,6,42,Atividade Extensionista - Psicologia e Disciplina Positiva no Protagonismo Pessoal,
psicologia,Psicologia,Presencial,PSICLOG,https://sumare.edu.br/graduacao/presencial/psicologia,api,8,1,43,Psicologia Jurídica e Direitos Humanos,
psicologia,Psicologia,Presencial,PSICLOG,https://sumare.edu.br/graduacao/presencial/psicologia,api,8,2,44,Psicologia e Atenção à Família,
psicologia,Psicologia,Presencial,PSICLOG,https://sumare.edu.br/graduacao/presencial/psicologia,api,8,3,45,Teoria dos Processos Grupais,
psicologia,Psicologia,Presencial,PSICLOG,https://sumare.edu.br/graduacao/presencial/psicologia,api,8,4,46,Orientação Vocacional e Profissional,
psicologia,Psicologia,Presencial,PSICLOG,https://sumare.edu.br/graduacao/presencial/psicologia,api,8,5,47,Relações Étnico Raciais - EAD,
psicologia,Psicologia,Presencial,PSICLOG,https://sumare.edu.br/graduacao/presencial/psicologia,api,8,6,48,Trabalho de Conclusão de Curso - Análise,
psicologia,Psicologia,Presencial,PSICLOG,https://sumare.edu.br/graduacao/presencial/psicologia,api,9,1,49,Psicometria,
psicologia,Psicologia,Presencial,PSICLOG,https://sumare.edu.br/graduacao/presencial/psicologia,api,9,2,50,Avaliação Psicológica Organizacional,
psicologia,Psicologia,Presencial,PSICLOG,https://sumare.edu.br/graduacao/presencial/psicologia,api,9,3,51,Avaliação das Funções Intelectuais,
psicologia,Psicologia,Presencial,PSICLOG,https://sumare.edu.br/graduacao/presencial/psicologia,api,9,4,52,Técnicas de Exame da Personalidade,
psicologia,Psicologia,Presencial,PSICLOG,https://sumare.edu.br/graduacao/presencial/psicologia,api,9,5,53,Estatística Aplicada - EAD,
psicologia,Psicologia,Presencial,PSICLOG,https://sumare.edu.br/graduacao/presencial/psicologia,api,9,6,54,Trabalho de Conclusão de Curso - Projeto,
psicologia,Psicologia,Presencial,PSICLOG,https://sumare.edu.br/graduacao/presencial/psicologia,api,10,1,55,Processos Psicossociais e Psicoeducacionais,
psicologia,Psicologia,Presencial,PSICLOG,https://sumare.edu.br/graduacao/presencial/psicologia,api,10,2,56,Práticas Psicopedagógica na Instituição Escolar,
psicologia,Psicologia,Presencial,PSICLOG,https://sumare.edu.br/graduacao/presencial/psicologia,api,10,3,57,Psicomotricidade e Aprendizagem,
psicologia,Psicologia,Presencial,PSICLOG,https://sumare.edu.br/graduacao/presencial/psicologia,api,10,4,58,Intervenções Clínicas nas Dificuldades de Aprendizagem,
psicologia,Psicologia,Presencial,PSICLOG,https://sumare.edu.br/graduacao/presencial/psicologia,api,10,5,59,Produção Textual Acadêmica - EAD,
psicologia,Psicologia,Presencial,PSICLOG,https://sumare.edu.br/graduacao/presencial/psicologia,api,10,6,60,Trabalho de Conclusão de Curso - Aplicação,
psicologia,Psicologia,Presencial,PSICLOG,https://sumare.edu.br/graduacao/presencial/psicologia,api,10,7,61,ATC,
psicologia,Psicologia,Presencial,PSICLOG,https://sumare.edu.br/graduacao/presencial/psicologia,api,10,8,62,Estágio Obrigatório,
publicidade-e-propaganda,Publicidade e Propaganda,EAD,PUBP_EAD,https://sumare.edu.br/graduacao/ead/publicidade-e-propaganda,api,1,1,1,Teoria e História da Comunicação,"As disciplinas de cada curso da Sumaré são concebidas pelo NDE (Núcleo Docente Estruturante), que é composto por professores com notório saber, que além da DCN (Diretrizes Curriculares Nacionais) de cada curso, levam em consideração as pautas mais importantes do mercado de trabalho, ou seja, o que você aprende na Sumaré você usa na prática!"
publicidade-e-propaganda,Publicidade e Propaganda,EAD,PUBP_EAD,https://sumare.edu.br/graduacao/ead/publicidade-e-propaganda,api,1,2,2,Atividade Extensionista - Definições Conceitos de Publicidade e Propaganda,
publicidade-e-propaganda,Publicidade e Propaganda,EAD,PUBP_EAD,https://sumare.edu.br/graduacao/ead/publicidade-e-propaganda,api,1,3,3,"Publicidade, Propaganda e Princípios comunicacionais",
publicidade-e-propaganda,Publicidade e Propaganda,EAD,PUBP_EAD,https://sumare.edu.br/graduacao/ead/publicidade-e-propaganda,api,1,4,4,Língua Portuguesa e Redação Comunicacional,
publicidade-e-propaganda,Publicidade e Propaganda,EAD,PUBP_EAD,https://sumare.edu.br/graduacao/ead/publicidade-e-propaganda,api,1,5,5,Tecnologia e Sociedade,
publicidade-e-propaganda,Publicidade e Propaganda,EAD,PUBP_EAD,https://sumare.edu.br/graduacao/ead/publicidade-e-propaganda,api,2,1,6,Planejamento de Campanha e Pesquisa de Mercado,
publicidade-e-propaganda,Publicidade e Propaganda,EAD,PUBP_EAD,https://sumare.edu.br/graduacao/ead/publicidade-e-propaganda,api,2,2,7,Atividade Extensionista - Mercado Publicitário,
publicidade-e-propaganda,Publicidade e Propaganda,EAD,PUBP_EAD,https://sumare.edu.br/graduacao/ead/publicidade-e-propaganda,api,2,3,8,Promoção e Merchandising,
publicidade-e-propaganda,Publicidade e Propaganda,EAD,PUBP_EAD,https://sumare.edu.br/graduacao/ead/publicidade-e-propaganda,api,2,4,9,Psicologia aplicada à comunicação,
publicidade-e-propaganda,Publicidade e Propaganda,EAD,PUBP_EAD,https://sumare.edu.br/graduacao/ead/publicidade-e-propaganda,api,2,5,10,Sustentabilidade e Responsabilidade Social,
publicidade-e-propaganda,Publicidade e Propaganda,EAD,PUBP_EAD,https://sumare.edu.br/graduacao/ead/publicidade-e-propaganda,api,3,1,11,"Redação Publicitária: digital, eletrônica e impressa",
publicidade-e-propaganda,Publicidade e Propaganda,EAD,PUBP_EAD,https://sumare.edu.br/graduacao/ead/publicidade-e-propaganda,api,3,2,12,Atividade Extensionista - Criatividade e Criação,
publicidade-e-propaganda,Publicidade e Propaganda,EAD,PUBP_EAD,https://sumare.edu.br/graduacao/ead/publicidade-e-propaganda,api,3,3,13,Marketing de Varejo e Promoção de Vendas,
publicidade-e-propaganda,Publicidade e Propaganda,EAD,PUBP_EAD,https://sumare.edu.br/graduacao/ead/publicidade-e-propaganda,api,3,4,14,Direção e Criação de Arte,
publicidade-e-propaganda,Publicidade e Propaganda,EAD,PUBP_EAD,https://sumare.edu.br/graduacao/ead/publicidade-e-propaganda,api,3,5,15,Filosofia,
publicidade-e-propaganda,Publicidade e Propaganda,EAD,PUBP_EAD,https://sumare.edu.br/graduacao/ead/publicidade-e-propaganda,api,4,1,16,Fotografia Publicitária,
publicidade-e-propaganda,Publicidade e Propaganda,EAD,PUBP_EAD,https://sumare.edu.br/graduacao/ead/publicidade-e-propaganda,api,4,2,17,Atividade Extensionista - Gestão da Imagem,
publicidade-e-propaganda,Publicidade e Propaganda,EAD,PUBP_EAD,https://sumare.edu.br/graduacao/ead/publicidade-e-propaganda,api,4,3,18,"Planejamento Visual, Digital e Gráfico",
publicidade-e-propaganda,Publicidade e Propaganda,EAD,PUBP_EAD,https://sumare.edu.br/graduacao/ead/publicidade-e-propaganda,api,4,4,19,"Imagem, Estética, Comunicação e Cultura",
publicidade-e-propaganda,Publicidade e Propaganda,EAD,PUBP_EAD,https://sumare.edu.br/graduacao/ead/publicidade-e-propaganda,api,4,5,20,Comportamento nas Organizações,
publicidade-e-propaganda,Publicidade e Propaganda,EAD,PUBP_EAD,https://sumare.edu.br/graduacao/ead/publicidade-e-propaganda,api,5,1,21,Produção Publicitária: Audiovisual,
publicidade-e-propaganda,Publicidade e Propaganda,EAD,PUBP_EAD,https://sumare.edu.br/graduacao/ead/publicidade-e-propaganda,api,5,2,22,Design Thinking na Construção da Marca,
publicidade-e-propaganda,Publicidade e Propaganda,EAD,PUBP_EAD,https://sumare.edu.br/graduacao/ead/publicidade-e-propaganda,api,5,3,23,Ética e Legislação em Comunicação,
publicidade-e-propaganda,Publicidade e Propaganda,EAD,PUBP_EAD,https://sumare.edu.br/graduacao/ead/publicidade-e-propaganda,api,5,4,24,Direito Empresarial,
publicidade-e-propaganda,Publicidade e Propaganda,EAD,PUBP_EAD,https://sumare.edu.br/graduacao/ead/publicidade-e-propaganda,api,6,1,25,Ambientes virtuais de consumo,
publicidade-e-propaganda,Publicidade e Propaganda,EAD,PUBP_EAD,https://sumare.edu.br/graduacao/ead/publicidade-e-propaganda,api,6,2,26,Marketing Digital e de Mercado,
publicidade-e-propaganda,Publicidade e Propaganda,EAD,PUBP_EAD,https://sumare.edu.br/graduacao/ead/publicidade-e-propaganda,api,6,3,27,Inovação e Empreendedorismo em Comunicação,
publicidade-e-propaganda,Publicidade e Propaganda,EAD,PUBP_EAD,https://sumare.edu.br/graduacao/ead/publicidade-e-propaganda,api,6,4,28,Lógica e Interpretação de Dados,
publicidade-e-propaganda,Publicidade e Propaganda,EAD,PUBP_EAD,https://sumare.edu.br/graduacao/ead/publicidade-e-propaganda,api,7,1,29,Gerenciamento de Campanhas e Marcas,
publicidade-e-propaganda,Publicidade e Propaganda,EAD,PUBP_EAD,https://sumare.edu.br/graduacao/ead/publicidade-e-propaganda,api,7,2,30,Trabalho de Conclusão de Curso,
publicidade-e-propaganda,Publicidade e Propaganda,EAD,PUBP_EAD,https://sumare.edu.br/graduacao/ead/publicidade-e-propaganda,api,7,3,31,ATC,
publicidade-e-propaganda,Publicidade e Propaganda,EAD,PUBP_EAD,https://sumare.edu.br/graduacao/ead/publicidade-e-propaganda,api,7,4,32,Estágio Obrigatório,
publicidade-e-propaganda,Publicidade e Propaganda,EAD,PUBP_EAD,https://sumare.edu.br/graduacao/ead/publicidade-e-propaganda,api,7,5,33,Produção Publicitária: Transmídia,
publicidade-e-propaganda,Publicidade e Propaganda,EAD,PUBP_EAD,https://sumare.edu.br/graduacao/ead/publicidade-e-propaganda,api,7,6,34,Métricas e Mensuração de Dados em Marketing,
publicidade-e-propaganda,Publicidade e Propaganda,EAD,PUBP_EAD,https://sumare.edu.br/graduacao/ead/publicidade-e-propaganda,api,7,7,35,Governança Corporativa,
redes-de-computadores,Redes de Computadores,EAD,REDES_EAD,https://sumare.edu.br/graduacao/ead/redes-de-computadores,api,1,1,1,Arquitetura de Computadores,"As disciplinas de cada curso da Sumaré são concebidas pelo NDE (Núcleo Docente Estruturante), que é composto por professores com notório saber, que além da DCN (Diretrizes Curriculares Nacionais) de cada curso, levam em consideração as pautas mais importantes do mercado de trabalho, ou seja, o que você aprende na Sumaré você usa na prática!"
redes-de-computadores,Redes de Computadores,EAD,REDES_EAD,https://sumare.edu.br/graduacao/ead/redes-de-computadores,api,1,2,2,Atividade Extensionista - Tópicos da Computação,
redes-de-computadores,Redes de Computadores,EAD,REDES_EAD,https://sumare.edu.br/graduacao/ead/redes-de-computadores,api,1,3,3,Redes de Computadores e Telecomunicação,
redes-de-computadores,Redes de Computadores,EAD,REDES_EAD,https://sumare.edu.br/graduacao/ead/redes-de-computadores,api,1,4,4,Sistemas Operacionais,
redes-de-computadores,Redes de Computadores,EAD,REDES_EAD,https://sumare.edu.br/graduacao/ead/redes-de-computadores,api,1,5,5,Desenvolvimento para WEB,
redes-de-computadores,Redes de Computadores,EAD,REDES_EAD,https://sumare.edu.br/graduacao/ead/redes-de-computadores,api,1,6,6,Tecnologia e Sociedade,
redes-de-computadores,Redes de Computadores,EAD,REDES_EAD,https://sumare.edu.br/graduacao/ead/redes-de-computadores,api,2,1,7,Algoritmos,
redes-de-computadores,Redes de Computadores,EAD,REDES_EAD,https://sumare.edu.br/graduacao/ead/redes-de-computadores,api,2,2,8,Atividade Extensionista - Infraestrutura de TI,
redes-de-computadores,Redes de Computadores,EAD,REDES_EAD,https://sumare.edu.br/graduacao/ead/redes-de-computadores,api,2,3,9,Banco de Dados,
redes-de-computadores,Redes de Computadores,EAD,REDES_EAD,https://sumare.edu.br/graduacao/ead/redes-de-computadores,api,2,4,10,Gestão de Projetos,
redes-de-computadores,Redes de Computadores,EAD,REDES_EAD,https://sumare.edu.br/graduacao/ead/redes-de-computadores,api,2,5,11,Segurança da Informação,
redes-de-computadores,Redes de Computadores,EAD,REDES_EAD,https://sumare.edu.br/graduacao/ead/redes-de-computadores,api,2,6,12,Sustentabilidade e Responsabilidade social,
redes-de-computadores,Redes de Computadores,EAD,REDES_EAD,https://sumare.edu.br/graduacao/ead/redes-de-computadores,api,3,1,13,Sistema Operacional Livre,
redes-de-computadores,Redes de Computadores,EAD,REDES_EAD,https://sumare.edu.br/graduacao/ead/redes-de-computadores,api,3,2,14,Atividade Extensionista - Gestão em Redes,
redes-de-computadores,Redes de Computadores,EAD,REDES_EAD,https://sumare.edu.br/graduacao/ead/redes-de-computadores,api,3,3,15,Sistema Operacional Proprietário,
redes-de-computadores,Redes de Computadores,EAD,REDES_EAD,https://sumare.edu.br/graduacao/ead/redes-de-computadores,api,3,4,16,Routers e Switching,
redes-de-computadores,Redes de Computadores,EAD,REDES_EAD,https://sumare.edu.br/graduacao/ead/redes-de-computadores,api,3,5,17,Protocolos de Redes de Longa Distância,
redes-de-computadores,Redes de Computadores,EAD,REDES_EAD,https://sumare.edu.br/graduacao/ead/redes-de-computadores,api,3,6,18,Empreendedorismo,
redes-de-computadores,Redes de Computadores,EAD,REDES_EAD,https://sumare.edu.br/graduacao/ead/redes-de-computadores,api,4,1,19,Monitoramento e Análise de Redes,
redes-de-computadores,Redes de Computadores,EAD,REDES_EAD,https://sumare.edu.br/graduacao/ead/redes-de-computadores,api,4,2,20,Atividade Extensionista - Administração de Serviços,
redes-de-computadores,Redes de Computadores,EAD,REDES_EAD,https://sumare.edu.br/graduacao/ead/redes-de-computadores,api,4,3,21,Governança para TIC,
redes-de-computadores,Redes de Computadores,EAD,REDES_EAD,https://sumare.edu.br/graduacao/ead/redes-de-computadores,api,4,4,22,Projeto de Redes,
redes-de-computadores,Redes de Computadores,EAD,REDES_EAD,https://sumare.edu.br/graduacao/ead/redes-de-computadores,api,4,5,23,Segurança de Infraestrutura,
redes-de-computadores,Redes de Computadores,EAD,REDES_EAD,https://sumare.edu.br/graduacao/ead/redes-de-computadores,api,4,6,24,Comportamento nas Organizações,
redes-de-computadores,Redes de Computadores,EAD,REDES_EAD,https://sumare.edu.br/graduacao/ead/redes-de-computadores,api,5,1,25,Virtualização e Redes em Nuvem,
redes-de-computadores,Redes de Computadores,EAD,REDES_EAD,https://sumare.edu.br/graduacao/ead/redes-de-computadores,api,5,2,26,Atividade Extensionista - Redes de Alta Velocidade,
redes-de-computadores,Redes de Computadores,EAD,REDES_EAD,https://sumare.edu.br/graduacao/ead/redes-de-computadores,api,5,3,27,ATC,
redes-de-computadores,Redes de Computadores,EAD,REDES_EAD,https://sumare.edu.br/graduacao/ead/redes-de-computadores,api,5,4,28,Estágio Obrigatório,
redes-de-computadores,Redes de Computadores,EAD,REDES_EAD,https://sumare.edu.br/graduacao/ead/redes-de-computadores,api,5,5,29,PPI,
redes-de-computadores,Redes de Computadores,EAD,REDES_EAD,https://sumare.edu.br/graduacao/ead/redes-de-computadores,api,5,6,30,Redes sem Fio e VoIP,
redes-de-computadores,Redes de Computadores,EAD,REDES_EAD,https://sumare.edu.br/graduacao/ead/redes-de-computadores,api,5,7,31,Tecnologias Emergentes,
redes-de-computadores,Redes de Computadores,EAD,REDES_EAD,https://sumare.edu.br/graduacao/ead/redes-de-computadores,api,5,8,32,Transmissão de Dados,
saneamento-ambiental,Saneamento Ambiental,EAD,TSAMB_EAD,https://sumare.edu.br/graduacao/ead/saneamento-ambiental,html,1,1,1,Bem-Vindo ao AVA Sumaré,"As disciplinas de cada curso da Sumaré são concebidas pelo NDE (Núcleo Docente Estruturante), que é composto por professores com notório saber, que além da DCN (Diretrizes Curriculares Nacionais) de cada curso, levam em consideração as pautas mais importantes do mercado de trabalho, ou seja, o que você aprende na Sumaré você usa na prática!"
saneamento-ambiental,Saneamento Ambiental,EAD,TSAMB_EAD,https://sumare.edu.br/graduacao/ead/saneamento-ambiental,html,1,2,2,Conheça seu Tutor,
saneamento-ambiental,Saneamento Ambiental,EAD,TSAMB_EAD,https://sumare.edu.br/graduacao/ead/saneamento-ambiental,html,1,3,3,Conheça seu curso - Saneamento Ambiental,
saneamento-ambiental,Saneamento Ambiental,EAD,TSAMB_EAD,https://sumare.edu.br/graduacao/ead/saneamento-ambiental,html,1,4,4,Legislação Ambiental,
saneamento-ambiental,Saneamento Ambiental,EAD,TSAMB_EAD,https://sumare.edu.br/graduacao/ead/saneamento-ambiental,html,1,5,5,Ecologia de Sistemas,
saneamento-ambiental,Saneamento Ambiental,EAD,TSAMB_EAD,https://sumare.edu.br/graduacao/ead/saneamento-ambiental,html,1,6,6,Topografia e geoprocessamento aplicados,
saneamento-ambiental,Saneamento Ambiental,EAD,TSAMB_EAD,https://sumare.edu.br/graduacao/ead/saneamento-ambiental,html,1,7,7,Atividade Extensionista - Ecologia e Legislação Ambiental,
saneamento-ambiental,Saneamento Ambiental,EAD,TSAMB_EAD,https://sumare.edu.br/graduacao/ead/saneamento-ambiental,html,1,8,8,Biblioteca Virtual,
saneamento-ambiental,Saneamento Ambiental,EAD,TSAMB_EAD,https://sumare.edu.br/graduacao/ead/saneamento-ambiental,html,1,9,9,Tecnologia e Sociedade,
saneamento-ambiental,Saneamento Ambiental,EAD,TSAMB_EAD,https://sumare.edu.br/graduacao/ead/saneamento-ambiental,html,2,1,10,Recursos Hídricos e Drenagem Urbana,
saneamento-ambiental,Saneamento Ambiental,EAD,TSAMB_EAD,https://sumare.edu.br/graduacao/ead/saneamento-ambiental,html,2,2,11,Direito Ambiental,
saneamento-ambiental,Saneamento Ambiental,EAD,TSAMB_EAD,https://sumare.edu.br/graduacao/ead/saneamento-ambiental,html,2,3,12,Hidrologia e Climatologia,
saneamento-ambiental,Saneamento Ambiental,EAD,TSAMB_EAD,https://sumare.edu.br/graduacao/ead/saneamento-ambiental,html,2,4,13,Sistemas de Abastecimento e distribuição de Água,
saneamento-ambiental,Saneamento Ambiental,EAD,TSAMB_EAD,https://sumare.edu.br/graduacao/ead/saneamento-ambiental,html,2,5,14,Atividade Extensionista - Recursos Hídricos,
saneamento-ambiental,Saneamento Ambiental,EAD,TSAMB_EAD,https://sumare.edu.br/graduacao/ead/saneamento-ambiental,html,3,1,15,Estatística Aplicada às Ciências Sociais e Ambientais,
saneamento-ambiental,Saneamento Ambiental,EAD,TSAMB_EAD,https://sumare.edu.br/graduacao/ead/saneamento-ambiental,html,3,2,16,Políticas Urbanas e Controle da Poluição,
saneamento-ambiental,Saneamento Ambiental,EAD,TSAMB_EAD,https://sumare.edu.br/graduacao/ead/saneamento-ambiental,html,3,3,17,Atividade Extensionista - Políticas Públicas e Educação Ambiental,
saneamento-ambiental,Saneamento Ambiental,EAD,TSAMB_EAD,https://sumare.edu.br/graduacao/ead/saneamento-ambiental,html,3,4,18,Microbiologia Ambiental,
saneamento-ambiental,Saneamento Ambiental,EAD,TSAMB_EAD,https://sumare.edu.br/graduacao/ead/saneamento-ambiental,html,3,5,19,Saúde Pública e Educação Ambiental,
saneamento-ambiental,Saneamento Ambiental,EAD,TSAMB_EAD,https://sumare.edu.br/graduacao/ead/saneamento-ambiental,html,3,6,20,Projeto de Pesquisa Integrador em Saneamento Ambiental,
saneamento-ambiental,Saneamento Ambiental,EAD,TSAMB_EAD,https://sumare.edu.br/graduacao/ead/saneamento-ambiental,html,4,1,21,Ética e Cidadania,
saneamento-ambiental,Saneamento Ambiental,EAD,TSAMB_EAD,https://sumare.edu.br/graduacao/ead/saneamento-ambiental,html,4,2,22,Atividade Extensionista - Sustentabilidade,
saneamento-ambiental,Saneamento Ambiental,EAD,TSAMB_EAD,https://sumare.edu.br/graduacao/ead/saneamento-ambiental,html,4,3,23,Biologia do Solo e Recursos ambientais,
saneamento-ambiental,Saneamento Ambiental,EAD,TSAMB_EAD,https://sumare.edu.br/graduacao/ead/saneamento-ambiental,html,4,4,24,Sustentabilidade e responsabilidade socioambiental,
saneamento-ambiental,Saneamento Ambiental,EAD,TSAMB_EAD,https://sumare.edu.br/graduacao/ead/saneamento-ambiental,html,4,5,25,Gerenciamento de Resíduos Sólidos e Certificação Ambientais,
saneamento-ambiental,Saneamento Ambiental,Semipresencial,TSAMB_SEMI,https://sumare.edu.br/graduacao/semi/saneamento-ambiental,html,1,1,1,Bem-Vindo ao AVA Sumaré,"As disciplinas de cada curso da Sumaré são concebidas pelo NDE (Núcleo Docente Estruturante), que é composto por professores com notório saber, que além da DCN (Diretrizes Curriculares Nacionais) de cada curso, levam em consideração as pautas mais importantes do mercado de trabalho, ou seja, o que você aprende na Sumaré você usa na prática!"
saneamento-ambiental,Saneamento Ambiental,Semipresencial,TSAMB_SEMI,https://sumare.edu.br/graduacao/semi/saneamento-ambiental,html,1,2,2,Conheça seu Tutor,
saneamento-ambiental,Saneamento Ambiental,Semipresencial,TSAMB_SEMI,https://sumare.edu.br/graduacao/semi/saneamento-ambiental,html,1,3,3,Conheça seu curso - Saneamento Ambiental Semipresencial,
saneamento-ambiental,Saneamento Ambiental,Semipresencial,TSAMB_SEMI,https://sumare.edu.br/graduacao/semi/saneamento-ambiental,html,1,4,4,Tecnologia e Sociedade,
saneamento-ambiental,Saneamento Ambiental,Semipresencial,TSAMB_SEMI,https://sumare.edu.br/graduacao/semi/saneamento-ambiental,html,1,5,5,Ecologia de Sistemas,
saneamento-ambiental,Saneamento Ambiental,Semipresencial,TSAMB_SEMI,https://sumare.edu.br/graduacao/semi/saneamento-ambiental,html,1,6,6,Legislação Ambiental,
saneamento-ambiental,Saneamento Ambiental,Semipresencial,TSAMB_SEMI,https://sumare.edu.br/graduacao/semi/saneamento-ambiental,html,1,7,7,Ética e Cidadania,
saneamento-ambiental,Saneamento Ambiental,Semipresencial,TSAMB_SEMI,https://sumare.edu.br/graduacao/semi/saneamento-ambiental,html,1,8,8,Atividade Extensionista - Ecologia e Legislação Ambiental,
saneamento-ambiental,Saneamento Ambiental,Semipresencial,TSAMB_SEMI,https://sumare.edu.br/graduacao/semi/saneamento-ambiental,html,1,9,9,Biblioteca Virtual,
saneamento-ambiental,Saneamento Ambiental,Semipresencial,TSAMB_SEMI,https://sumare.edu.br/graduacao/semi/saneamento-ambiental,html,2,1,10,Direito Ambiental,
saneamento-ambiental,Saneamento Ambiental,Semipresencial,TSAMB_SEMI,https://sumare.edu.br/graduacao/semi/saneamento-ambiental,html,2,2,11,Hidrologia e Climatologia,
saneamento-ambiental,Saneamento Ambiental,Semipresencial,TSAMB_SEMI,https://sumare.edu.br/graduacao/semi/saneamento-ambiental,html,2,3,12,Recursos Hídricos e Drenagem Urbana,
saneamento-ambiental,Saneamento Ambiental,Semipresencial,TSAMB_SEMI,https://sumare.edu.br/graduacao/semi/saneamento-ambiental,html,2,4,13,Sistemas de Abastecimento e Distribuição de Água,
saneamento-ambiental,Saneamento Ambiental,Semipresencial,TSAMB_SEMI,https://sumare.edu.br/graduacao/semi/saneamento-ambiental,html,2,5,14,Atividade Extensionista - Recursos Hídricos,
saneamento-ambiental,Saneamento Ambiental,Semipresencial,TSAMB_SEMI,https://sumare.edu.br/graduacao/semi/saneamento-ambiental,html,3,1,15,Estatística Aplicada às Ciências Sociais e Ambientais,
saneamento-ambiental,Saneamento Ambiental,Semipresencial,TSAMB_SEMI,https://sumare.edu.br/graduacao/semi/saneamento-ambiental,html,3,2,16,Saúde Pública e Educação Ambiental,
saneamento-ambiental,Saneamento Ambiental,Semipresencial,TSAMB_SEMI,https://sumare.edu.br/graduacao/semi/saneamento-ambiental,html,3,3,17,Políticas Urbanas e Controle da Poluição,
saneamento-ambiental,Saneamento Ambiental,Semipresencial,TSAMB_SEMI,https://sumare.edu.br/graduacao/semi/saneamento-ambiental,html,3,4,18,Microbiologia Ambiental,
saneamento-ambiental,Saneamento Ambiental,Semipresencial,TSAMB_SEMI,https://sumare.edu.br/graduacao/semi/saneamento-ambiental,html,3,5,19,Atividade Extensionista - Políticas Públicas e Educação Ambiental,
saneamento-ambiental,Saneamento Ambiental,Semipresencial,TSAMB_SEMI,https://sumare.edu.br/graduacao/semi/saneamento-ambiental,html,3,6,20,Projeto de Pesquisa Integrador em Saneamento Ambiental,
saneamento-ambiental,Saneamento Ambiental,Semipresencial,TSAMB_SEMI,https://sumare.edu.br/graduacao/semi/saneamento-ambiental,html,4,1,21,Biologia do Solo e Recursos Ambientais,
saneamento-ambiental,Saneamento Ambiental,Semipresencial,TSAMB_SEMI,https://sumare.edu.br/graduacao/semi/saneamento-ambiental,html,4,2,22,Topografia e Geoprocessamento Aplicados,
saneamento-ambiental,Saneamento Ambiental,Semipresencial,TSAMB_SEMI,https://sumare.edu.br/graduacao/semi/saneamento-ambiental,html,4,3,23,Sustentabilidade e Responsabilidade Socioambiental,
saneamento-ambiental,Saneamento Ambiental,Semipresencial,TSAMB_SEMI,https://sumare.edu.br/graduacao/semi/saneamento-ambiental,html,4,4,24,Gerenciamento de Resíduos Sólidos e Certificação Ambientais,
saneamento-ambiental,Saneamento Ambiental,Semipresencial,TSAMB_SEMI,https://sumare.edu.br/graduacao/semi/saneamento-ambiental,html,4,5,25,Atividade Extensionista - Sustentabilidade,
sistemas-de-informacao,Sistemas de Informação,EAD,SISINF_EAD,https://sumare.edu.br/graduacao/ead/sistemas-de-informacao-,api,1,1,1,Arquitetura de Computadores,"As disciplinas de cada curso da Sumaré são concebidas pelo NDE (Núcleo Docente Estruturante), que é composto por professores com notório saber, que além da DCN (Diretrizes Curriculares Nacionais) de cada curso, levam em consideração as pautas mais importantes do mercado de trabalho, ou seja, o que você aprende na Sumaré você usa na prática!"
sistemas-de-informacao,Sistemas de Informação,EAD,SISINF_EAD,https://sumare.edu.br/graduacao/ead/sistemas-de-informacao-,api,1,2,2,Atividade Extensionista - Tópicos da Computação,
sistemas-de-informacao,Sistemas de Informação,EAD,SISINF_EAD,https://sumare.edu.br/graduacao/ead/sistemas-de-informacao-,api,1,3,3,Redes de Computadores e Telecomunicação,
sistemas-de-informacao,Sistemas de Informação,EAD,SISINF_EAD,https://sumare.edu.br/graduacao/ead/sistemas-de-informacao-,api,1,4,4,Desenvolvimento para WEB,
sistemas-de-informacao,Sistemas de Informação,EAD,SISINF_EAD,https://sumare.edu.br/graduacao/ead/sistemas-de-informacao-,api,1,5,5,Tecnologia e Sociedade,
sistemas-de-informacao,Sistemas de Informação,EAD,SISINF_EAD,https://sumare.edu.br/graduacao/ead/sistemas-de-informacao-,api,2,1,6,Banco de Dados,
sistemas-de-informacao,Sistemas de Informação,EAD,SISINF_EAD,https://sumare.edu.br/graduacao/ead/sistemas-de-informacao-,api,2,2,7,Atividade Extensionista - Projetos Banco de Dados,
sistemas-de-informacao,Sistemas de Informação,EAD,SISINF_EAD,https://sumare.edu.br/graduacao/ead/sistemas-de-informacao-,api,2,3,8,Algoritmos,
sistemas-de-informacao,Sistemas de Informação,EAD,SISINF_EAD,https://sumare.edu.br/graduacao/ead/sistemas-de-informacao-,api,2,4,9,Gestão de Projetos,
sistemas-de-informacao,Sistemas de Informação,EAD,SISINF_EAD,https://sumare.edu.br/graduacao/ead/sistemas-de-informacao-,api,2,5,10,Sustentabilidade e Responsabilidade social,
sistemas-de-informacao,Sistemas de Informação,EAD,SISINF_EAD,https://sumare.edu.br/graduacao/ead/sistemas-de-informacao-,api,3,1,11,Gestão de Serviços e Processos,
sistemas-de-informacao,Sistemas de Informação,EAD,SISINF_EAD,https://sumare.edu.br/graduacao/ead/sistemas-de-informacao-,api,3,2,12,Atividade Extensionista - Gestão de TI,
sistemas-de-informacao,Sistemas de Informação,EAD,SISINF_EAD,https://sumare.edu.br/graduacao/ead/sistemas-de-informacao-,api,3,3,13,Governança para TIC,
sistemas-de-informacao,Sistemas de Informação,EAD,SISINF_EAD,https://sumare.edu.br/graduacao/ead/sistemas-de-informacao-,api,3,4,14,Engenharia de Software,
sistemas-de-informacao,Sistemas de Informação,EAD,SISINF_EAD,https://sumare.edu.br/graduacao/ead/sistemas-de-informacao-,api,3,5,15,Filosofia,
sistemas-de-informacao,Sistemas de Informação,EAD,SISINF_EAD,https://sumare.edu.br/graduacao/ead/sistemas-de-informacao-,api,4,1,16,Gestão de Sistemas de Informação,
sistemas-de-informacao,Sistemas de Informação,EAD,SISINF_EAD,https://sumare.edu.br/graduacao/ead/sistemas-de-informacao-,api,4,2,17,Atividade Extensionista - Modelagem de Dados,
sistemas-de-informacao,Sistemas de Informação,EAD,SISINF_EAD,https://sumare.edu.br/graduacao/ead/sistemas-de-informacao-,api,4,3,18,Gestão do Conhecimento,
sistemas-de-informacao,Sistemas de Informação,EAD,SISINF_EAD,https://sumare.edu.br/graduacao/ead/sistemas-de-informacao-,api,4,4,19,Modelagem e Organização de Dados,
sistemas-de-informacao,Sistemas de Informação,EAD,SISINF_EAD,https://sumare.edu.br/graduacao/ead/sistemas-de-informacao-,api,4,5,20,Comportamento nas Organizações,
sistemas-de-informacao,Sistemas de Informação,EAD,SISINF_EAD,https://sumare.edu.br/graduacao/ead/sistemas-de-informacao-,api,5,1,21,Estrutura de Dados,
sistemas-de-informacao,Sistemas de Informação,EAD,SISINF_EAD,https://sumare.edu.br/graduacao/ead/sistemas-de-informacao-,api,5,2,22,Atividade Extensionista - Analise e Estrutura de Dados,
sistemas-de-informacao,Sistemas de Informação,EAD,SISINF_EAD,https://sumare.edu.br/graduacao/ead/sistemas-de-informacao-,api,5,3,23,Interação Humano-Computador,
sistemas-de-informacao,Sistemas de Informação,EAD,SISINF_EAD,https://sumare.edu.br/graduacao/ead/sistemas-de-informacao-,api,5,4,24,Arquitetura da informação,
sistemas-de-informacao,Sistemas de Informação,EAD,SISINF_EAD,https://sumare.edu.br/graduacao/ead/sistemas-de-informacao-,api,5,5,25,Direito Empresarial,
sistemas-de-informacao,Sistemas de Informação,EAD,SISINF_EAD,https://sumare.edu.br/graduacao/ead/sistemas-de-informacao-,api,6,1,26,Programação Orientada a Objetos,
sistemas-de-informacao,Sistemas de Informação,EAD,SISINF_EAD,https://sumare.edu.br/graduacao/ead/sistemas-de-informacao-,api,6,2,27,Atividade Extensionista - Programação e Estatística,
sistemas-de-informacao,Sistemas de Informação,EAD,SISINF_EAD,https://sumare.edu.br/graduacao/ead/sistemas-de-informacao-,api,6,3,28,Pesquisa Operacional,
sistemas-de-informacao,Sistemas de Informação,EAD,SISINF_EAD,https://sumare.edu.br/graduacao/ead/sistemas-de-informacao-,api,6,4,29,Probabilidade de Estatística,
sistemas-de-informacao,Sistemas de Informação,EAD,SISINF_EAD,https://sumare.edu.br/graduacao/ead/sistemas-de-informacao-,api,6,5,30,Empreendedorismo,
sistemas-de-informacao,Sistemas de Informação,EAD,SISINF_EAD,https://sumare.edu.br/graduacao/ead/sistemas-de-informacao-,api,7,1,31,Sistemas Operacionais,
sistemas-de-informacao,Sistemas de Informação,EAD,SISINF_EAD,https://sumare.edu.br/graduacao/ead/sistemas-de-informacao-,api,7,2,32,Segurança da Informação,
sistemas-de-informacao,Sistemas de Informação,EAD,SISINF_EAD,https://sumare.edu.br/graduacao/ead/sistemas-de-informacao-,api,7,3,33,Paradigmas e Linguagem de Programação,
sistemas-de-informacao,Sistemas de Informação,EAD,SISINF_EAD,https://sumare.edu.br/graduacao/ead/sistemas-de-informacao-,api,7,4,34,Lógica e Interpretação de Dados,
sistemas-de-informacao,Sistemas de Informação,EAD,SISINF_EAD,https://sumare.edu.br/graduacao/ead/sistemas-de-informacao-,api,8,1,35,Programação para Jogos Digitais,
sistemas-de-informacao,Sistemas de Informação,EAD,SISINF_EAD,https://sumare.edu.br/graduacao/ead/sistemas-de-informacao-,api,8,2,36,ATC,
sistemas-de-informacao,Sistemas de Informação,EAD,SISINF_EAD,https://sumare.edu.br/graduacao/ead/sistemas-de-informacao-,api,8,3,37,Estágio Obrigatório,
sistemas-de-informacao,Sistemas de Informação,EAD,SISINF_EAD,https://sumare.edu.br/graduacao/ead/sistemas-de-informacao-,api,8,4,38,PPI,
sistemas-de-informacao,Sistemas de Informação,EAD,SISINF_EAD,https://sumare.edu.br/graduacao/ead/sistemas-de-informacao-,api,8,5,39,Qualidade de Processo e Produto,
sistemas-de-informacao,Sistemas de Informação,EAD,SISINF_EAD,https://sumare.edu.br/graduacao/ead/sistemas-de-informacao-,api,8,6,40,Lógica Matemática e Matemática Discreta,
sistemas-de-informacao,Sistemas de Informação,EAD,SISINF_EAD,https://sumare.edu.br/graduacao/ead/sistemas-de-informacao-,api,8,7,41,Aplicação e Análise de Casos,
sistemas-para-internet,Sistemas para Internet,EAD,SINT_EAD,https://sumare.edu.br/graduacao/ead/sistemas-para-internet,api,1,1,1,Arquitetura de Computadores,"As disciplinas de cada curso da Sumaré são concebidas pelo NDE (Núcleo Docente Estruturante), que é composto por professores com notório saber, que além da DCN (Diretrizes Curriculares Nacionais) de cada curso, levam em consideração as pautas mais importantes do mercado de trabalho, ou seja, o que você aprende na Sumaré você usa na prática!"
sistemas-para-internet,Sistemas para Internet,EAD,SINT_EAD,https://sumare.edu.br/graduacao/ead/sistemas-para-internet,api,1,2,2,Atividade Extensionista - Tópicos da Computação,
sistemas-para-internet,Sistemas para Internet,EAD,SINT_EAD,https://sumare.edu.br/graduacao/ead/sistemas-para-internet,api,1,3,3,Redes de Computadores e Telecomunicação,
sistemas-para-internet,Sistemas para Internet,EAD,SINT_EAD,https://sumare.edu.br/graduacao/ead/sistemas-para-internet,api,1,4,4,Sistemas Operacionais,
sistemas-para-internet,Sistemas para Internet,EAD,SINT_EAD,https://sumare.edu.br/graduacao/ead/sistemas-para-internet,api,1,5,5,Desenvolvimento para WEB,
sistemas-para-internet,Sistemas para Internet,EAD,SINT_EAD,https://sumare.edu.br/graduacao/ead/sistemas-para-internet,api,1,6,6,Tecnologia e Sociedade,
sistemas-para-internet,Sistemas para Internet,EAD,SINT_EAD,https://sumare.edu.br/graduacao/ead/sistemas-para-internet,api,2,1,7,Algoritmos,
sistemas-para-internet,Sistemas para Internet,EAD,SINT_EAD,https://sumare.edu.br/graduacao/ead/sistemas-para-internet,api,2,2,8,Atividade Extensionista - Projeto de Segurança,
sistemas-para-internet,Sistemas para Internet,EAD,SINT_EAD,https://sumare.edu.br/graduacao/ead/sistemas-para-internet,api,2,3,9,Banco de Dados,
sistemas-para-internet,Sistemas para Internet,EAD,SINT_EAD,https://sumare.edu.br/graduacao/ead/sistemas-para-internet,api,2,4,10,Gestão de Projetos,
sistemas-para-internet,Sistemas para Internet,EAD,SINT_EAD,https://sumare.edu.br/graduacao/ead/sistemas-para-internet,api,2,5,11,Segurança da Informação,
sistemas-para-internet,Sistemas para Internet,EAD,SINT_EAD,https://sumare.edu.br/graduacao/ead/sistemas-para-internet,api,2,6,12,Sustentabilidade e Responsabilidade social,
sistemas-para-internet,Sistemas para Internet,EAD,SINT_EAD,https://sumare.edu.br/graduacao/ead/sistemas-para-internet,api,3,1,13,Animação 2D,
sistemas-para-internet,Sistemas para Internet,EAD,SINT_EAD,https://sumare.edu.br/graduacao/ead/sistemas-para-internet,api,3,2,14,Atividade Extensionista - Tratamento de Imagens,
sistemas-para-internet,Sistemas para Internet,EAD,SINT_EAD,https://sumare.edu.br/graduacao/ead/sistemas-para-internet,api,3,3,15,Engenharia de Software,
sistemas-para-internet,Sistemas para Internet,EAD,SINT_EAD,https://sumare.edu.br/graduacao/ead/sistemas-para-internet,api,3,4,16,Marketing Digital e Redes Sociais,
sistemas-para-internet,Sistemas para Internet,EAD,SINT_EAD,https://sumare.edu.br/graduacao/ead/sistemas-para-internet,api,3,5,17,Tratamento de Imagens,
sistemas-para-internet,Sistemas para Internet,EAD,SINT_EAD,https://sumare.edu.br/graduacao/ead/sistemas-para-internet,api,3,6,18,Empreendedorismo,
sistemas-para-internet,Sistemas para Internet,EAD,SINT_EAD,https://sumare.edu.br/graduacao/ead/sistemas-para-internet,api,4,1,19,Administração de Servidores WEB,
sistemas-para-internet,Sistemas para Internet,EAD,SINT_EAD,https://sumare.edu.br/graduacao/ead/sistemas-para-internet,api,4,2,20,Atividade Extensionista - Desenvolvimento de APP,
sistemas-para-internet,Sistemas para Internet,EAD,SINT_EAD,https://sumare.edu.br/graduacao/ead/sistemas-para-internet,api,4,3,21,Desenvolvimento de Aplicativos Móveis,
sistemas-para-internet,Sistemas para Internet,EAD,SINT_EAD,https://sumare.edu.br/graduacao/ead/sistemas-para-internet,api,4,4,22,Design de Web Sites,
sistemas-para-internet,Sistemas para Internet,EAD,SINT_EAD,https://sumare.edu.br/graduacao/ead/sistemas-para-internet,api,4,5,23,Programação Orientada a Objetos,
sistemas-para-internet,Sistemas para Internet,EAD,SINT_EAD,https://sumare.edu.br/graduacao/ead/sistemas-para-internet,api,4,6,24,Comportamento nas Organizações,
sistemas-para-internet,Sistemas para Internet,EAD,SINT_EAD,https://sumare.edu.br/graduacao/ead/sistemas-para-internet,api,5,1,25,Interface Humano-Computador,
sistemas-para-internet,Sistemas para Internet,EAD,SINT_EAD,https://sumare.edu.br/graduacao/ead/sistemas-para-internet,api,5,2,26,Atividade Extensionista - Gerenciamento WEB,
sistemas-para-internet,Sistemas para Internet,EAD,SINT_EAD,https://sumare.edu.br/graduacao/ead/sistemas-para-internet,api,5,3,27,ATC,
sistemas-para-internet,Sistemas para Internet,EAD,SINT_EAD,https://sumare.edu.br/graduacao/ead/sistemas-para-internet,api,5,4,28,Estágio Obrigatório,
sistemas-para-internet,Sistemas para Internet,EAD,SINT_EAD,https://sumare.edu.br/graduacao/ead/sistemas-para-internet,api,5,5,29,PPI,
sistemas-para-internet,Sistemas para Internet,EAD,SINT_EAD,https://sumare.edu.br/graduacao/ead/sistemas-para-internet,api,5,6,30,Linguagem de Programação WEB,
sistemas-para-internet,Sistemas para Internet,EAD,SINT_EAD,https://sumare.edu.br/graduacao/ead/sistemas-para-internet,api,5,7,31,Segurança em desenvolvimento de Sistemas,
sistemas-para-internet,Sistemas para Internet,EAD,SINT_EAD,https://sumare.edu.br/graduacao/ead/sistemas-para-internet,api,5,8,32,TI Aplicada aos Negócios,
servico-social,Superior em Serviço Social,EAD,SERV_EAD,https://sumare.edu.br/graduacao/ead/superior-em-servico-social,html,1,1,1,Bem-Vindo ao AVA Sumaré,"As disciplinas de cada curso da Sumaré são concebidas pelo NDE (Núcleo Docente Estruturante), que é composto por professores com notório saber, que além da DCN (Diretrizes Curriculares Nacionais) de cada curso, levam em consideração as pautas mais importantes do mercado de trabalho, ou seja, o que você aprende na Sumaré você usa na prática!"
servico-social,Superior em Serviço Social,EAD,SERV_EAD,https://sumare.edu.br/graduacao/ead/superior-em-servico-social,html,1,2,2,Conheça seu Tutor,
servico-social,Superior em Serviço Social,EAD,SERV_EAD,https://sumare.edu.br/graduacao/ead/superior-em-servico-social,html,1,3,3,Conheça seu curso - Serviço Social,
servico-social,Superior em Serviço Social,EAD,SERV_EAD,https://sumare.edu.br/graduacao/ead/superior-em-servico-social,html,1,4,4,Filosofia e Sociologia Contemporânea,
servico-social,Superior em Serviço Social,EAD,SERV_EAD,https://sumare.edu.br/graduacao/ead/superior-em-servico-social,html,1,5,5,Formação Sócio Histórica do Brasil,
servico-social,Superior em Serviço Social,EAD,SERV_EAD,https://sumare.edu.br/graduacao/ead/superior-em-servico-social,html,1,6,6,"Fundamentos Históricos, teóricos e metodológicos do Serviço Social I",
servico-social,Superior em Serviço Social,EAD,SERV_EAD,https://sumare.edu.br/graduacao/ead/superior-em-servico-social,html,1,7,7,Atividade Extensionista - Bases do Serviço Social,
servico-social,Superior em Serviço Social,EAD,SERV_EAD,https://sumare.edu.br/graduacao/ead/superior-em-servico-social,html,1,8,8,Biblioteca Virtual,
servico-social,Superior em Serviço Social,EAD,SERV_EAD,https://sumare.edu.br/graduacao/ead/superior-em-servico-social,html,2,1,9,Atividade Extensionista - Questão Social,
servico-social,Superior em Serviço Social,EAD,SERV_EAD,https://sumare.edu.br/graduacao/ead/superior-em-servico-social,html,2,2,10,Ciência Política,
servico-social,Superior em Serviço Social,EAD,SERV_EAD,https://sumare.edu.br/graduacao/ead/superior-em-servico-social,html,2,3,11,"Fundamentos Históricos, teóricos e metodológicos do Serviço Social II",
servico-social,Superior em Serviço Social,EAD,SERV_EAD,https://sumare.edu.br/graduacao/ead/superior-em-servico-social,html,2,4,12,Questão Social na Sociedade Contemporânea,
servico-social,Superior em Serviço Social,EAD,SERV_EAD,https://sumare.edu.br/graduacao/ead/superior-em-servico-social,html,3,1,13,Atividade Extensionista - Fundamentos Básicos para Prática Profissional,
servico-social,Superior em Serviço Social,EAD,SERV_EAD,https://sumare.edu.br/graduacao/ead/superior-em-servico-social,html,3,2,14,Ética e Legislação Profissional,
servico-social,Superior em Serviço Social,EAD,SERV_EAD,https://sumare.edu.br/graduacao/ead/superior-em-servico-social,html,3,3,15,Psicologia Social,
servico-social,Superior em Serviço Social,EAD,SERV_EAD,https://sumare.edu.br/graduacao/ead/superior-em-servico-social,html,3,4,16,Antropologia Social,
servico-social,Superior em Serviço Social,EAD,SERV_EAD,https://sumare.edu.br/graduacao/ead/superior-em-servico-social,html,4,1,17,Atividade Extensionista - Políticas Sociais,
servico-social,Superior em Serviço Social,EAD,SERV_EAD,https://sumare.edu.br/graduacao/ead/superior-em-servico-social,html,4,2,18,Processo de Trabalho no Serviço Social,
servico-social,Superior em Serviço Social,EAD,SERV_EAD,https://sumare.edu.br/graduacao/ead/superior-em-servico-social,html,4,3,19,Política Social,
servico-social,Superior em Serviço Social,EAD,SERV_EAD,https://sumare.edu.br/graduacao/ead/superior-em-servico-social,html,4,4,20,"Ética, Cidadania e Sustentabilidade",
servico-social,Superior em Serviço Social,EAD,SERV_EAD,https://sumare.edu.br/graduacao/ead/superior-em-servico-social,html,5,1,21,Estágio Supervisionado - Serviço Social,
servico-social,Superior em Serviço Social,EAD,SERV_EAD,https://sumare.edu.br/graduacao/ead/superior-em-servico-social,html,5,2,22,Segmentos Populacionais e Políticas Sociais,
servico-social,Superior em Serviço Social,EAD,SERV_EAD,https://sumare.edu.br/graduacao/ead/superior-em-servico-social,html,5,3,23,Direitos Humanos e Legislação Social,
servico-social,Superior em Serviço Social,EAD,SERV_EAD,https://sumare.edu.br/graduacao/ead/superior-em-servico-social,html,5,4,24,Serviço Social Aplicado e Estágio Supervisionado,
servico-social,Superior em Serviço Social,EAD,SERV_EAD,https://sumare.edu.br/graduacao/ead/superior-em-servico-social,html,6,1,25,Assistência Social e Previdência Social,
servico-social,Superior em Serviço Social,EAD,SERV_EAD,https://sumare.edu.br/graduacao/ead/superior-em-servico-social,html,6,2,26,Políticas de Saúde e Educação,
servico-social,Superior em Serviço Social,EAD,SERV_EAD,https://sumare.edu.br/graduacao/ead/superior-em-servico-social,html,6,3,27,Economia Política,
servico-social,Superior em Serviço Social,EAD,SERV_EAD,https://sumare.edu.br/graduacao/ead/superior-em-servico-social,html,7,1,28,Trabalho de Conclusão de Curso I,
servico-social,Superior em Serviço Social,EAD,SERV_EAD,https://sumare.edu.br/graduacao/ead/superior-em-servico-social,html,7,2,29,Metodologia Científica e Pesquisa em Serviço Social,
servico-social,Superior em Serviço Social,EAD,SERV_EAD,https://sumare.edu.br/graduacao/ead/superior-em-servico-social,html,7,3,30,Serviço Social e Família,
servico-social,Superior em Serviço Social,EAD,SERV_EAD,https://sumare.edu.br/graduacao/ead/superior-em-servico-social,html,8,1,31,Trabalho de Conclusão de Curso II,
servico-social,Superior em Serviço Social,EAD,SERV_EAD,https://sumare.edu.br/graduacao/ead/superior-em-servico-social,html,8,2,32,Estatística e Indicadores Sociais,
servico-social,Superior em Serviço Social,EAD,SERV_EAD,https://sumare.edu.br/graduacao/ead/superior-em-servico-social,html,8,3,33,Planejamento e Gestão em Serviço Social,
servico-social,Superior em Serviço Social,EAD,SERV_EAD,https://sumare.edu.br/graduacao/ead/superior-em-servico-social,html,8,4,34,Serviço Social em Organizações,
servico-social,Superior em Serviço Social,Semipresencial,SERV_SEMI,https://sumare.edu.br/graduacao/semi/superior-em-servico-social,html,1,1,1,Bem-Vindo ao AVA Sumaré,"As disciplinas de cada curso da Sumaré são concebidas pelo NDE (Núcleo Docente Estruturante), que é composto por professores com notório saber, que além da DCN (Diretrizes Curriculares Nacionais) de cada curso, levam em consideração as pautas mais importantes do mercado de trabalho, ou seja, o que você aprende na Sumaré você usa na prática!"
servico-social,Superior em Serviço Social,Semipresencial,SERV_SEMI,https://sumare.edu.br/graduacao/semi/superior-em-servico-social,html,1,2,2,Conheça seu Tutor,
servico-social,Superior em Serviço Social,Semipresencial,SERV_SEMI,https://sumare.edu.br/graduacao/semi/superior-em-servico-social,html,1,3,3,Conheça seu curso - Serviço Social Semipresencial,
servico-social,Superior em Serviço Social,Semipresencial,SERV_SEMI,https://sumare.edu.br/graduacao/semi/superior-em-servico-social,html,1,4,4,Formação Sócio Histórica do Brasil,
servico-social,Superior em Serviço Social,Semipresencial,SERV_SEMI,https://sumare.edu.br/graduacao/semi/superior-em-servico-social,html,1,5,5,Filosofia e Sociologia Contemporânea,
servico-social,Superior em Serviço Social,Semipresencial,SERV_SEMI,https://sumare.edu.br/graduacao/semi/superior-em-servico-social,html,1,6,6,"Fundamentos Históricos, Teóricos e Metodológicos do Serviço Social I",
servico-social,Superior em Serviço Social,Semipresencial,SERV_SEMI,https://sumare.edu.br/graduacao/semi/superior-em-servico-social,html,1,7,7,Atividade Extensionista - Bases do Serviço Social,
servico-social,Superior em Serviço Social,Semipresencial,SERV_SEMI,https://sumare.edu.br/graduacao/semi/superior-em-servico-social,html,1,8,8,Biblioteca Virtual,
servico-social,Superior em Serviço Social,Semipresencial,SERV_SEMI,https://sumare.edu.br/graduacao/semi/superior-em-servico-social,html,2,1,9,Ciência Política,
servico-social,Superior em Serviço Social,Semipresencial,SERV_SEMI,https://sumare.edu.br/graduacao/semi/superior-em-servico-social,html,2,2,10,"Fundamentos Históricos, Teóricos e Metodológicos do Serviço Social II",
servico-social,Superior em Serviço Social,Semipresencial,SERV_SEMI,https://sumare.edu.br/graduacao/semi/superior-em-servico-social,html,2,3,11,Questão Social na Sociedade Contemporânea,
servico-social,Superior em Serviço Social,Semipresencial,SERV_SEMI,https://sumare.edu.br/graduacao/semi/superior-em-servico-social,html,2,4,12,Atividade Extensionista - Questão Social,
servico-social,Superior em Serviço Social,Semipresencial,SERV_SEMI,https://sumare.edu.br/graduacao/semi/superior-em-servico-social,html,3,1,13,Psicologia Social,
servico-social,Superior em Serviço Social,Semipresencial,SERV_SEMI,https://sumare.edu.br/graduacao/semi/superior-em-servico-social,html,3,2,14,Antropologia Social,
servico-social,Superior em Serviço Social,Semipresencial,SERV_SEMI,https://sumare.edu.br/graduacao/semi/superior-em-servico-social,html,3,3,15,Ética e Legislação Profissional,
servico-social,Superior em Serviço Social,Semipresencial,SERV_SEMI,https://sumare.edu.br/graduacao/semi/superior-em-servico-social,html,3,4,16,Atividade Extensionista - Fundamentos Básicos para Prática Profissional,
servico-social,Superior em Serviço Social,Semipresencial,SERV_SEMI,https://sumare.edu.br/graduacao/semi/superior-em-servico-social,html,4,1,17,Política Social,
servico-social,Superior em Serviço Social,Semipresencial,SERV_SEMI,https://sumare.edu.br/graduacao/semi/superior-em-servico-social,html,4,2,18,"Ética, Cidadania e Sustentabilidade",
servico-social,Superior em Serviço Social,Semipresencial,SERV_SEMI,https://sumare.edu.br/graduacao/semi/superior-em-servico-social,html,4,3,19,Processo de Trabalho no Serviço Social,
servico-social,Superior em Serviço Social,Semipresencial,SERV_SEMI,https://sumare.edu.br/graduacao/semi/superior-em-servico-social,html,4,4,20,Atividade Extensionista - Políticas Sociais,
servico-social,Superior em Serviço Social,Semipresencial,SERV_SEMI,https://sumare.edu.br/graduacao/semi/superior-em-servico-social,html,5,1,21,Estágio Supervisionado - Serviço Social,
servico-social,Superior em Serviço Social,Semipresencial,SERV_SEMI,https://sumare.edu.br/graduacao/semi/superior-em-servico-social,html,5,2,22,Serviço Social Aplicado e Estágio Supervisionado,
servico-social,Superior em Serviço Social,Semipresencial,SERV_SEMI,https://sumare.edu.br/graduacao/semi/superior-em-servico-social,html,5,3,23,Segmentos Populacionais e Politicas Sociais,
servico-social,Superior em Serviço Social,Semipresencial,SERV_SEMI,https://sumare.edu.br/graduacao/semi/superior-em-servico-social,html,5,4,24,Direitos Humanos e Legislação Social,
servico-social,Superior em Serviço Social,Semipresencial,SERV_SEMI,https://sumare.edu.br/graduacao/semi/superior-em-servico-social,html,5,5,25,Atividade Extensionista - Legislação Social,
servico-social,Superior em Serviço Social,Semipresencial,SERV_SEMI,https://sumare.edu.br/graduacao/semi/superior-em-servico-social,html,6,1,26,Assistência Social e Previdência Social,
servico-social,Superior em Serviço Social,Semipresencial,SERV_SEMI,https://sumare.edu.br/graduacao/semi/superior-em-servico-social,html,6,2,27,Políticas de Saúde e Educação,
servico-social,Superior em Serviço Social,Semipresencial,SERV_SEMI,https://sumare.edu.br/graduacao/semi/superior-em-servico-social,html,6,3,28,Economia Política,
servico-social,Superior em Serviço Social,Semipresencial,SERV_SEMI,https://sumare.edu.br/graduacao/semi/superior-em-servico-social,html,6,4,29,Atividade Extensionista - Economia e Políticas Públicas,
servico-social,Superior em Serviço Social,Semipresencial,SERV_SEMI,https://sumare.edu.br/graduacao/semi/superior-em-servico-social,html,7,1,30,Trabalho de Conclusão de Curso I,
servico-social,Superior em Serviço Social,Semipresencial,SERV_SEMI,https://sumare.edu.br/graduacao/semi/superior-em-servico-social,html,7,2,31,Metodologia Científica e Pesquisa em Serviço Social,
servico-social,Superior em Serviço Social,Semipresencial,SERV_SEMI,https://sumare.edu.br/graduacao/semi/superior-em-servico-social,html,7,3,32,Serviço Social e Família,
servico-social,Superior em Serviço Social,Semipresencial,SERV_SEMI,https://sumare.edu.br/graduacao/semi/superior-em-servico-social,html,8,1,33,Trabalho de Conclusão de Curso II,
servico-social,Superior em Serviço Social,Semipresencial,SERV_SEMI,https://sumare.edu.br/graduacao/semi/superior-em-servico-social,html,8,2,34,Estatística e Indicadores Sociais,
servico-social,Superior em Serviço Social,Semipresencial,SERV_SEMI,https://sumare.edu.br/graduacao/semi/superior-em-servico-social,html,8,3,35,Planejamento e Gestão em Serviço Social,
servico-social,Superior em Serviço Social,Semipresencial,SERV_SEMI,https://sumare.edu.br/graduacao/semi/superior-em-servico-social,html,8,4,36,Serviço Social em Organizações,