curso_id,curso_nome,modalidade,codigo_api,url_pagina,fonte_dados,total_disciplinas,total_paginas,disciplinas_lista,texto_intro_secao,ok
administracao,Administração,EAD,ADM_EAD,https://sumare.edu.br/graduacao/ead/administracao,api,39,8,Administração Contemporânea | Atividade Extensionista - Gestão Empresarial | Comunicação e Marketing | Contabilidade | Tecnologia e Sociedade | Estatística Aplicada | Atividade Extensionista - Recursos Financeiros e Humanos | Matemática Financeira | Legislação Trabalhista | Sustentabilidade e Responsabilidade Social | Análise das Demonstrações Financeiras | Atividade Extensionista - Gestão por Competência e Análise de Dados | Economia | Administração de Pessoal e Cálculos Trabalhistas | Filosofia | Logística | Atividade Extensionista - Gestão Operacional | Finanças Corporativas e Riscos Financeiros | Teorias Organizacionais | Comportamento nas Organizações | Marketing de Serviços | Recursos Humanos | Planejamento Orçamentário | Lógica e Interpretação de Dados | Administração da Produção | Direito Público e Privado | Gestão de Custos e Preços | Governança Corporativa | Gestão de Pessoas | Inovação e Empreendedorismo | Controladoria | Direito Empresarial | Gestão Ambiental nas Empresas | ATC | Estágio Obrigatório | PPI | Plano de Negócios | Tópicos de Gestão | Aplicação e Análise de Casos,"As disciplinas de cada curso da Sumaré são concebidas pelo NDE (Núcleo Docente Estruturante), que é composto por professores com notório saber, que além da DCN (Diretrizes Curriculares Nacionais) de cada curso, levam em consideração as pautas mais importantes do mercado de trabalho, ou seja, o que você aprende na Sumaré você usa na prática!",sim
administracao,Administração,Presencial,},https://sumare.edu.br/graduacao/presencial/administracao,html,0,0,,"As disciplinas de cada curso da Sumaré são concebidas pelo NDE (Núcleo Docente Estruturante), que é composto por professores com notório saber, que além da DCN (Diretrizes Curriculares Nacionais) de cada curso, levam em consideração as pautas mais importantes do mercado de trabalho, ou seja, o que você aprende na Sumaré você usa na prática!",nao
analise-e-desenvolvimento-de-sistemas,Análise e Desenvolvimento de Sistemas,EAD,ADS_EAD,https://sumare.edu.br/graduacao/ead/analise-e-desenvolvimento-de-sistemas,api,32,5,Arquitetura de Computadores | Atividade Extensionista - Tópicos da Computação | Redes de Computadores e Telecomunicação | Sistemas Operacionais | Desenvolvimento para WEB | Tecnologia e Sociedade | Algoritmos | Atividade Extensionista - Programação WEB | Banco de Dados | Paradigmas e Linguagem de Programação | Programação em Banco de Dados | Sustentabilidade e Responsabilidade social | Gestão de Projetos | Atividade Extensionista - Administração de Sistemas | Engenharia de Software | Qualidade de Software | Segurança da Informação | Empreendedorismo | Laboratório de Programação | Atividade Extensionista - Técnicas de Programação | Programação Paralela e Concorrente | Estrutura de Dados | Programação Orientada a Objetos | Comportamento nas Organizações | Interface Humano-Computador | Atividade Extensionista - Projeto de Sistemas | ATC | Estágio Obrigatório | PPI | Probabilidade e Estatística | Análise de Projeto de Sistemas | Mineração de Dados,"As disciplinas de cada curso da Sumaré são concebidas pelo NDE (Núcleo Docente Estruturante), que é composto por professores com notório saber, que além da DCN (Diretrizes Curriculares Nacionais) de cada curso, levam em consideração as pautas mais importantes do mercado de trabalho, ou seja, o que você aprende na Sumaré você usa na prática!",sim
arquitetura-e-urbanismo,Arquitetura e Urbanismo,EAD,ARUB_EAD,https://sumare.edu.br/graduacao/ead/arquitetura-e-urbanismo,html,49,10,"Bem-Vindo ao AVA Sumaré | Conheça seu Tutor | Conheça seu curso - Arquitetura e Urbanismo | Artesanato e Cultura Brasileira | Teoria e História da Arquitetura I | Teoria e História da Arquitetura II | Projeto Arquitetônico | Atividade Extensionista - Teoria e História da Arquitetura | Biblioteca Virtual | Teoria do Urbanismo | Estudos da Cidade | Topografia | Ética e Sociologia | Atividade Extensionista - Topografia | Teoria e História do Paisagismo | Desenho Artístico e Arquitetônico | Diversidade Étnico-Cultural | Paisagismo e Composição Paisagística | Atividade Extensionista - Paisagismo | História das Artes e Estética | Expressão Gráfica e Geometria Descritiva | Representação Gráfica | Informática Aplicada a Arquitetura | Atividade Extensionista - História das Artes e Estética | Estágio Supervisionado - Arquitetura e Engenharia | Resistência dos Materiais | Materiais de Construção Civil | Fundações | Construção Civil | Saneamento: pluviais e sanitário | Sistemas prediais elétricos | Estruturas Metálicas, de Madeira e Pré-Fabricadas | Concreto Armado | Custos e planejamentos | Gestão Ambiental e Meio Ambiente | Conforto Ambiental: Luminotécnica e Ergonomia | Conforto Ambiental: Térmico e Climático | Conforto Ambiental: Acústico | Planejamento e mobilidade urbanos | Projeto de Interiores | Teoria do Restauro e do Patrimônio | Arquitetura Sustentável | Legislação Urbana | Trabalho de Conclusão de Curso : Projetos | Segurança do Trabalho e Saúde Ocupacional | Gestão de Resíduos | Gestão de Projetos | Trabalho de Conclusão de Curso : Aplicação | Empreendedorismo e Inovação","As disciplinas de cada curso da Sumaré são concebidas pelo NDE (Núcleo Docente Estruturante), que é composto por professores com notório saber, que além da DCN (Diretrizes Curriculares Nacionais) de cada curso, levam em consideração as pautas mais importantes do mercado de trabalho, ou seja, o que você aprende na Sumaré você usa na prática!",sim
arquitetura-e-urbanismo,Arquitetura e Urbanismo,Semipresencial,ARUB_SEMI,https://sumare.edu.br/graduacao/semi/arquitetura-e-urbanismo,html,54,10,"Bem-Vindo ao AVA Sumaré | Conheça seu Tutor | Conheça seu curso - Arquitetura e Urbanismo Semipresencial | Teoria e História da Arquitetura I | Teoria e História da Arquitetura II | Representação Gráfica | Ética e Sociologia | Atividade Extensionista - Teoria e História da Arquitetura | Biblioteca Virtual | Introdução e Fundamentos da Arquitetura e Urbanismo | Estudos da Cidade | História das Artes e Estética | Expressão Gráica e Geometria Descritiva | Atividade Extensionista - Estudos das Cidades | Teoria e História do Paisagismo | Paisagismo e Composição Paisagística | Desenho de Observação | Informática Aplicada a Arquitetura | Atividade Extensionista - Aplicações de Paisagismo | Topografia | Teoria do Urbanismo | Arquitetura Contemporânea | Diversidade Étnico Cultural | Atividade Extensionista - Arquitetura Contemporânea | Estágio Supervisionado - Arquitetura e Engenharia | Resistência dos Materiais | Materiais de Construção Civil | Legislação Urbana | Arquitetura Unifamiliar | Atividade Extensionista - Ediicações Uniffamiliar | Estruturas Metálicas, de Madeira e Pré-Fabricadas | Projeto Arquitetônico Multifamiliar | Fundações e Concreto Armado | Saneamento: Pluviais e Sanitário | Sistemas Prediais Elétricos | Custos e Planejamentos | Atividade Extensionista - Ediicações Multifamiliar | Conforto Ambiental: Térmico e Climático | Conforto Ambiental: Luminotécnica e Ergonomia | Conforto Ambiental: Luz e Acústico | Gestão Ambiental e Meio Ambiente | Atividade Extensionista - Conforto Ambiental | Teoria do Restauro e do Patrimônio | Projeto de Interiores | Planejamento e Mobilidade Urbanos | Arquitetura Sustentável | Atividade Extensionista - Planejamento e Arquitetura Sustentável | Trabalho de Conclusão de Curso : Projetos | Gestão de Projetos | Planejamento Ambiental e de Espaços Livres | Atividade Extensionista - Gestão de Projetos | Trabalho de Conclusão de Curso : Aplicação | Segurança do Trabalho e Saúde Ocupacional | Técnicas de Apresentação e Portifólio","As disciplinas de cada curso da Sumaré são concebidas pelo NDE (Núcleo Docente Estruturante), que é composto por professores com notório saber, que além da DCN (Diretrizes Curriculares Nacionais) de cada curso, levam em consideração as pautas mais importantes do mercado de trabalho, ou seja, o que você aprende na Sumaré você usa na prática!",sim
banco-de-dados,Banco de Dados,EAD,BD_EAD,https://sumare.edu.br/graduacao/ead/banco-de-dados,api,32,5,Arquitetura de Computadores | Atividade Extensionista - Tópicos da Computação | Redes de Computadores e Telecomunicação | Sistemas Operacionais | Desenvolvimento para WEB | Tecnologia e Sociedade | Banco de Dados | Atividade Extensionista - Programação WEB | Algoritmos | Gestão de Projetos | Segurança da Informação | Sustentabilidade e Responsabilidade social | Administração de Banco de Dados | Atividade Extensionista - Arquitetura Banco de Dados | Engenharia de Software | Data Werehouse | Backup e Recuperação de Dados | Empreendedorismo | Estrutura de Dados | Atividade Extensionista - Programação em Banco de Dados | Gestão de Sistemas de Informação | Programação em SQL | TI Aplicada aos Negócios | Comportamento nas Organizações | Armazenamento de Dados | Atividade Extensionista - Tópicos Avançados em Banco de Dados | ATC | Estágio Obrigatório | PPI | Inteligência de Negócios | Mineração de Dados | Banco de Dados não Relacional,"As disciplinas de cada curso da Sumaré são concebidas pelo NDE (Núcleo Docente Estruturante), que é composto por professores com notório saber, que além da DCN (Diretrizes Curriculares Nacionais) de cada curso, levam em consideração as pautas mais importantes do mercado de trabalho, ou seja, o que você aprende na Sumaré você usa na prática!",sim
biomedicina,Biomedicina,EAD,BIOM_EAD,https://sumare.edu.br/graduacao/ead/biomedicina,html,45,8,Bem-Vindo ao AVA Sumaré | Conheça seu Tutor | Conheça seu curso - Biomedicina | Biossegurança e Boas Práticas Laboratoriais | Estrutura celular e tecidual: anatomia e citologia | Estrutura celular e tecidual: histologia e embriologia | Aplicação da Biomedicina | Atividade Extensionista - Aplicação da Biomedicina | Coleta de Materiais Biológicos | Biblioteca Virtual | Fisiologia | Química geral / Bioquímica | Sistemas Anatômicos | Estátistica Aplicada à Saúde | Atividade Extensionista - Análise Laboratoriais | Biologia Molecular e Biotecnologia | Atividade Extensionista - Doenças Infecciosas e Parasitárias | Urinalise | Mecanismos de agressão e defesa: Imunologia e Parasitologia | Mecanismos de agressão e defesa: Microbiologia | Filosofia | Genética e Patologia | Parasitologia Clínica | Farmacologia | Atividade Extensionista - Patologia Clínica | Comportamento nas Organizações | Hematologia | Epidemiologia e Saúde Pública | Metodologia Científica | Direito Empresarial | Controle de Qualidade e Gerenciamento Laboratorial | Toxicologia | Microbiologia / Micologia Médica | Relações Étnico-Raciais e Cultura Afro-Bras. e Africana e Indígena | Estágio Supervisionado - Biomedicina | Citopatologia / Citologia Clínica | Saneamento e Análise Ambiental | Imagenologia | Tecnologia e Sociedade | Biomedicina Forence | Bromatologia | Trabalho de Conclusão de Curso | Bioquímica Clinica | Tópicos de Atuação Profissional - Biomedicina | Sustentabilidade e Responsabilidade Social,"As disciplinas de cada curso da Sumaré são concebidas pelo NDE (Núcleo Docente Estruturante), que é composto por professores com notório saber, que além da DCN (Diretrizes Curriculares Nacionais) de cada curso, levam em consideração as pautas mais importantes do mercado de trabalho, ou seja, o que você aprende na Sumaré você usa na prática!",sim
biomedicina,Biomedicina,Presencial,},https://sumare.edu.br/graduacao/presencial/biomedicina,html,0,0,,"As disciplinas de cada curso da Sumaré são concebidas pelo NDE (Núcleo Docente Estruturante), que é composto por professores com notório saber, que além da DCN (Diretrizes Curriculares Nacionais) de cada curso, levam em consideração as pautas mais importantes do mercado de trabalho, ou seja, o que você aprende na Sumaré você usa na prática!",nao
biomedicina,Biomedicina,Semipresencial,BIOM_SEMI,https://sumare.edu.br/graduacao/semi/biomedicina,html,45,8,Bem-Vindo ao AVA Sumaré | Conheça seu Tutor | Conheça seu curso - Biomedicina Semipresencial | Sistemas Anatômicos | Filosofia | Biossegurança e boas Práticas Laboratoriais | Coleta de Materiais Biológicos | Bioquímica Básica | Atividade Extensionista - Aplicação da Biomedicina | Biblioteca Virtual | Citologia | Aplicação da Biomedicina | Estrutura Celular e Tecidual: Histologia e Embriologia | Estatística Aplicada à Saúde | Atividade Extensionista - Análise Laboratoriais | Mecanismos de Agressão e Defesa: Imunologia e Parasitologia | Fisiologia | Mecanismos de Agressão e Defesa: Microbiologia | Biologia Molecular e Biotecnologia | Urinalise | Atividade Extensionista - Doenças Infecciosas e Parasitárias | Comportamento nas Organizações | Genética e Patologia | Parasitologia Clinica | Fundamentos da Farmacologia | Atividade Extensionista - Patologia Clinica | Metodologia Científica | Epidemiologia e Saúde Pública | Hematologia | Direito Empresarial | Controle de Qualidade e Gerenciamento Laboratorial | Microbiologia / Micologia Médica | Relações Étnico-raciais e Cultura Afro-Bras. e Africana e Indigena | Toxicologia | Estágio Supervisionado - Biomedicina | Imagenologia | Citopatologia / Citologia Clinica | Saneamento e Análise Ambiental | Tecnologia e Sociedade | Biomedicina Forense | Bioquimica Clinica | Bromatologia | Tópicos de Atuação Profissional - Biomedicina | Sustentabilidade e Responsabilidade Social | Trabalho de Conclusão de Curso,"As disciplinas de cada curso da Sumaré são concebidas pelo NDE (Núcleo Docente Estruturante), que é composto por professores com notório saber, que além da DCN (Diretrizes Curriculares Nacionais) de cada curso, levam em consideração as pautas mais importantes do mercado de trabalho, ou seja, o que você aprende na Sumaré você usa na prática!",sim
ciencia-da-computacao,Ciência da Computação,EAD,CCOMP_EAD,https://sumare.edu.br/graduacao/ead/ciencia-da-computacao,api,39,8,Arquitetura de Computadores | Atividade Extensionista - Tópicos da Computação | Redes de Computadores e Telecomunicação | Desenvolvimento para WEB | Tecnologia e Sociedade | Banco de Dados | Atividade Extensionista - Programação WEB | Algoritmos | Programação Orientada a Objetos | Sustentabilidade e Responsabilidade social | Segurança da Informação | Atividade Extensionista - Engenharia de Software | Engenharia de Software | Estrutura de Dados | Filosofia | Computação Gráfica Processamento de Imagem | Atividade Extensionista - Computação Gráfica | Probabilidade e Estatística | Teoria da Computação | Comportamento nas Organizações | Compiladores | Paradigmas e Linguagem de Programação | Sistemas Distribuídos | Direito Empresarial | Laboratório de Programação | Matemática Computacional | Teoria dos Grafos | Empreendedorismo | Geometria Analítica e Vetores | Inteligência Artificial | Interface Humano-Computador | Lógica e Interpretação de Dados | Direito Digital | ATC | Estágio Obrigatório | PPI | Linguagens Formais e Autômatos | Programação Concorrente e Paralela | Aplicação e Análise de Casos,"As disciplinas de cada curso da Sumaré são concebidas pelo NDE (Núcleo Docente Estruturante), que é composto por professores com notório saber, que além da DCN (Diretrizes Curriculares Nacionais) de cada curso, levam em consideração as pautas mais importantes do mercado de trabalho, ou seja, o que você aprende na Sumaré você usa na prática!",sim
ciencias-contabeis,Ciências Contábeis,EAD,CCONT_EAD,https://sumare.edu.br/graduacao/ead/ciencias-contabeis,api,39,8,"Administração Contemporânea | Atividade Extensionista - Gestão Empresarial | Comunicação e Marketing | Contabilidade | Tecnologia e Sociedade | Estatística Aplicada | Atividade Extensionista - Recursos Financeiros e Humanos | Matemática Financeira | Legislação Trabalhista | Sustentabilidade e Responsabilidade Social | Análise das Demonstrações Financeiras | Atividade Extensionista - Gestão por Competência e Análise de Dados | Economia | Administração de Pessoal e Cálculos Trabalhistas | Filosofia | Contabilidade Empresarial | Atividade Extensionista - Contabilidade Empresarial | Finanças Corporativas e Riscos Financeiros | Teoria da Contabilidade | Comportamento nas Organizações | Contabilidade de Custos | Planejamento Fiscal e Tributário | Planejamento Orçamentário | Lógica e Interpretação de Dados | Contabilidade Tributária | Contabilidade Pública e Orçamento | Gestão de Custos e Preços | Governança Corporativa | Contabilidade Internacional | Contabilidade Societária | Controladoria | Direito Empresarial | Auditoria | ATC | Estágio Obrigatório | PPI | Avaliação de Empresas | Perícia, Avaliação e Arbitragem | Aplicação e Análise de Casos","As disciplinas de cada curso da Sumaré são concebidas pelo NDE (Núcleo Docente Estruturante), que é composto por professores com notório saber, que além da DCN (Diretrizes Curriculares Nacionais) de cada curso, levam em consideração as pautas mais importantes do mercado de trabalho, ou seja, o que você aprende na Sumaré você usa na prática!",sim
ciencias-contabeis,Ciências Contábeis,Presencial,},https://sumare.edu.br/graduacao/presencial/ciencias-contabeis,html,0,0,,"As disciplinas de cada curso da Sumaré são concebidas pelo NDE (Núcleo Docente Estruturante), que é composto por professores com notório saber, que além da DCN (Diretrizes Curriculares Nacionais) de cada curso, levam em consideração as pautas mais importantes do mercado de trabalho, ou seja, o que você aprende na Sumaré você usa na prática!",nao
ciencias-economicas,Ciências Econômicas,EAD,ECON_EAD,https://sumare.edu.br/graduacao/ead/economia,api,39,8,Administração Contemporânea | Atividade Extensionista - Gestão Empresarial | Economia e Mercado | Contabilidade | Tecnologia e Sociedade | Estatística Aplicada | Atividade Extensionista - Estatística e História Econômica | Matemática Financeira | História Econômica Geral | Sustentabilidade e Responsabilidade Social | Gestão de Pessoas | Atividade Extensionista - Microeconomia e Gestão de Pessoas | Microeconomia | Filosofia | Economia Brasileira | Macroeconomia | Atividade Extensionista - Microeconomia e Finanças | Finanças Corporativas e Riscos Financeiros | Contabilidade Social | Comportamento nas Organizações | Economia Monetária | Estatística Econômica | Microeconomia Empresarial | Lógica e Interpretação de Dados | Econometria | Economia Internacional | Gestão de Custos e Preços | Governança Corporativa | Formação Econômica no Brasil | Economia Política | Finanças Internacionais | Direito Empresarial | Macroeconomia Financeira | Trabalho de Conclusão de Curso | ATC | Estágio Obrigatório | Desenvolvimento socioeconômico | Economia do Setor Público | Aplicação e Análise de Casos,"As disciplinas de cada curso da Sumaré são concebidas pelo NDE (Núcleo Docente Estruturante), que é composto por professores com notório saber, que além da DCN (Diretrizes Curriculares Nacionais) de cada curso, levam em consideração as pautas mais importantes do mercado de trabalho, ou seja, o que você aprende na Sumaré você usa na prática!",sim
direito,Direito,Presencial,DIREITO,https://sumare.edu.br/graduacao/presencial/direito,api,64,10,"Comunicação e Expressão | Metodologia Científica e da Pesquisa | História do Direito - EAD | Introdução ao Estudo do Direito | Introdução à Educação a Distancia - EAD | Ciência Política e Teoria Geral do Estado | Atividade Extensionista - Estudo Básico de Direito | Direito Civil - Parte Geral | Direito Penal I - Parte Geral | Fundamentos Antropológicos e Sociológicos do Direito - EAD | Filosofia Geral e Jurídica | Direito Constitucional I | Psicologia Jurídica - EAD | Atividade Extensionista - Introdução ao Direito Civil, Penal e Constitucional | Direito Penal II (Parte Especial I) | Economia Política - EAD | Direito Civil - Das Obrigações | Direito Constitucional II | Responsabilidade Civil - EAD | Teoria Geral do Processo | Atividade Extensionista - Pilares do Direito Civil, Penal e Constitucional | Direito Penal III (Parte Especial II) | Direito Civil - Dos Contratos | Formas Consesuais de Solução de Conflitos - EAD | Direito Administrativo - EAD | Direito Processual Civil - Conhecimento | Hermenêutica e Argumentação Jurídica | Atividade Extensionista - Hermenêutica, Argumentação Jurídica e Direito Administrativo | Direito Processual Penal I | Direito Processual Civil - Procedimentos Especiais | Direito da Criança e do Adolecente - EAD | Direito do Consumidor | Direito Civil - Das Coisas | Optativa I - EAD | Atividade Extensionista - Direito do Consumidor e Bases do Direito Processual Penal e Civil | Direito Civil - Das Famílias e Das Sucessões | Direito do Trabalho Individual - EAD | Direito Empresarial - EAD | Direito Processual Civil - Execução | Direito Processual Penal II | Prática Jurídica Simulada I - Direito Civil | Atividade Extensionista - Direito do Trabalho, Processual Penal e Civil | Direito Eleitoral - EAD | Direito do Trabalho Coletivo - EAD | Direito Processual Civil - Processos nos Tribunais | Direito Tributário | Prática Jurídica Simulada II - Direito Civil | Atividade Extensionista - Direito Tributário e Eleitoral | Processo do Trabalho | Direito Digital - EAD | Optativa II - EAD | Direito Previdenciário | Prática Jurídica Simulada III - Direito Penal | Atividade Extensionista - Direito Previdenciario e Digital | Deontologia Jurídica - Ética Profissional - EAD | Direito Processual Constitucional | Legislação Penal Extravagante e Execução Penal | Prática Jurídica Simulada IV - Direito Trabalhista | Direito Internacional Público e Privado | Direitos Humanos - EAD | Direito Financeiro e Econômico | Direito Ambiental e Agrário | Trabalho de Conclusão de Curso | ATC","As disciplinas de cada curso da Sumaré são concebidas pelo NDE (Núcleo Docente Estruturante), que é composto por professores com notório saber, que além da DCN (Diretrizes Curriculares Nacionais) de cada curso, levam em consideração as pautas mais importantes do mercado de trabalho, ou seja, o que você aprende na Sumaré você usa na prática!",sim
educacao-fisica-bacharelado,Educação Física - Bacharelado,EAD,ED_F_EAD,https://sumare.edu.br/graduacao/ead/educacao-fisica-bacharelado,html,42,8,"Bem-Vindo ao AVA Sumaré | Conheça seu Tutor | Conheça seu curso - Educação Física - Bacharelado | Abordagens Metodológicas do Ensino de Educação Física | Desenvolvimento e Aprendizagem motora | Educação Física: História, Cenários e Campo de Atuação | Estudo do Movimento: Anatomia Geral e Sistêmica | Atividade Extensionista - Abordagens Iniciais | Biblioteca Virtual | Primeiros Socorros | Dimensões Biológicas da Atividade Motora | Estudo do Movimento: Anatomia Neuromúsculoesquelético | Estudo do Movimento Fisiologia Humana | Atividade Extensionista - Anatomia e Fisiologia | Estudo do Movimento: Cinesiologia | Bioquímica | Estudo do Movimento: Fisiologia do Exercício | Atividade Extensionista - Cinesiologia | Manifestação da Ginástica | Voleibol | Atividade Extensionista - Esportes Coletivos | Basquetebol | Futebol e Futsal | Handebol | Medidas e Avaliação na Educação Física | Práticas de Condicionamento Físico | Musculação | Atividades Aquáticas | Estágio Supervisionado - Educação Física Bacharelado | Ritmo e expressão corporal | Treinamento Desportivo | Esportes de Combate | Ginástica Laboral e Postural | Gestão, Legislação e Políticas Públicas de Esporte e Lazer | Esportes Adaptados e Inclusão Social | Meio Ambiente, Direitos Humanos, Diversidade e Ética na Educação Física | Treinamento para Terceira Idade | Trabalho de Conclusão de Curso | Empreendedorismo e Inovação | Biomecânica dos Esportes e Nutrição Esportiva | Exercício Físicos e Jogos para Crianças e Jovens | Psicologia do Esporte","As disciplinas de cada curso da Sumaré são concebidas pelo NDE (Núcleo Docente Estruturante), que é composto por professores com notório saber, que além da DCN (Diretrizes Curriculares Nacionais) de cada curso, levam em consideração as pautas mais importantes do mercado de trabalho, ou seja, o que você aprende na Sumaré você usa na prática!",sim
educacao-fisica-bacharelado,Educação Física - Bacharelado,Semipresencial,ED_F_SEMI,https://sumare.edu.br/graduacao/semi/educacao-fisica-bacharelado,html,44,8,"Bem-Vindo ao AVA Sumaré | Conheça seu Tutor | Conheça seu curso - Educação Física - Bacharelado Semipresencial | Abordagens Metodológicas do Ensino de Educação Física | Desenvolvimento e Aprendizagem Motora | Educação Física: História, Cenários e Campo de Atuação | Estudo do Movimento: Anatomia Geral e Sistêmica - Sistemas Anatômicos | Atividade Extensionista - Abordagens Iniciais | Biblioteca Virtual | Dimensões Biológicas da Atividade Motora | Estudo do Movimento: Fisiologia Humana | Estudo do Movimento: Anatomia Neuro Músculo Esquelético | Primeiros Socorros | Atividade Extensionista - Anatomia e Fisiologia | Bioquímica Básica | Estudo do Movimento: Cinesiologia | Estudo do Movimento: Fisiologia do Exercício | Manifestação da Ginástica | Atividade Extensionista - Cinesiologia | Basquetebol | Futebol e Futsal | Handebol | Voleibol | Atividade Extensionista - Esportes Coletivos | Atividades Aquáticas | Medidas e Avaliação na Educação Física | Musculação | Práticas de Condicionamento Físico | Atividade Extensionista - Musculação e Condicionamento Físico | Estágio Supervisionado - Educação Física Bacharelado | Esportes de Combate | Ginástica Laboral e Postural | Ritmo e Expressão Corporal | Treinamento Desportivo | Atividade Extensionista - Ginástica e Esportes de Combate | Esportes Adaptados e Inclusão Social | Treinamento para Terceira Idade | Gestão, Legislação e Políticas Públicas de Esporte e Lazer | Meio Ambiente, Direitos Humanos, Diversidade e Ética na Educação Física | Biomecânica dos Esportes e Nutrição Esportiva | Empreendedorismo e Inovação | Psicologia do Esporte | Exercício Físicos e Jogos para Crianças e Jovens | Trabalho de Conclusão de Curso","As disciplinas de cada curso da Sumaré são concebidas pelo NDE (Núcleo Docente Estruturante), que é composto por professores com notório saber, que além da DCN (Diretrizes Curriculares Nacionais) de cada curso, levam em consideração as pautas mais importantes do mercado de trabalho, ou seja, o que você aprende na Sumaré você usa na prática!",sim
educacao-fisica-licenciatura,Educação Física - Licenciatura,EAD,EDFL_EAD,https://sumare.edu.br/graduacao/ead/educacao-fisica-licenciatura,html,41,8,"Bem-Vindo ao AVA Sumaré | Conheça seu Tutor | Conheça seu curso - Educação Física - Licenciatura | Abordagens Metodológicas do Ensino de Educação Física | Desenvolvimento e Aprendizagem motora | Educação Física: História, Cenários e Campo de Atuação | Estudo do Movimento: Anatomia Geral e Sistêmica | Atividade Extensionista - Abordagens Iniciais | Biblioteca Virtual | Primeiros Socorros | Dimensões Biológicas da Atividade Motora | Estudo do Movimento: Anatomia Neuromúsculoesquelético | Estudo do Movimento Fisiologia Humana | Atividade Extensionista - Anatomia e Fisiologia | Estudo do Movimento: Cinesiologia | Bioquímica | Estudo do Movimento: Fisiologia do Exercício | Atividade Extensionista - Cinesiologia | Manifestação da Ginástica | Voleibol | Atividade Extensionista - Esportes Coletivos | Basquetebol | Futebol e Futsal | Handebol | Psicologia do Desenvolvimento | Ritmo e Expressão Corporal | Natação | Introdução aos Proc. Educacionais e Pedagogia do Esporte | Educação Física na Educação Infantil: Prática Docente | Educação Física nos Primeiros Anos Ensino Fundamental: Prática Docente | Educação Física na Educação de Jovens e Adultos: Prática Docente | Educação Física para Ensino Médio | Avaliação da Aprendizagem | Educação Física Inclusiva e Esportes Adaptados | Didática e Planejamento na Educação Física | Meio Ambiente, Diversidade, Ética e Temas Transversais na Educação Física Escolar | Trabalho de Conclusão de Curso | Língua Brasileira de Sinais - LIBRAS | Gestão educacional | Políticas Públicas e Organização na Educação Básica | Sociedade, Cultura e Cidadania","As disciplinas de cada curso da Sumaré são concebidas pelo NDE (Núcleo Docente Estruturante), que é composto por professores com notório saber, que além da DCN (Diretrizes Curriculares Nacionais) de cada curso, levam em consideração as pautas mais importantes do mercado de trabalho, ou seja, o que você aprende na Sumaré você usa na prática!",sim
educacao-fisica-licenciatura,Educação Física - Licenciatura,Semipresencial,EDFL_SEMI,https://sumare.edu.br/graduacao/semi/educacao-fisica-licenciatura,html,48,8,"Bem-Vindo ao AVA Sumaré | Conheça seu Tutor | Conheça seu curso - Educação Física - Licenciatura Semipresencial | Abordagens Metodológicas do Ensino de Educação Física | Desenvolvimento e Aprendizagem Motora | Educação Física: História, Cenários e Campo de Atuação | Estudo do Movimento: Anatomia Geral e Sistêmica - Sistemas Anatômicos | História da Educação | Atividade Extensionista - Abordagens Iniciais | Biblioteca Virtual | PAAS - Língua Portuguesa | PAAS - Matemática | PAAS - Informática Básica | Dimensões Biológicas da Atividade Motora | Estudo do Movimento: Fisiologia Humana | Estudo do Movimento: Anatomia Neuro Músculo Esquelético | Primeiros Socorros | Didática | Atividade Extensionista - Anatomia e Fisiologia | Bioquímica Básica | Estudo do Movimento: Cinesiologia | Estudo do Movimento: Fisiologia do Exercício | Manifestação da Ginástica | Psicologia da Educação e do Desenvolvimento | Atividade Extensionista - Cinesiologia | Basquetebol | Futebol e Futsal | Handebol | Voleibol | Educação de Jovens e Adultos - EJA | Atividade Extensionista - Esportes Coletivos | Estágio Supervisionado - Educação Física Licenciatura | Natação | Ritmo e Expressão Corporal | Introdução aos Proc. Educacionais e Pedagogia do Esporte | Meio Ambiente, Diversidade, Ética e Temas Transversais na Educação Física Escolar | Avaliação da Aprendizagem | Produção Discursiva: Oralidade e Escrita no Ensino Superior | Educação Física na Educação Infantil: Prática Docente | Educação Física nos Primeiros Anos Ensino Fundamental: Prática Docente | Educação Física para Ensino Médio | Organização da Educação Básica e o Currículo | Educação Inclusiva, Ética e Direitos Humanos | Língua Brasileira de Sinais - LIBRAS | Educação Física Inclusiva e Esportes Adaptados | Fundamentos da Interdisciplinaridade | Sociedade, Cultura e Cidadania | Trabalho de Conclusão de Curso","As disciplinas de cada curso da Sumaré são concebidas pelo NDE (Núcleo Docente Estruturante), que é composto por professores com notório saber, que além da DCN (Diretrizes Curriculares Nacionais) de cada curso, levam em consideração as pautas mais importantes do mercado de trabalho, ou seja, o que você aprende na Sumaré você usa na prática!",sim
engenharia-civil,Engenharia Civil,EAD,ENGC_EAD,https://sumare.edu.br/graduacao/ead/engenharia-civil,html,51,10,"Bem-Vindo ao AVA Sumaré | Conheça seu Tutor | Conheça seu curso - Engenharia Civil | Raciocínio Lógico Matemático | Física Cinemática | Algoritmos e Noções de Programação | Leitura e Interpretação de Textos | Atividade Extensionista - Lógica na Engenharia | Biblioteca Virtual | Física de Ondas e Calorimetria | Geometria Analítica e Álgebra Linear | Química Geral | Estudos Culturais e Antropológicos | Atividade Extensionista - Aplicações da Engenharia | Física Eletromagnética | Cálculo Diferencial e Integral | Cálculo Numérico e Estatístico | Atividade Extensionista - Aplicações de Cálculo | Empreendedorismo | Fenômenos de Transportes | Desenho Técnico | Ciências dos Materiais | Sociologia Industrial | Resistência dos Materiais | Atividade Extensionista - Resistência dos Materiais | Estágio Supervisionado - Arquitetura e Engenharia | Teoria das Estruturas | Mecânica dos Fluidos | Materiais de Construção Civil | Construção Civil | Topografia | Geotecnica I: Introdução | Geotecnia II: Aplicação | Concreto Armado | Gestão de Obras | Hidráulica | Saneamento: pluviais e sanitário | Sistemas prediais elétricos | Fundações | Instalações hidrossanitárias, de gás e combate a incêndios | Planejamento e mobilidade urbanos | Análise Econômica de Investimentos | Estruturas Metálicas e de Madeira | Pontes e grandes estruturas | Projeto e construção de estradas e ferrovias | Trabalho de Conclusão de Curso : Projetos | Gestão Ambiental | Gestão de Projetos | Industria 4.0 | Segurança do Trabalho e Saúde Ocupacional | Trabalho de Conclusão de Curso : Aplicação","As disciplinas de cada curso da Sumaré são concebidas pelo NDE (Núcleo Docente Estruturante), que é composto por professores com notório saber, que além da DCN (Diretrizes Curriculares Nacionais) de cada curso, levam em consideração as pautas mais importantes do mercado de trabalho, ou seja, o que você aprende na Sumaré você usa na prática!",sim
engenharia-civil,Engenharia Civil,Semipresencial,ENGC_SEMI,https://sumare.edu.br/graduacao/semi/engenharia-civil,html,56,10,"Bem-Vindo ao AVA Sumaré | Conheça seu Tutor | Conheça seu curso - Engenharia Civil Semipresencial | Raciocínio Lógico Matemático | Física Cinemática | Algoritmos e Noções de Programação | Leitura e Interpretação de Textos | Atividade Extensionista - Lógica na Engenharia | Biblioteca Virtual | Geometria Analítica e Álgebra Linear | Física de Ondas e Calorimetria | Química Geral | Estudos Culturais e Antropológicos | Atividade Extensionista - Aplicações da Engenharia | Cálculo Diferencial e Integral | Cálculo Numérico e Estatístico | Física Eletromagnética | Empreendedorismo | Atividade Extensionista - Aplicações de Cálculo | Desenho Técnico | Resistência dos Materiais | Fenômenos de Transportes | Ciências dos Materiais | Sociologia Industrial | Atividade Extensionista - Resistência dos Materiais | Estágio Supervisionado - Arquitetura e Engenharia | Mecânica dos Fluidos | Teoria das Estruturas | Materiais de Construção Civil | Construção Civil | Atividade Extensionista - Construção Civil | Geotecnica I: Introdução | Geotecnia II: Aplicação | Topografia | Concreto Armado I | Gestão de Obras | Atividade Extensionista - Geotecnica | Pontes e Grandes Estruturas | Estruturas Metálicas e de Madeira | Projeto e Construção de Estradas e Ferrovias | Concreto Armado II | Análise Econômica de Investimentos | Atividade Extensionista - Grandes Estruturas | Fundações | Hidráulica | Saneamento: Pluviais e Sanitário | Instalações Hidrossanitárias, de Gás e Combate a Incêndios | Sistemas Prediais Elétricos | Atividade Extensionista - Hidráulica | Trabalho de Conclusão de Curso : Projetos | Gestão de Projetos | Gestão Ambiental | Atividade Extensionista - Gestão de Projetos | Trabalho de Conclusão de Curso : Aplicação | Segurança do Trabalho e Saúde Ocupacional | Industria 4.0","As disciplinas de cada curso da Sumaré são concebidas pelo NDE (Núcleo Docente Estruturante), que é composto por professores com notório saber, que além da DCN (Diretrizes Curriculares Nacionais) de cada curso, levam em consideração as pautas mais importantes do mercado de trabalho, ou seja, o que você aprende na Sumaré você usa na prática!",sim
engenharia-de-producao,Engenharia de Produção,EAD,ENGP_EAD,https://sumare.edu.br/graduacao/ead/engenharia-de-producao,html,50,10,"Bem-Vindo ao AVA Sumaré | Conheça seu Tutor | Conheça seu curso - Engenharia de Produção | Raciocínio Lógico Matemático | Física Cinemática | Algoritmos e Noções de Programação | Leitura e Interpretação de Textos | Atividade Extensionista - Lógica na Engenharia | Biblioteca Virtual | Física de Ondas e Calorimetria | Geometria Analítica e Álgebra Linear | Química Geral | Estudos Culturais e Antropológicos | Atividade Extensionista - Aplicações da Engenharia | Física Eletromagnética | Cálculo Diferencial e Integral | Cálculo Numérico e Estatístico | Atividade Extensionista - Aplicações de Cálculo | Empreendedorismo | Fenômenos de Transportes | Desenho Técnico | Ciências dos Materiais | Sociologia Industrial | Resistência dos Materiais | Atividade Extensionista - Resistência dos Materiais | Estágio Supervisionado - Arquitetura e Engenharia | Engenharia de Produto | Sistemas de Produção | Controle Estatístico de Processos | Engenharia de qualidade, normalização e certificação | Pesquisa Operacional | Engenharia de Métodos | Gestão dos custos industriais | Processos de fabricação | Gestão da tecnologia e sistemas de informação gerenciais | Comportamento Humano nas Organizações | Metrologia | Engenharia de manutenção e confiabilidade | Planejamento e Controle da Produção | Gestão de Pessoas | Análise Econômica de Investimentos | Automação industrial e sistemas de manufatura | Projeto de fábrica e layout | Logística e suprimentos | Trabalho de Conclusão de Curso : Projetos | Gestão Ambiental | Gestão de Projetos | Industria 4.0 | Segurança do Trabalho e Saúde Ocupacional | Trabalho de Conclusão de Curso : Aplicação","As disciplinas de cada curso da Sumaré são concebidas pelo NDE (Núcleo Docente Estruturante), que é composto por professores com notório saber, que além da DCN (Diretrizes Curriculares Nacionais) de cada curso, levam em consideração as pautas mais importantes do mercado de trabalho, ou seja, o que você aprende na Sumaré você usa na prática!",sim
engenharia-de-producao,Engenharia de Produção,Semipresencial,ENGP_SEMI,https://sumare.edu.br/graduacao/semi/engenharia-de-producao,html,56,10,"Bem-Vindo ao AVA Sumaré | Conheça seu Tutor | Conheça seu curso - Engenharia de Produção Semipresencial | Raciocínio Lógico Matemático | Física Cinemática | Algoritmos e Noções de Programação | Leitura e Interpretação de Textos | Atividade Extensionista - Lógica na Engenharia | Biblioteca Virtual | Geometria Analítica e Álgebra Linear | Física de Ondas e Calorimetria | Química Geral | Estudos Culturais e Antropológicos | Atividade Extensionista - Aplicações da Engenharia | Cálculo Diferencial e Integral | Cálculo Numérico e Estatístico | Física Eletromagnética | Empreendedorismo | Atividade Extensionista - Aplicações de Cálculo | Desenho Técnico | Resistência dos Materiais | Fenômenos de Transportes | Ciências dos Materiais | Sociologia Industrial | Atividade Extensionista - Resistência dos Materiais | Estágio Supervisionado - Arquitetura e Engenharia | Sistemas de Produção | Engenharia de Produto | Controle Estatístico de Processos | Engenharia de Qualidade, Normalização e Certificação | Atividade Extensionista - Engenharia de Qualidade | Pesquisa Operacional | Engenharia de Métodos | Gestão dos Custos Industriais | Processos de Fabricação | Gestão da Tecnologia e Sistemas de Informação Gerenciais | Atividade Extensionista - Gestão de Custos Industriais | Metrologia | Engenharia de Manutenção e Confiabilidade | Planejamento e Controle da Produção | Comportamento Humano nas Organizações | Sistemas de Controle | Atividade Extensionista - Planejamento e Controle de Produção | Análise Econômica de Investimentos | Automação Industrial e Sistemas de Manufatura | Projeto de Fábrica e Layout | Logística e Suprimentos | Gestão de Pessoas | Atividade Extensionista - Logistica e Suprimentos | Trabalho de Conclusão de Curso : Projetos | Gestão de Projetos | Gestão Ambiental | Atividade Extensionista - Gestão de Projetos | Trabalho de Conclusão de Curso : Aplicação | Segurança do Trabalho e Saúde Ocupacional | Industria 4.0","As disciplinas de cada curso da Sumaré são concebidas pelo NDE (Núcleo Docente Estruturante), que é composto por professores com notório saber, que além da DCN (Diretrizes Curriculares Nacionais) de cada curso, levam em consideração as pautas mais importantes do mercado de trabalho, ou seja, o que você aprende na Sumaré você usa na prática!",sim
engenharia-eletrica,Engenharia Elétrica,EAD,ENGE_EAD,https://sumare.edu.br/graduacao/ead/engenharia-eletrica,html,51,10,Bem-Vindo ao AVA Sumaré | Conheça seu Tutor | Conheça seu curso - Engenharia Elétrica | Raciocínio Lógico Matemático | Física Cinemática | Algoritmos e Noções de Programação | Leitura e Interpretação de Textos | Atividade Extensionista - Lógica na Engenharia | Biblioteca Virtual | Física de Ondas e Calorimetria | Geometria Analítica e Álgebra Linear | Química Geral | Estudos Culturais e Antropológicos | Atividade Extensionista - Aplicações da Engenharia | Física Eletromagnética | Cálculo Diferencial e Integral | Cálculo Numérico e Estatístico | Atividade Extensionista - Aplicações de Cálculo | Empreendedorismo | Fenômenos de Transportes | Desenho Técnico | Ciências dos Materiais | Sociologia Industrial | Resistência dos Materiais | Atividade Extensionista - Resistência dos Materiais | Estágio Supervisionado - Arquitetura e Engenharia | Eletrotécnica | Circuitos Elétricos | Materiais Elétricos | Sistemas digitais | Eletromagnetismo | Eletrônica | Instalações elétricas | Conversação eletromecânica de energia | Energia elétrica: Geração e gestão | Análise de circuitos elétricos de corrente alternada | Análise de sinais e sistemas lineares | Princípios de comunicação de dados | Eletrônica de potência | Sistemas de controle | Sistemas Elétricos de Potência | Análise Econômica de Investimentos | Máquinas elétricas e acionamentos | Instrumentação e automação industrial | Proteção de sistemas elétricos | Trabalho de Conclusão de Curso : Projetos | Gestão Ambiental | Gestão de Projetos | Industria 4.0 | Segurança do Trabalho e Saúde Ocupacional | Trabalho de Conclusão de Curso : Aplicação,"As disciplinas de cada curso da Sumaré são concebidas pelo NDE (Núcleo Docente Estruturante), que é composto por professores com notório saber, que além da DCN (Diretrizes Curriculares Nacionais) de cada curso, levam em consideração as pautas mais importantes do mercado de trabalho, ou seja, o que você aprende na Sumaré você usa na prática!",sim
engenharia-eletrica,Engenharia Elétrica,Semipresencial,ENGE_SEMI,https://sumare.edu.br/graduacao/semi/engenharia-eletrica,html,56,10,Bem-Vindo ao AVA Sumaré | Conheça seu Tutor | Conheça seu curso - Engenharia Elétrica Semipresencial | Raciocínio Lógico Matemático | Física Cinemática | Algoritmos e Noções de Programação | Leitura e Interpretação de Textos | Atividade Extensionista - Lógica na Engenharia | Biblioteca Virtual | Geometria Analítica e Álgebra Linear | Física de Ondas e Calorimetria | Química Geral | Estudos Culturais e Antropológicos | Atividade Extensionista - Aplicações da Engenharia | Cálculo Diferencial e Integral | Cálculo Numérico e Estatístico | Física Eletromagnética | Empreendedorismo | Atividade Extensionista - Aplicações de Cálculo | Desenho Técnico | Resistência dos Materiais | Fenômenos de Transportes | Ciências dos Materiais | Sociologia Industrial | Atividade Extensionista - Resistência dos Materiais | Estágio Supervisionado - Arquitetura e Engenharia | Eletrotécnica | Materiais Elétricos | Sistemas Digitais | Circuitos Elétricos | Atividade Extensionista - Circuitos Elétricos | Eletromagnetismo | Eletrônica | Instalações Elétricas | Conversação Eletromecânica de Energia | Energia Elétrica: Geração e Gestão | Atividade Extensionista - Instalações Elétricas | Análise de Circuitos Elétricos de Corrente Alternada | Análise de Sinais e Sistemas Lineares | Princípios de Comunicação de Dados | Eletrônica de Potência | Sistemas de Controle | Atividade Extensionista - Eletrônica de Potência | Análise Econômica de Investimentos | Sistemas Elétricos de Potência | Máquinas Elétricas e Acionamentos | Instrumentação e Automação Industrial | Proteção de Sistemas Elétricos | Atividade Extensionista - Maquinas Eletricas e Acionamentos | Trabalho de Conclusão de Curso : Projetos | Gestão de Projetos | Gestão Ambiental | Atividade Extensionista - Gestão de Projetos | Trabalho de Conclusão de Curso : Aplicação | Segurança do Trabalho e Saúde Ocupacional | Industria 4.0,"As disciplinas de cada curso da Sumaré são concebidas pelo NDE (Núcleo Docente Estruturante), que é composto por professores com notório saber, que além da DCN (Diretrizes Curriculares Nacionais) de cada curso, levam em consideração as pautas mais importantes do mercado de trabalho, ou seja, o que você aprende na Sumaré você usa na prática!",sim
engenharia-mecanica,Engenharia Mecânica,EAD,ENGM_EAD,https://sumare.edu.br/graduacao/ead/engenharia-mecanica,html,49,10,Bem-Vindo ao AVA Sumaré | Conheça seu Tutor | Conheça seu curso - Engenharia Mecânica | Raciocínio Lógico Matemático | Física Cinemática | Algoritmos e Noções de Programação | Leitura e Interpretação de Textos | Atividade Extensionista - Lógica na Engenharia | Biblioteca Virtual | Física de Ondas e Calorimetria | Geometria Analítica e Álgebra Linear | Química Geral | Estudos Culturais e Antropológicos | Atividade Extensionista - Aplicações da Engenharia | Física Eletromagnética | Cálculo Diferencial e Integral | Cálculo Numérico e Estatístico | Atividade Extensionista - Aplicações de Cálculo | Empreendedorismo | Fenômenos de Transportes | Desenho Técnico | Ciências dos Materiais | Sociologia Industrial | Resistência dos Materiais | Atividade Extensionista - Resistência dos Materiais | Estágio Supervisionado - Arquitetura e Engenharia | Teoria das Estruturas | Termodinâmica | Metrologia | Mecânica dos Fluidos | Elementos de Máquinas | Projeto Mecânico Auxiliado por Computador (CAD) | Processos de Usinagem dos Materiais | Maquinas térmicas | Manutenção industrial | Sistemas hidráulicos e pneumáticos | Engenharia de Produto | Fundição e Soldagem | Sistemas de Ventilação e Ar Condicionado | Instrumentação | Vibrações Mecânicas | Máquinas Operatrizes e de Fluxo | Análise Econômica de Investimentos | Trabalho de Conclusão de Curso : Projetos | Gestão Ambiental | Gestão de Projetos | Industria 4.0 | Segurança do Trabalho e Saúde Ocupacional | Trabalho de Conclusão de Curso : Aplicação,"As disciplinas de cada curso da Sumaré são concebidas pelo NDE (Núcleo Docente Estruturante), que é composto por professores com notório saber, que além da DCN (Diretrizes Curriculares Nacionais) de cada curso, levam em consideração as pautas mais importantes do mercado de trabalho, ou seja, o que você aprende na Sumaré você usa na prática!",sim
engenharia-mecanica,Engenharia Mecânica,Semipresencial,ENGM_SEMI,https://sumare.edu.br/graduacao/semi/engenharia-mecanica,html,54,10,Bem-Vindo ao AVA Sumaré | Conheça seu Tutor | Conheça seu curso - Engenharia Mecânica Semipresencial | Raciocínio Lógico Matemático | Física Cinemática | Algoritmos e Noções de Programação | Leitura e Interpretação de Textos | Atividade Extensionista - Lógica na Engenharia | Biblioteca Virtual | Geometria Analítica e Álgebra Linear | Física de Ondas e Calorimetria | Química Geral | Estudos Culturais e Antropológicos | Atividade Extensionista - Aplicações da Engenharia | Cálculo Diferencial e Integral | Cálculo Numérico e Estatístico | Física Eletromagnética | Empreendedorismo | Atividade Extensionista - Aplicações de Cálculo | Desenho Técnico | Resistência dos Materiais | Fenômenos de Transportes | Ciências dos Materiais | Sociologia Industrial | Atividade Extensionista - Resistência dos Materiais | Estágio Supervisionado - Arquitetura e Engenharia | Mecânica dos Fluidos | Teoria das Estruturas | Termodinâmica | Metrologia | Atividade Extensionista - Termodinâmica | Elementos de Máquinas | Projeto Mecânico Auxiliado por Computador (CAD) | Processos de Usinagem dos Materiais | Maquinas Térmicas | Atividade Extensionista - Processo de Usinagem | Manutenção Industrial | Sistemas Hidráulicos e Pneumáticos | Fundição e Soldagem | Engenharia de Produto | Atividade Extensionista - Sistemas Hidráulicos e Pneumáticos | Análise Econômica de Investimentos | Instrumentação | Vibrações Mecânicas | Sistemas de Ventilação e Ar Condicionado | Máquinas Operatrizes e de Fluxo | Atividade Extensionista - Sistemas de Ventilação e Ar Condicionado | Trabalho de Conclusão de Curso : Projetos | Gestão de Projetos | Gestão Ambiental | Atividade Extensionista - Gestão de Projetos | Trabalho de Conclusão de Curso : Aplicação | Segurança do Trabalho e Saúde Ocupacional | Industria 4.0,"As disciplinas de cada curso da Sumaré são concebidas pelo NDE (Núcleo Docente Estruturante), que é composto por professores com notório saber, que além da DCN (Diretrizes Curriculares Nacionais) de cada curso, levam em consideração as pautas mais importantes do mercado de trabalho, ou seja, o que você aprende na Sumaré você usa na prática!",sim
estetica-e-cosmetica,Estética e Cosmética,Semipresencial,ESTEC_SEMI,https://sumare.edu.br/graduacao/semi/estetica-e-cosmetica,html,34,5,Bem-Vindo ao AVA Sumaré | Conheça seu curso - Estética e Cosmética Semipresencial | Biossegurança e boas práticas laboratoriais | Anatomofisiologia Aplicada a Estética e Cosmética | Primeiros Socorros | Introdução e Legislação em Estética e Cosmética - EAD | Biologia Celular e Histologia - EAD | Sustentabilidade e Responsabilidade Social - EAD | Atividade Extensionista - Introdução à Estética | Biblioteca Virtual | Métodos e Técnicas de Avaliação em Estética | Química Geral e Biomoléculas Orgânicas | Disfunções Dermatológicas Aplicadas a Estética Facial | Disfunções Dermatológicas Aplicadas a Estética Corporal | Noções de Saúde Pública - EAD | Direito Empresarial - EAD | Atividade Extensionista - Patologia e Disfunções | Eletroestética e Procedimentos em Estética Corporal | Massoterapia Estética e Relaxante | Princípios Ativos em Cosmetologia | Patologia para Estética e Cosmética - EAD | Tecnologia e Sociedade - EAD | Atividade Extensionista - Técnicas em Estética | Maquiagem | Técnicas Complementares em Estética e SPA | Terapia e Estética Capilar | Nutrição Aplicada a Estética - EAD | Comportamento nas Organizações - EAD | Atividade Extensionista - Técnicas complementares em Estética | Procedimentos Pré e Pós Cirurgias Estéticas | Procedimentos Estéticos Injetáveis | História e Evolução das Massagens - EAD | Planejamento de Negócios em Estética - EAD | Empreendedorismo - EAD,"As disciplinas de cada curso da Sumaré são concebidas pelo NDE (Núcleo Docente Estruturante), que é composto por professores com notório saber, que além da DCN (Diretrizes Curriculares Nacionais) de cada curso, levam em consideração as pautas mais importantes do mercado de trabalho, ou seja, o que você aprende na Sumaré você usa na prática!",sim
farmacia,Farmácia,EAD,FARM_EAD,https://sumare.edu.br/graduacao/ead/farmacia,html,50,10,"Bem-Vindo ao AVA Sumaré | Conheça seu Tutor | Conheça seu curso - Farmácia | Biossegurança e Boas Práticas Laboratoriais | Sistemas Anatômicos | Estrutura Celular e Tecidual: Histologia e Embriologia | Bioestátistica Aplicada a Saúde | Atividade Extensionista - Aplicação na Farmácia | Biblioteca Virtual | Fisiologia Humana | Imunologia | Mecanismos de Agressão e Defesa: Microbiologia | Epidemiologia e Saúde Pública | Atividade Extensionista - Análise Epidemiológicas | Estágio Supervisionado - Farmácia | Biofísica | Química Inorgânica e Físico-Química | Química Orgânica | Atividade Extensionista - Análise Químicas na Farmácia | Bioquímica Básica | Microbiologia / Micologia Médica | Mecanismos de Agressão e Defesa: Parasitologia | Química Farmacêutica e Medicinal | Química Analítica Quantitativa e Qualitativa | Atividade Extensionista - Doenças Infecciosas | Fundamentos de Farmacologia | Farmacologia Aplicada I | Farmacologia Aplicada II | Bromatologia | Atividade Extensionista - Farmacologia | Bioética, Legislação e Deontologia em Farmácia | Gestão e Empreendedorismo na Farmácia | Comportamento nas Organizações | Projeto de Pesquisa Integrador em Farmácia | Farmacognosia | Farmacobotânica e Fitoquímica | Homeopatia | Terapias Tradicionais com Raízes dos Povos Originais do Brasil | Farmácia Hospitalar e Clínica | Assistência Farmacêutica | Governança Corporativa | Sustentabilidade e Responsabilidade Social | Controle de Qualidade de Insumos Farmacêuticos, Alimentos e Cosméticos | Farmacotécnica I | Farmacotécnica II | Tecnologia de Cosméticos | Toxicologia | Hematologia | Biologia Molecular e Biotecnologia | Bioquímica Clinica","As disciplinas de cada curso da Sumaré são concebidas pelo NDE (Núcleo Docente Estruturante), que é composto por professores com notório saber, que além da DCN (Diretrizes Curriculares Nacionais) de cada curso, levam em consideração as pautas mais importantes do mercado de trabalho, ou seja, o que você aprende na Sumaré você usa na prática!",sim
farmacia,Farmácia,Semipresencial,FARM_SEMI,https://sumare.edu.br/graduacao/semi/farmacia,html,50,10,"Bem-Vindo ao AVA Sumaré | Conheça seu Tutor | Conheça seu curso - Farmácia Semipresencial | Sistemas Anatômicos | Estatística Aplicada à Saúde | Biossegurança e Boas Práticas Laboratoriais | Fisiologia Humana | Atividade Extensionista - Aplicação na Farmácia | Biblioteca Virtual | Estrutura Celular e Tecidual: Histologia e Embriologia | Epidemiologia e Saúde Pública | Mecanismos de Agressão e Defesa: Imunologia | Mecanismos de Agressão e Defesa: Microbiologia | Atividade Extensionista - Análise Epidemiológicas | Estágio Supervisionado - Farmácia | Biofísica | Bioquímica Básica | Química Inorgânica e Físico-Química | Química Orgânica | Atividade Extensionista - Análise Químicas na Farmácia | Química Farmacêutica e Medicinal | Química Analítica Quantitativa e Qualitativa | Mecanismos de Agressão e Defesa: Parasitologia | Microbiologia / Micologia Médica | Atividade Extensionista - Doenças Infecciosas | Bromatologia | Fundamentos de Farmacologia | Farmacologia Aplicada I | Farmacologia Aplicada II | Atividade Extensionista - Farmacologia | Comportamento nas Organizações | Bioética, Legislação e Deontologia Farmacêutica | Gestão e Empreendedorismo na Farmácia | Projeto de Pesquisa Integrador em Farmácia | Farmacognosia | Terapias Tradicionais com Raizes dos Povos Originais do Brasil | Homeopatia | Farmacobotânica e Fitoquímica | Sustentabilidade e Responsabilidade Social | Governança Corporativa | Farmácia Hospitalar e Clinica | Assistência Farmacêutica | Controle de Qualidade de Insumos Farmacêuticos, Alimentos e Cosméticos | Farmacotécnica I | Farmacotécnica II | Tecnologia de Cosméticos | Hematologia | Toxicologia | Bioquímica Clinica | Biologia Molecular e Biotecnologia","As disciplinas de cada curso da Sumaré são concebidas pelo NDE (Núcleo Docente Estruturante), que é composto por professores com notório saber, que além da DCN (Diretrizes Curriculares Nacionais) de cada curso, levam em consideração as pautas mais importantes do mercado de trabalho, ou seja, o que você aprende na Sumaré você usa na prática!",sim
fisioterapia,Fisioterapia,EAD,FISIO_EAD,https://sumare.edu.br/graduacao/ead/fisioterapia,html,43,10,"Bem-Vindo ao AVA Sumaré | Conheça seu Tutor | Conheça seu curso - Fisioterapia | Estrutura celular e tecidual: anatomia e citologia | Ética, Estudos sociológicos e antropológicos | Atividade Extensionista - Sistemas Anatômicos | Psicologia Aplicada à Saúde | Biblioteca Virtual | Semiologia Fisioterapêutica | Estrutura celular e tecidual: histologia e embriologia | Biofísica e Fisiologia | Atividade Extensionista - Semiologia | Tecnologia e Sociedade | Atividade Extensionista - Cinesiologia | Anatomia Palpatória | Cinesiologia e Fisiologia do Exercício | Sustentabilidade e Responsabilidade social | Farmacologia aplicada a Fisioterapia | Mecanismos de agressão e defesa: Imunologia e Parasitologia | Atividade Extensionista - Doenças Infecciosas | Mecanismos de agressão e defesa: Microbiologia | Eletrotermofototerapia | Recursos Terapêuticos Manual | Atividade Extensionista - Recursos Terapêuticos | Saúde Pública e Epidemiologia | Aplicação e Análise de Casos | Estágio Supervisionado - Fisioterapia | Cinesioterapia e Fisioterapia Neurológica | Fisioterapia: Respiratória | Governança Corporativa | Fisioterapia Aquática | Fisioterapia em Saúde do Idoso | Fisioterapia Dermatofuncional | Direito Empresarial | Fisioterapia Traumato, Ortopédica e Esportiva | Fisioterapia: Saúde do Trabalhador | Comportamento nas Organizações | Fisioterapia Uro-Ginecológica | Fisioterapia: Cardiovascular | Metodologia da Pesquisa | Fisioterapía: Terapia Intensiva | Trabalho de Conclusão de Curso | Fisioterapia Reumatológica e Oncológica","As disciplinas de cada curso da Sumaré são concebidas pelo NDE (Núcleo Docente Estruturante), que é composto por professores com notório saber, que além da DCN (Diretrizes Curriculares Nacionais) de cada curso, levam em consideração as pautas mais importantes do mercado de trabalho, ou seja, o que você aprende na Sumaré você usa na prática!",sim
fisioterapia,Fisioterapia,Semipresencial,FISIO_SEMI,https://sumare.edu.br/graduacao/semi/fisioterapia,html,43,10,"Bem-Vindo ao AVA Sumaré | Conheça seu Tutor | Conheça seu curso - Fisioterapia Semipresencial | Sistemas Anatômicos | Ética, Estudos Sociológicos e Antropológicos | Psicologia Aplicada à Saúde | Atividade Extensionista - Sistemas Anatômicos | Biblioteca Virtual | Estrutura Celular e Tecidual: Histologia e Embriologia | Semiologia Fisioterapêutica | Biofísica e Fisiologia | Tecnologia e Sociedade | Atividade Extensionista - Semiologia | Cinesiologia e Fisiologia do Exercício | Sustentabilidade e Responsabilidade Social | Anatomia Palpatória | Atividade Extensionista - Cinesiologia e Filosofia do Exercício | Mecanismos de Agressão e Defesa: Microbiologia | Mecanismos de Agressão e Defesa: Imunologia e Parasitologia | Fundamentos da Farmacologia | Atividade Extensionista - Doenças Infecciosas | Epidemiologia e Saúde Pública | Recursos Terapêuticos Manual | Estatística Aplicada à Saúde | Eletrotermofototerapia | Atividade Extensionista - Recursos Terapêuticos em Fisioterapia | Estágio Supervisionado - Fisioterapia | Fisioterapia Respiratória | Cinesioterapia e Fisioterapia Neurológica | Imagenologia Aplicada a Fisioterapia | Fisioterapia em Saúde do Idoso | Fisioterapia Aquática | Fisioterapia Dermatofuncional | Direito Empresarial | Fisioterapia Saúde do Trabalhador | Fisioterapia Traumato, Ortopédica e Esportiva | Comportamento nas Organizações | Fisioterapia Uro-Ginecológica | Metodologia da Pesquisa | Fisioterapia Cardiovascular | Fisioterapia Reumatológica e Oncológica | Fisioterapia Terapia Intensiva | Trabalho de Conclusão de Curso","As disciplinas de cada curso da Sumaré são concebidas pelo NDE (Núcleo Docente Estruturante), que é composto por professores com notório saber, que além da DCN (Diretrizes Curriculares Nacionais) de cada curso, levam em consideração as pautas mais importantes do mercado de trabalho, ou seja, o que você aprende na Sumaré você usa na prática!",sim
gastronomia,Gastronomia,EAD,GAST_EAD,https://sumare.edu.br/graduacao/ead/gastronomia,api,21,4,"Antropologia e História da Gastronomia | Atividade Extensionista - História da Gastronomia | Estudo Experimental dos Alimentos | Gastronomia e Culinária | Gastronomia para Eventos | Bases da Panificação e Confeitaria | Atividade Extensionista - Panificação e Confeitaria | Enologia | Comportamento Organizacional e Empreendedorismo | Pesquisa Aplicada a Gastronomia | Gastronomia das Américas | Atividade Extensionista - Alimentos e Bebidas | Cozinha Fria e Cozinha Quente | Serviços e Estudo de Bebidas | Gastronomia Ásia, África e Oceania | Gastronomia Brasileira | Atividade Extensionista - Gastronomia Mundial | PPI | Gestão de Custos e Serviços | Gastronomia Europeia | Planejamento de Cardápios","As disciplinas de cada curso da Sumaré são concebidas pelo NDE (Núcleo Docente Estruturante), que é composto por professores com notório saber, que além da DCN (Diretrizes Curriculares Nacionais) de cada curso, levam em consideração as pautas mais importantes do mercado de trabalho, ou seja, o que você aprende na Sumaré você usa na prática!",sim
geografia,Geografia,EAD,GEO_EAD,https://sumare.edu.br/graduacao/ead/geografia,html,39,8,"Bem-Vindo ao AVA Sumaré | Conheça seu Tutor | Climatologia | História da Educação | Conheça seu curso - Geografia | Geografia: história cenários e campos de atuações | Atividade Extensionista - Abordagens Geográficas | Biblioteca Virtual | Geomorfologia | Psicologia da Educação e do Desenvolvimento | Cartografia e Cartografia Digital | Atividade Extensionista - Geomorfologia e Cartografia | Geografia Econômica | Geografia Urbana | Educação de Jovens e Adultos - EJA | Atividade Extensionista - Geografia Econômica e Urbana | Geografia Agrária | Geografia da População | Educação Inclusiva, Ética e Direitos Humanos | Tecnologias Educacionais | Atividade Extensionista - Geografia Agrária e da População | Estágio Obrigatório | Didática | Língua Brasileira de Sinais - LIBRAS | Didática da Geografia | Biogeografia | Projeto de Pesquisa Integrador em Geografia | Geografia do Brasil | Geografia Política | Geoprocessamento | Sociedade, Cultura e Cidadania | Currículos e Políticas Educacionais para a Educação Básica | Pedologia | Prática e Metodologia do Ensino de Geografia | Geografia dos Recursos Hídricos | Geografia da Mundialização e Geografia Econômica | Educação em Direitos Humanos e Educação Ambiental | Gestão dos Recursos Ambientais e Legislação | Avaliação da Aprendizagem","As disciplinas de cada curso da Sumaré são concebidas pelo NDE (Núcleo Docente Estruturante), que é composto por professores com notório saber, que além da DCN (Diretrizes Curriculares Nacionais) de cada curso, levam em consideração as pautas mais importantes do mercado de trabalho, ou seja, o que você aprende na Sumaré você usa na prática!",sim
geografia,Geografia,Semipresencial,GEO_SEMI,https://sumare.edu.br/graduacao/semi/geografia,html,43,8,"Bem-Vindo ao AVA Sumaré | Conheça seu Tutor | Conheça seu curso - Geografia Semipresencial | História da Educação | Geografia: História Cenários e Campos de Atuações | Climatologia | Atividade Extensionista - Abordagens Geográficas | Biblioteca Virtual | PAAS - Língua Portuguesa | PAAS - Matemática | PAAS - Informática Básica | Didática | Geomorfologia | Cartografia e Cartografia Digital | Atividade Extensionista - Geomorfologia e Cartografia | Língua Brasileira de Sinais - LIBRAS | Psicologia da Educação e do Desenvolvimento | Geografia Econômica | Geografia Urbana | Geografia da População | Atividade Extensionista - Geografia Econômica e Urbana | Educação de Jovens e Adultos - EJA | Geografia Agrária | Geografia do Brasil | Atividade Extensionista - Geografia Agrária e da População | Estágio Obrigatório | Educação em Direitos Humanos e Educação Ambiental | Avaliação da Aprendizagem | Didática da Geografia | Biogeografia | Projeto de Pesquisa Integrador em Geografia | Currículos e Políticas Educacionais para a Educação Básica | Geografia Política | Prática e Metodologia do Ensino de Geografia | Geoprocessamento | Organização da Educação Básica e o Currículo | Educação Inclusiva, Ética e Direitos Humanos | Pedologia | Geografia dos Recursos Hídricos | Fundamentos da Interdisciplinaridade | Sociedade, Cultura e Cidadania | Geografia da Mundialização e Geografia Econômica | Gestão dos Recursos Ambientais e Legislação","As disciplinas de cada curso da Sumaré são concebidas pelo NDE (Núcleo Docente Estruturante), que é composto por professores com notório saber, que além da DCN (Diretrizes Curriculares Nacionais) de cada curso, levam em consideração as pautas mais importantes do mercado de trabalho, ou seja, o que você aprende na Sumaré você usa na prática!",sim
gestao-ambiental,Gestão Ambiental,Semipresencial,GAMB_EAD,https://sumare.edu.br/graduacao/semi/gestao-ambiental,html,0,0,,"As disciplinas de cada curso da Sumaré são concebidas pelo NDE (Núcleo Docente Estruturante), que é composto por professores com notório saber, que além da DCN (Diretrizes Curriculares Nacionais) de cada curso, levam em consideração as pautas mais importantes do mercado de trabalho, ou seja, o que você aprende na Sumaré você usa na prática!",nao
gestao-comercial,Gestão Comercial,EAD,GEC_EAD,https://sumare.edu.br/graduacao/ead/gestao-comercial,api,27,4,"Administração Contemporânea | Atividade Extensionista - Assistente Comercial | Comunicação e Marketing | Contabilidade | Sistemas de Informação | Tecnologia e Sociedade | Recursos Humanos | Atividade Extensionista - Analista de Mercados | Estatística Aplicada | Pesquisa e Análise de Mercados | Gestão da Marca e Posicionamento de Mercado | Sustentabilidade e Responsabilidade Social | Economia | Atividade Extensionista - Analista de Marketing | Comportamento do Consumidor | Marketing de Produtos, Serviços e Varejo | Marketing Digital e Varejo Virtual | Filosofia | Logística | Atividade Extensionista - Consultor Comercial | ATC | Estágio Obrigatório | PPI | Gestão de Custos e Preços | Gestão de Vendas | Gestão de Processos | Comportamento nas Organizações","As disciplinas de cada curso da Sumaré são concebidas pelo NDE (Núcleo Docente Estruturante), que é composto por professores com notório saber, que além da DCN (Diretrizes Curriculares Nacionais) de cada curso, levam em consideração as pautas mais importantes do mercado de trabalho, ou seja, o que você aprende na Sumaré você usa na prática!",sim
gestao-da-tecnologia-da-informacao,Gestão da Tecnologia da Informação,EAD,GTI_EAD,https://sumare.edu.br/graduacao/ead/gestao-da-tecnologia-da-informacao,api,32,5,Arquitetura de Computadores | Atividade Extensionista - Tópicos da Computação | Redes de Computadores e Telecomunicação | Sistemas Operacionais | Desenvolvimento para WEB | Tecnologia e Sociedade | Banco de Dados | Atividade Extensionista - Projeto de Segurança | Algoritmos | Gestão de Projetos | Segurança da Informação | Sustentabilidade e Responsabilidade social | Gestão de Serviços e Processos | Atividade Extensionista - Gestão de TI | Engenharia de Software | Governança para TIC | Gestão de Pessoas | Empreendedorismo | Marketing Digital e Redes Sociais | Atividade Extensionista - Gestão da Informação | Gestão de Sistemas de Informação | Gestão do Conhecimento | Qualidade de Processos e Produtos | Comportamento nas Organizações | Desenvolvimento de Aplicativos Móveis | Atividade Extensionista - Tecnologias Inovadoras | ATC | Estágio Obrigatório | PPI | Interação Humano-Computador | Arquitetura da informação | Redes sem Fio e VoIP,"As disciplinas de cada curso da Sumaré são concebidas pelo NDE (Núcleo Docente Estruturante), que é composto por professores com notório saber, que além da DCN (Diretrizes Curriculares Nacionais) de cada curso, levam em consideração as pautas mais importantes do mercado de trabalho, ou seja, o que você aprende na Sumaré você usa na prática!",sim
gestao-de-qualidade,Gestão de Qualidade,EAD,GQUA_EAD,https://sumare.edu.br/graduacao/ead/gestao-de-qualidade,api,27,4,"Administração Contemporânea | Atividade Extensionista - Assistente de Qualidade | Comunicação e Marketing | Contabilidade | Sistemas de Informação | Tecnologia e Sociedade | Recursos Humanos | Atividade Extensionista - Analista de Qualidade | Economia | Controle Estatístico de Processos | Qualidade e Produtividade | Sustentabilidade e Responsabilidade Social | Indicadores de Custos da Qualidade | Atividade Extensionista - Analista de Custos em Qualidade | Higiene e Segurança do Trabalho | Engenharia de Qualidade, Normatização e Certificação | Desenho Técnico e Representação Gráfica | Filosofia | Metrologia | Atividade Extensionista - Consultor de Qualidade | ATC | Estágio Obrigatório | PPI | Inovação e Empreendedorismo | Gestão de Processos | Qualidade para Excelência | Comportamento nas Organizações","As disciplinas de cada curso da Sumaré são concebidas pelo NDE (Núcleo Docente Estruturante), que é composto por professores com notório saber, que além da DCN (Diretrizes Curriculares Nacionais) de cada curso, levam em consideração as pautas mais importantes do mercado de trabalho, ou seja, o que você aprende na Sumaré você usa na prática!",sim
gestao-de-recursos-humanos,Gestão de Recursos Humanos,EAD,RH_EAD,https://sumare.edu.br/graduacao/ead/gestao-de-recursos-humanos,api,27,4,Administração Contemporânea | Atividade Extensionista - Assistente de Recursos Humanos | Comunicação e Marketing | Contabilidade | Recursos Humanos | Tecnologia e Sociedade | Desenvolvimento Gerencial | Atividade Extensionista - Analista Corporativo | Educação Corporativa | Recrutamento e Seleção | Sistemas de Informação | Sustentabilidade e Responsabilidade Social | Estatística Aplicada | Atividade Extensionista - Analista Remuneração | Gestão por Competências | Legislação Trabalhista | Sistemas de Remuneração | Filosofia | Consultoria Interna de RH | Atividade Extensionista - Consultor de Recursos Humanos | ATC | Estágio Obrigatório | PPI | Cultura e Clima Organizacional | Gestão da Segurança no Trabalho e Saúde Ocupacional | Administração de Pessoal e Cálculos Trabalhistas | Comportamento nas Organizações,"As disciplinas de cada curso da Sumaré são concebidas pelo NDE (Núcleo Docente Estruturante), que é composto por professores com notório saber, que além da DCN (Diretrizes Curriculares Nacionais) de cada curso, levam em consideração as pautas mais importantes do mercado de trabalho, ou seja, o que você aprende na Sumaré você usa na prática!",sim
gestao-de-seguranca-privada,Gestão de Segurança Privada,EAD,SGPV_EAD,https://sumare.edu.br/graduacao/ead/gestao-de-seguranca-privada-,api,27,4,"Administração Contemporânea | Atividade Extensionista - Assistente de Segurança Privada | Contabilidade | Noções históricas sobre Direitos Humanos | Estado, Sociedade e Segurança | Tecnologia e Sociedade | Gestão de Pessoas | Atividade Extensionista - Analista de Recursos Humanos | Legislação Trabalhista | Meios Adequados à Solução de Conflitos | Psicologia e Criminologia | Sustentabilidade e Responsabilidade Social | Direito e Segurança Privada | Atividade Extensionista - Analista de Segurança Privada | Direito Constitucional | Crimes contra a honra, vida e bens | Primeiros Socorros | Ética, Cidadania e Direitos Humanos | Processo Penal aplicado à Segurança Privada | Atividade Extensionista - Consultor de Segurança Privada | ATC | Estágio Obrigatório | PPI | Psicologia Jurídica aplicada à Segurança | Direito Penal aplicado à Segurança Privada | Segurança Privada na Atualidade | Comportamento nas Organizações","As disciplinas de cada curso da Sumaré são concebidas pelo NDE (Núcleo Docente Estruturante), que é composto por professores com notório saber, que além da DCN (Diretrizes Curriculares Nacionais) de cada curso, levam em consideração as pautas mais importantes do mercado de trabalho, ou seja, o que você aprende na Sumaré você usa na prática!",sim
gestao-financeira,Gestão Financeira,EAD,GFIN_EAD,https://sumare.edu.br/graduacao/ead/gestao-financeira,api,27,4,Administração Contemporânea | Atividade Extensionista - Assistente Financeiro | Economia | Contabilidade | Mercado Financeiro e de Capitais | Tecnologia e Sociedade | Análise de Crédito e Cobrança | Atividade Extensionista - Analista Operações de Câmbio e Fluxo de Caixa | Matemática Financeira | Operações de Câmbio e Operações Internacionais | Planejamento Financeiro | Sustentabilidade e Responsabilidade Social | Análise das Demonstrações Financeiras | Atividade Extensionista - Analista Financeiro | Controladoria | Estatística Aplicada | Plano de Negócios | Filosofia | Administração de Pessoal e Cálculos Trabalhistas | Atividade Extensionista - Consultor Financeiro | ATC | Estágio Obrigatório | PPI | Finanças Corporativas e Riscos Financeiros | Gestão de Custos e Preços | Planejamento Fiscal e Tributário | Comportamento nas Organizações,"As disciplinas de cada curso da Sumaré são concebidas pelo NDE (Núcleo Docente Estruturante), que é composto por professores com notório saber, que além da DCN (Diretrizes Curriculares Nacionais) de cada curso, levam em consideração as pautas mais importantes do mercado de trabalho, ou seja, o que você aprende na Sumaré você usa na prática!",sim
gestao-hospitalar,Gestão Hospitalar,Semipresencial,GHOS_EAD,https://sumare.edu.br/graduacao/semi/gestao-hospitalar,html,0,0,,"As disciplinas de cada curso da Sumaré são concebidas pelo NDE (Núcleo Docente Estruturante), que é composto por professores com notório saber, que além da DCN (Diretrizes Curriculares Nacionais) de cada curso, levam em consideração as pautas mais importantes do mercado de trabalho, ou seja, o que você aprende na Sumaré você usa na prática!",nao
gestao-publica,Gestão Pública,EAD,GEPB_EAD,https://sumare.edu.br/graduacao/ead/gestao-p%C3%BAblica,api,27,4,"Administração Contemporânea | Atividade Extensionista - Assistente de Planejamento e Orçamento Público | Políticas Públicas | Leitura e Interpretação de Textos | Planejamento, Orçamento Público e Fiscalização Tributária | Tecnologia e Sociedade | Controladoria e Auditoria Pública | Atividade Extensionista - Analista de Controladoria e Auditoria Pública | Direito Administrativo | Licitações, Contratos e Convênios | Legislação Urbana | Sustentabilidade e Responsabilidade Social | Representação Gráfica (Projeto Arquitetônico) | Atividade Extensionista - Analista de Legislação Pública e Ambiental | Direito Penal | Ética e Noções de Direito: Humanos, Tributário e Empresarial | Legislação Ambiental | Comportamento nas Organizações | Desenvolvimento Gerencial | Atividade Extensionista - Consultor de Gestão Publica | ATC | Estágio Obrigatório | PPI | Planejamento e Mobilidade Urbano | Vigilância Sanitária | Saneamento Pluvial e Sanitário | Direito do Consumidor","As disciplinas de cada curso da Sumaré são concebidas pelo NDE (Núcleo Docente Estruturante), que é composto por professores com notório saber, que além da DCN (Diretrizes Curriculares Nacionais) de cada curso, levam em consideração as pautas mais importantes do mercado de trabalho, ou seja, o que você aprende na Sumaré você usa na prática!",sim
historia,História,EAD,HIST_EAD,https://sumare.edu.br/graduacao/ead/historia,html,39,8,"Bem-Vindo ao AVA Sumaré | Conheça seu Tutor | Introdução aos Estudos Históricos | Conheça seu curso - História | Teoria da História e Historiografia | História da Educação | Atividade Extensionista - Abordagens Históricas | Biblioteca Virtual | História Medieval | História Antiga | Psicologia da Educação e do Desenvolvimento | Atividade Extensionista - História Antiga e Medieval | História Moderna | Educação de Jovens e Adultos - EJA | Currículos e Políticas Educacionais para a Educação Básica | Atividade Extensionista - História Moderna e Patrimônio | História do Brasil Colônia | Educação Inclusiva, Ética e Direitos Humanos | História da América I | Tecnologias Educacionais | Atividade Extensionista - Brasil Colônia e América I | Estágio Obrigatório | Língua Brasileira de Sinais - LIBRAS | História do Brasil Império | História da América II | História da Arte | Projeto de Pesquisa Integrador em História | História do Brasil República | História Contemporânea | Sociedade, Cultura e Cidadania | Historiografia Brasileira | História das Religiões | Filosofia da Religião | História e Patrimônio Cultural | Avaliação da Aprendizagem | Didática | Sociologia e Filosofia da Educação | Metodologia de Pesquisa em História | Prática e Metodologia do Ensino de História","As disciplinas de cada curso da Sumaré são concebidas pelo NDE (Núcleo Docente Estruturante), que é composto por professores com notório saber, que além da DCN (Diretrizes Curriculares Nacionais) de cada curso, levam em consideração as pautas mais importantes do mercado de trabalho, ou seja, o que você aprende na Sumaré você usa na prática!",sim
historia,História,Semipresencial,HIST_SEMI,https://sumare.edu.br/graduacao/semi/historia,html,43,8,"Bem-Vindo ao AVA Sumaré | Conheça seu Tutor | Conheça seu curso - História Semipresencial | História da Educação | Introdução aos Estudos Históricos | Teoria da História e Historiografia | Atividade Extensionista - Abordagens Históricas | Biblioteca Virtual | PAAS - Língua Portuguesa | PAAS - Matemática | PAAS - Informática Básica | Didática | História Antiga | História Medieval | Atividade Extensionista - História Antiga e Medieval | Língua Brasileira de Sinais - LIBRAS | Psicologia da Educação e do Desenvolvimento | História Moderna | História do Brasil Colonia | História da América I | Atividade Extensionista - Brasil Colôlonia e América I | Educação de Jovens e Adultos - EJA | História e Patrimônio Cultural | Metodologia de Pesquisa em História | Atividade Extensionista - Práticas Metodológicas em História | Estágio Obrigatório | Avaliação da Aprendizagem | História do Brasil Império | História da América II | Historiografia Brasileira | Projeto de Pesquisa Integrador em História | Currículos e Políticas Educacionais para a Educação Básica | História do Brasil República | História da Arte | História Contemporânea | Organização da Educação Básica e o Currículo | Educação Inclusiva, Ética e Direitos Humanos | História das Religiões | Filosofia da Religião | Fundamentos da Interdisciplinaridade | Sociedade, Cultura e Cidadania | Sociologia e Filosofia da Educação | Prática e Metodologia do Ensino de História","As disciplinas de cada curso da Sumaré são concebidas pelo NDE (Núcleo Docente Estruturante), que é composto por professores com notório saber, que além da DCN (Diretrizes Curriculares Nacionais) de cada curso, levam em consideração as pautas mais importantes do mercado de trabalho, ou seja, o que você aprende na Sumaré você usa na prática!",sim
jogos-digitais,Jogos Digitais,EAD,JDIG_EAD,https://sumare.edu.br/graduacao/ead/jogos-digitais,api,32,5,Arquitetura de Computadores | Atividade Extensionista - Tópicos da Computação | Redes de Computadores e Telecomunicação | Sistemas Operacionais | Desenvolvimento para WEB | Tecnologia e Sociedade | Algoritmos | Atividade Extensionista - Fundamentos de Jogos | Estrutura de Dados | Jogos e Entretenimento Digital | Gestão de Projetos | Sustentabilidade e Responsabilidade social | Geometria para Computação Gráfica | Atividade Extensionista - Computação Gráfica | Design de Games | Tratamento de Imagens | Animação 2D | Empreendedorismo | Laboratório de Programação | Atividade Extensionista - Projetos de Jogos | Interação Humano-Computador | Projeto de Jogos | Segurança da Informação | Comportamento nas Organizações | Som para Jogos | Atividade Extensionista - Programação de Jogos | ATC | Estágio Obrigatório | PPI | Inteligência Artificial | Programação para Jogos Digitais | Games Engines 2D,"As disciplinas de cada curso da Sumaré são concebidas pelo NDE (Núcleo Docente Estruturante), que é composto por professores com notório saber, que além da DCN (Diretrizes Curriculares Nacionais) de cada curso, levam em consideração as pautas mais importantes do mercado de trabalho, ou seja, o que você aprende na Sumaré você usa na prática!",sim
jornalismo,Jornalismo,EAD,JORN_EAD,https://sumare.edu.br/graduacao/ead/jornalismo,api,39,8,"Teoria e História da Comunicação | Atividade Extensionista - Comunicação e Jornalismo | Língua Portuguesa e Redação Comunicacional | Jornalismo Contemporâneo | Tecnologia e Sociedade | Apuração da Notícia | Atividade Extensionista - Produção da Noticia | Assessoria de Comunicação e Empresarial | Gêneros Jornalísticos | Sustentabilidade e Responsabilidade Social | Apuração, Pesquisa, Investigação Jornalística e Entrevista | Atividade Extensionista - Redação e Pesquisa Jornalística | Redação Jornalística: digital, eletrônica e impressa | Psicologia aplicada à comunicação | Filosofia | Fotojornalismo | Atividade Extensionista - Gestão da Imagem | Planejamento Visual, Digital e Gráfico | Jornalismo opinativo e internacional | Comportamento nas Organizações | Jornalismo Impresso | Editoração e Projeto Gráfico | Ética e Legislação em Comunicação | Lógica e Interpretação de Dados | Jornalismo Digital | Processo de Transmídia e Cibercultura na Comunicação | Jornalismo de Dados e Redes Sociais Digitais | Governança Corporativa | Jornalismo Eletrônico: Telejornalismo | Processo de produção e edição para televisão | Redação e Roteiro para Televisão | Direito Empresarial | Trabalho de Conclusão de Curso | Jornalismo Eletrônico: Radio jornalismo | ATC | Estágio Obrigatório | Processo de produção e edição para rádio | Redação e Roteiro para rádio | Aplicação e Análise de Casos","As disciplinas de cada curso da Sumaré são concebidas pelo NDE (Núcleo Docente Estruturante), que é composto por professores com notório saber, que além da DCN (Diretrizes Curriculares Nacionais) de cada curso, levam em consideração as pautas mais importantes do mercado de trabalho, ou seja, o que você aprende na Sumaré você usa na prática!",sim
letras-lingua-portuguesa,Letras Habilitação Língua Portuguesa,EAD,LETR_EAD,https://sumare.edu.br/graduacao/ead/letras-habilitacao-lingua-portuguesa,html,39,8,"Bem-Vindo ao AVA Sumaré | Conheça seu Tutor | Linguística Geral | Conheça seu curso - Letras Habilitação Língua Portuguesa | História da Educação | Introdução aos Estudos de Literatura | Atividade Extensionista - Abordagens em Letras | Biblioteca Virtual | Psicologia da Educação e do Desenvolvimento | Análise da Narrativa em suas diversas manifestações | Estudos de Literatura-Drama | Atividade Extensionista - Narrativa e Drama | Fonética e Fonologia da Língua Portuguesa | Psicolinguística | Educação de Jovens e Adultos - EJA | Comunicação e Expressão | Atividade Extensionista - Fonética e Psicolinguística | Literatura Infantojuvenil | Educação Inclusiva, Ética Direitos Humanos | Estudos de Literatura-Narrativa | Atividade Extensionista - Literatura Infanto Juvenil e Narrativa | Estágio Obrigatório | Língua Brasileira de Sinais - LIBRAS | Estudos do Texto - Linguística Textual | Semântica e Pragmática | Estudos Teóricos da Comunicação | Projeto de Pesquisa Integrador em Letras Língua Portuguesa | Estudos da Literatura - Poesia | Teorias e Críticas da Literatura | Sociedade, Cultura e Cidadania | Imagem e Semiótica | Morfossintaxe | Currículos e Políticas Educacionais para a Educação Básica | Produção Discursiva: Oralidade e Escrita no Ensino Superior | Avaliação da Aprendizagem | Didática | Metodologia de Alfabetização | Prática Pedagógica e Metodologia do Ensino de Língua e Literatura | Tecnologias Educacionais","As disciplinas de cada curso da Sumaré são concebidas pelo NDE (Núcleo Docente Estruturante), que é composto por professores com notório saber, que além da DCN (Diretrizes Curriculares Nacionais) de cada curso, levam em consideração as pautas mais importantes do mercado de trabalho, ou seja, o que você aprende na Sumaré você usa na prática!",sim
letras-lingua-portuguesa,Letras Habilitação Língua Portuguesa,Semipresencial,LETR_SEMI,https://sumare.edu.br/graduacao/semi/letras-habilitacao-lingua-portuguesa,html,43,8,"Bem-Vindo ao AVA Sumaré | Conheça seu Tutor | Conheça seu curso - Letras Habilitação Língua Portuguesa Semipresencial | História da Educação | Introdução aos Estudos de Literatura | Estudos Teóricos da Comunicação | Atividade Extensionista - Abordagens em Letras | Biblioteca Virtual | PAAS - Língua Portuguesa | PAAS - Matemática | PAAS - Informática Básica | Didática | Estudos de Literatura-Drama | Análise da Narrativa em suas Diversas Manifestações | Atividade Extensionista - Narrativa e Drama | Língua Brasileira de Sinais - LIBRAS | Psicologia da Educação e do Desenvolvimento | Psicolinguística | Fonética e Fonologia da Língua Portuguesa | Comunicação e Expressão | Atividade Extensionista - Fonética e Psicolinguística | Educação de Jovens e Adultos - EJA | Literatura Infanto Juvenil | Imagem e Semiótica | Atividade Extensionista - Literatura Infanto Juvenil e Narrativa | Estágio Obrigatório | Avaliação da Aprendizagem | Estudos do Texto - Linguística Textual | Linguística Geral | Semântica e Pragmática | Projeto de Pesquisa Integrador em Letras Língua Portuguesa | Currículos e Políticas Educacionais para a Educação Básica | Estudos da Literatura - Poesia | Produção Discursiva: Oralidade e Escrita no Ensino Superior | Teorias e Críticas da Literatura | Organização da Educação Básica e o Currículo | Educação Inclusiva, Ética e Direitos Humanos | Morfossintaxe | Tecnologias Educacionais | Fundamentos da Interdisciplinaridade | Sociedade, Cultura e Cidadania | Metodologia de Alfabetização | Prática Pedagógica e Metodologia do Ensino de Língua e Literatura","As disciplinas de cada curso da Sumaré são concebidas pelo NDE (Núcleo Docente Estruturante), que é composto por professores com notório saber, que além da DCN (Diretrizes Curriculares Nacionais) de cada curso, levam em consideração as pautas mais importantes do mercado de trabalho, ou seja, o que você aprende na Sumaré você usa na prática!",sim
logistica,Logística,EAD,LOG_EAD,https://sumare.edu.br/graduacao/ead/logistica,api,27,4,"Administração Contemporânea | Atividade Extensionista - Assistente de Logística | Comunicação e Marketing | Contabilidade | Logística | Tecnologia e Sociedade | Gestão da Cadeia de Suprimentos | Atividade Extensionista - Analista de Custos Logísticos | Gestão de Custos Logísticos e Fretes | Recursos Humanos | Sistemas de Informação | Sustentabilidade e Responsabilidade Social | Administração de Produção | Atividade Extensionista - Analista de Qualidade Logístico | Estatística Aplicada | Logística Internacional | Gestão da Qualidade | Filosofia | Direito Logístico | Atividade Extensionista - Consultor Logístico | ATC | Estágio Obrigatório | PPI | Gestão da Produção e Operações | Gestão de Transportes e Distribuição - Modais | Suprimento Físico, Administração de Materiais e Distribuição Física | Comportamento nas Organizações","As disciplinas de cada curso da Sumaré são concebidas pelo NDE (Núcleo Docente Estruturante), que é composto por professores com notório saber, que além da DCN (Diretrizes Curriculares Nacionais) de cada curso, levam em consideração as pautas mais importantes do mercado de trabalho, ou seja, o que você aprende na Sumaré você usa na prática!",sim
marketing,Marketing,EAD,MARK_EAD,https://sumare.edu.br/graduacao/ead/marketing,api,27,4,"Administração Contemporânea | Atividade Extensionista - Assistente de Marketing | Comunicação e Marketing | Sistemas de Informação | Teoria da Comunicação e Audiência | Tecnologia e Sociedade | Recursos Humanos | Atividade Extensionista - Analista de Mercados | Comportamento do Consumidor | Pesquisa e Análise de Mercados | Logística | Sustentabilidade e Responsabilidade Social | Tópicos Avançados de Marketing | Atividade Extensionista - Analista de Marketing e Vendas | Estatística Aplicada | Gestão de Vendas | Marketing de Relacionamento | Filosofia | Gestão Financeira no Marketing | Atividade Extensionista - Consultor de Marketing Organizacional | ATC | Estágio Obrigatório | PPI | Marketing de Produtos, Serviços e Varejo | Marketing Eletrônico | Legislação aplicada ao Marketing, Comunicação e Eventos | Comportamento nas Organizações","As disciplinas de cada curso da Sumaré são concebidas pelo NDE (Núcleo Docente Estruturante), que é composto por professores com notório saber, que além da DCN (Diretrizes Curriculares Nacionais) de cada curso, levam em consideração as pautas mais importantes do mercado de trabalho, ou seja, o que você aprende na Sumaré você usa na prática!",sim
matematica,Matemática,EAD,MAT_EAD,https://sumare.edu.br/graduacao/ead/matematica,html,39,8,"Bem-Vindo ao AVA Sumaré | Conheça seu Tutor | Conheça seu curso - Matemática | Biblioteca Virtual | Pré-Cálculo | História da Educação | Metodologia Científica | Atividade Extensionista - Abordagens Matemáticas | Psicologia da Educação e Desenvolvimento | Geometria Analítica | Algoritmos e Estrutura de Dados | Atividade Extensionista - Matemática e Geometria | Prática do Ensino da Matemática | Origens e Laboratório no Ensino de Matemática | Educação em Direitos Humanos e Educação Ambiental | Atividade Extensionista - Matemática e Metodologias | Educação Inclusiva, Ética e Direitos Humanos | Cálculo Diferencial e Integral I | Probabilidade e Estatística | Tecnologias Educacionais | Atividade Extensionista - Cálculo e Estatística | Estágio Obrigatório | Projeto de Pesquisa Integrador em Matemática | Língua Brasileira De Sinais - LIBRAS | Cálculo Diferencial e Integral II | Física | Educação para Jovens e Adultos - EJA | Didática | Álgebra | Cálculo Numérico | Equações Diferenciais | Currículos e Políticas Educacionais Para a Educação Básica | Matemática Financeira | Variáveis Complexas | Sociedade, Cultura e Cidadania | Tópicos de Geometria | Avaliação da Aprendizagem | Álgebra Linear | Análise Real","As disciplinas de cada curso da Sumaré são concebidas pelo NDE (Núcleo Docente Estruturante), que é composto por professores com notório saber, que além da DCN (Diretrizes Curriculares Nacionais) de cada curso, levam em consideração as pautas mais importantes do mercado de trabalho, ou seja, o que você aprende na Sumaré você usa na prática!",sim
matematica,Matemática,Semipresencial,MAT_SEMI,https://sumare.edu.br/graduacao/semi/matematica,html,43,8,"Bem-Vindo ao AVA Sumaré | Conheça seu Tutor | Conheça seu curso - Matemática Semipresencial | Biblioteca Virtual | História da Educação | Pré-Cálculo | Análise Real | Atividade Extensionista - Abordagens Matemáticas | PAAS - Língua Portuguesa | PAAS - Matemática | PAAS - Informática Básica | Didática | Geometria Analítica | Álgebra Linear | Atividade Extensionista - Matemática e Geometria | Língua Brasileira de Sinais - LIBRAS | Cálculo Diferencial e Integral I | Probabilidade e Estatística | Cálculo Numérico | Psicologia da Educação e do Desenvolvimento | Atividade Extensionista - Cálculo e Estatística | Origens e Laboratório no Ensino de Matemática | Educação de Jovens e Adultos - EJA | Prática do Ensino da Matemática | Atividade Extensionista - Matemática e Metodologias | Estágio Obrigatório | Projeto de Pesquisa Integrador em Matemática | Cálculo Diferencial e Integral II | Física | Avaliação da Aprendizagem | Algoritmos e Estrutura de Dados | Currículos e Políticas Educacionais para a Educação Básica | Equações Diferenciais | Metodologia Científica | Álgebra | Organização da Educação Básica e o Currículo | Educação Inclusiva, Ética e Direitos Humanos | Matemática Financeira | Variáveis Complexas | Fundamentos da Interdisciplinaridade | Sociedade, Cultura e Cidadania | Tópicos de Geometria | Tecnologias Educacionais","As disciplinas de cada curso da Sumaré são concebidas pelo NDE (Núcleo Docente Estruturante), que é composto por professores com notório saber, que além da DCN (Diretrizes Curriculares Nacionais) de cada curso, levam em consideração as pautas mais importantes do mercado de trabalho, ou seja, o que você aprende na Sumaré você usa na prática!",sim
nutricao,Nutrição,EAD,NUTR_EAD,https://sumare.edu.br/graduacao/ead/nutricao,html,48,8,"Bem-Vindo ao AVA Sumaré | Conheça seu Tutor | Conheça seu curso - Nutrição | Bases da Nutrição | Sistemas: Anatômicos - Anatomia Humana | Nutrição e Composição dos Alimentos | Políticas e Sistemas de Saúde | Fisiologia | Atividade Extensionista - Fundamentos de Nutrição e Saúde | Biblioteca Virtual | Técnicas Dietéticas | Psicologia aplicada à Nutrição | Bioestatística e Epidemiologia Aplicada Nutrição | Bioquímica Aplicada à Nutrição | Biologia, Histologia e Embriologia | Atividade Extensionista - Bases Científicas e Aplicações em Nutrição | Nutrição e Genética | Farmacologia Aplicada à Nutrição | Patologia | Microbiologia, Imunologia e Parasitologia | Microbiologia dos Alimentos | Atividade Extensionista - Nutrição e Ciências e Biomédicas Aplicadas | Ética, Bioética e Deontologia | Avaliação Nutricional | Nutrição Materno Infantil | Nutrição Clinica | Patologia da Nutrição e Dietoterapia I | Atividade Extensionista - Prática Clínica e Ética em Nutrição | Gestão da Qualidade em Unidades de Alimentação e Nutrição | Administração Unidades de Nutrição | Administração e Gerenciamento no Serviço de Nutrição e Dietética | Nutrição nos ciclos da vida | Higiene dos Alimentos e Legislação | Estágio Supervisionado - Nutrição | Educação Alimentar e Nutricional | Saúde Coletiva e Vigilância Nutricional | Nutrição Humana e Dietéticas | Patologia da Nutrição e Dietoterapia II | Dietoterapia | Estudos Sociológicos e Antropológicos | Nutrição e Suplementação na Prática Esportiva | Tecnologia dos Alimentos e Bromatologia | Nutrição e Cozinha Experimental | Gastronomia Aplicada à Nutrição | Relações Étnico-Raciais e Cultura Afro-Bras. e Africana e Indígena | Trabalho de Conclusão de Curso | Vigilância Sanitária nos serviços de nutrição | Empreendedorismo","As disciplinas de cada curso da Sumaré são concebidas pelo NDE (Núcleo Docente Estruturante), que é composto por professores com notório saber, que além da DCN (Diretrizes Curriculares Nacionais) de cada curso, levam em consideração as pautas mais importantes do mercado de trabalho, ou seja, o que você aprende na Sumaré você usa na prática!",sim
nutricao,Nutrição,Semipresencial,NUTR_SEMI,https://sumare.edu.br/graduacao/semi/nutricao,html,49,8,"Bem-Vindo ao AVA Sumaré | Conheça seu Tutor | Conheça seu curso - Nutrição Semipresencial | Políticas e Sistemas de Saúde | Bases da Nutrição | Fisiologia | Nutrição e Composição dos Alimentos | Sistemas: Anatômicos | Atividades Extensionista - Fundamentos de Nutrição e Saúde | Biblioteca Virtual | Bioquímica Aplicada à Nutrição | Técnicas Dietéticas | Bioestatística e Epidemiologia Aplicada Nutrição | Biologia, Histologia e Embriologia | Psicologia aplicada à Nutrição | Atividades Extensionista - Bases Científicas e Aplicações em Nutrição | Patologia | Microbiologia, Imunologia e Parasitologia | Microbiologia dos Alimentos | Nutrição e Genética | Farmacologia Aplicada à Nutrição | Atividades Extensionista - Nutrição e Ciências Biomédicas Aplicadas | Nutrição Clinica | Ética, Bioética e Deontologia | Patologia da Nutrição e Dietoterapia I | Avaliação Nutricional | Nutrição Materno Infantil | Atividades Extensionista - Prática Clínica e Ética em Nutrição | Gestão da Qualidade em Unidades de Alimentação e Nutrição | Administração Unidades de Nutrição | Administração e Gerenciamento no Serviço de Nutrição e Dietética | Nutrição nos Ciclos da Vida | Higiene dos Alimentos e Legislação | Atividades Extensionista - Gestão de Qualidade em Serviços de Nutrição | Estágio Supervisionado - Nutrição | Educação Alimentar e Nutricional | Saúde Coletiva e Vigilância Nutricional | Patologia da Nutrição e Dietoterapia II | Dietoterapia | Nutrição Humana e Dietéticas | Tecnologia dos Alimentos e Bromatologia | Nutrição e Cozinha Experimental | Estudos Sociológicos e Antropológicos | Nutrição e Suplementação na Prática Esportiva | Vigilância Sanitária nos Serviços de Nutrição | Empreendedorismo | Relações Étnico-raciais e Cultura Afro-Bras. e Africana e indígena | Gastronomia Aplicada à Nutrição | Trabalho de Conclusão de Curso","As disciplinas de cada curso da Sumaré são concebidas pelo NDE (Núcleo Docente Estruturante), que é composto por professores com notório saber, que além da DCN (Diretrizes Curriculares Nacionais) de cada curso, levam em consideração as pautas mais importantes do mercado de trabalho, ou seja, o que você aprende na Sumaré você usa na prática!",sim
pedagogia,Pedagogia,EAD,PED_EAD,https://sumare.edu.br/graduacao/ead/pedagogia,html,45,8,"Bem-Vindo ao AVA Sumaré | Conheça seu Tutor | Didática | Conheça seu curso - Pedagogia | Gestão Escolar | História da Educação | Tecnologias Educacionais | Atividade Extensionista - Educação e Docência | Biblioteca Virtual | PAAS - Língua Portuguesa | PAAS - Matemática | PAAS - Informática Básica | Psicologia da Educação e do Desenvolvimento | Sociologia da Educação | Sociedade, Cultura e Cidadania | Atividade Extensionista - Educação e Transformação | Avaliação da Aprendizagem | Educação de Jovens e Adultos - EJA | Língua Brasileira de Sinais - LIBRAS | Política Educacional e Estrutura da Educação Básica | Educação Inclusiva, Ética e Direitos Humanos | Atividade Extensionista - Educação e Diversidade | Metodologia de Alfabetização | Educação Infantil | Saberes e Fazeres da Educação Infantil | A Pedagogia e seus Contextos Cotidianos | Atividade Extensionista - Educação e Formação | Estágio Obrigatório | Teoria e Prática do Ensino | Pedagogia em Espaços não Escolares | Psicologia do desenvolvimento da Infância | Educação e Ludicidade | Projeto de Pesquisa Integrador em Pedagogia | Desenvolvimento e Aprendizagem Motora | Psicomotricidade e Movimento | Organização da Educação Básica e o Currículo | Ensino Fundamental de 9 Anos | Fundamentos da Interdisciplinaridade | Literatura Infantojuvenil | Educação em Direitos Humanos e Educação Ambiental | Laboratórios, Bibliotecas e Ambientes de Convivência na Escola | Metodologia do Ensino de História e Geografia | Metodologia do Ensino de Ciências da Natureza e Sustentabilidade | Metodologia da Língua Portuguesa | Metodologia do Ensino da Matemática","As disciplinas de cada curso da Sumaré são concebidas pelo NDE (Núcleo Docente Estruturante), que é composto por professores com notório saber, que além da DCN (Diretrizes Curriculares Nacionais) de cada curso, levam em consideração as pautas mais importantes do mercado de trabalho, ou seja, o que você aprende na Sumaré você usa na prática!",sim
pedagogia,Pedagogia,Presencial,},https://sumare.edu.br/graduacao/presencial/pedagogia,html,0,0,,"As disciplinas de cada curso da Sumaré são concebidas pelo NDE (Núcleo Docente Estruturante), que é composto por professores com notório saber, que além da DCN (Diretrizes Curriculares Nacionais) de cada curso, levam em consideração as pautas mais importantes do mercado de trabalho, ou seja, o que você aprende na Sumaré você usa na prática!",nao
pedagogia,Pedagogia,Semipresencial,PED_SEMI,https://sumare.edu.br/graduacao/semi/pedagogia,html,43,8,"Bem-Vindo ao AVA Sumaré | Conheça seu Tutor | Conheça seu curso - Pedagogia Semipresencial | Atividade Extensionista - Educação e Docência | História da Educação | Educação Infantil | Saberes e Fazeres da Educação Infantil | Biblioteca Virtual | PAAS - Língua Portuguesa | PAAS - Matemática | PAAS - Informática Básica | Atividade Extensionista - Educação e Transformação | Didática | A Pedagogia e seus Contextos Cotidianos | Teoria e Prática do Ensino | Atividade Extensionista - Educação e Diversidade | Língua Brasileira de Sinais - LIBRAS | Educação e Ludicidade | Laboratórios, Bibliotecas e Ambientes de Convivência na Escola | Educação em Direitos Humanos e Educação Ambiental | Psicologia da Educação e do Desenvolvimento | Atividade Extensionista - Educação e Formação | Sociologia da Educação | Educação de Jovens e Adultos - EJA | Ensino Fundamental de 9 Anos | Estágio Obrigatório | Metodologia da Língua Portuguesa | Metodologia do Ensino da Matemática | Avaliação da Aprendizagem | Metodologia de Alfabetização | Projeto de Pesquisa Integrador em Pedagogia | Currículos e Políticas Educacionais para a Educação Básica | Psicomotricidade e Movimento | Psicologia do Desenvolvimento da Infância | Desenvolvimento e Aprendizagem Motora | Organização da Educação Básica e o Currículo | Educação Inclusiva, Ética e Direitos Humanos | Pedagogia em Espaços não Escolares | Literatura Infanto Juvenil | Fundamentos da Interdisciplinaridade | Sociedade, Cultura e Cidadania | Metodologia do Ensino de Ciências da Natureza e Sustentabilidade | Metodologia do Ensino de História e Geografia","As disciplinas de cada curso da Sumaré são concebidas pelo NDE (Núcleo Docente Estruturante), que é composto por professores com notório saber, que além da DCN (Diretrizes Curriculares Nacionais) de cada curso, levam em consideração as pautas mais importantes do mercado de trabalho, ou seja, o que você aprende na Sumaré você usa na prática!",sim
processos-gerenciais,Processos Gerenciais,EAD,PGER_EAD,https://sumare.edu.br/graduacao/ead/processos-gerenciais,api,27,4,Administração Contemporânea | Atividade Extensionista - Assistente Administrativo | Economia | Contabilidade | Recursos Humanos | Tecnologia e Sociedade | Desenvolvimento Gerencial | Atividade Extensionista - Analista Econômico | Matemática Financeira | Logística | Sistemas de Informação | Sustentabilidade e Responsabilidade Social | Análise das Demonstrações Financeiras | Atividade Extensionista - Analista Financeiro | Estratégia | Estatística Aplicada | Empreendedorismo | Filosofia | Gestão de Custos e Preços | Atividade Extensionista - Analista de Planejamento Empresarial | ATC | Estágio Obrigatório | PPI | Gestão do Conhecimento | Governança Corporativa | Gestão de Processos | Comportamento nas Organizações,"As disciplinas de cada curso da Sumaré são concebidas pelo NDE (Núcleo Docente Estruturante), que é composto por professores com notório saber, que além da DCN (Diretrizes Curriculares Nacionais) de cada curso, levam em consideração as pautas mais importantes do mercado de trabalho, ou seja, o que você aprende na Sumaré você usa na prática!",sim
psicologia,Psicologia,Presencial,PSICLOG,https://sumare.edu.br/graduacao/presencial/psicologia,api,62,10,"Introdução e História da Psicologia | Bases Sociológicas da Psicologia | Bases Filosóficas da Psicologia | Saúde Mental | Língua Portuguesa - EAD | Atividade Extensionista - Ser Psicólogo | Psicologia Social e Comunitária | Psicologia e Políticas Públicas | Psicologia e Pensamento Sistêmico | Saúde Institucional | Sustentabilidade e Responsabilidade Social - EAD | Atividade Extensionista - Diversidade e Pensamento Crítico | Psicologia Genética e Evolução Humana | Neuroanatomia | Psicologia Hospitalar | Introdução ao Psicodiagnóstico | Libras - EAD | Atividade Extensionista - Práticas Integrativas na Dependência de Substâncias Psicoativas | Fundamentos Psicanalíticos | Neurociências | Pensamento, Linguagem e Sujetividade | Processos Psicológicos da Infância e Adolescência | Psicologia Escolar e Educacional - EAD | Atividade Extensionista - Criatividade e Resolução de Problemas | Psicologia Fenomenológica e Existencial | Desenvolvimento Humano e Aprendizagem | Psicologia Experimental | Processos Psicológicos da Vida Adulta e Velhice | Cidadania e Ética Profissional - EAD | Atividade Extensionista - Processos de Inclusão Social | Psicologia Organizacional e Gestão de Pessoas | Técnicas de Observação do Comportamento | Psicofisologia | Psicopatologia da Infância e Adolescência | Antropologia e Cultura Brasileira - EAD | Atividade Extensionista - Processos Motivacionais | Psicofarmacologia | Terapia Cognitivo Comportamental | Teoria das Neuroses | Psicopatologia da Vida Adulta | Empreendedorismo - EAD | Atividade Extensionista - Psicologia e Disciplina Positiva no Protagonismo Pessoal | Psicologia Jurídica e Direitos Humanos | Psicologia e Atenção à Família | Teoria dos Processos Grupais | Orientação Vocacional e Profissional | Relações Étnico Raciais - EAD | Trabalho de Conclusão de Curso - Análise | Psicometria | Avaliação Psicológica Organizacional | Avaliação das Funções Intelectuais | Técnicas de Exame da Personalidade | Estatística Aplicada - EAD | Trabalho de Conclusão de Curso - Projeto | Processos Psicossociais e Psicoeducacionais | Práticas Psicopedagógica na Instituição Escolar | Psicomotricidade e Aprendizagem | Intervenções Clínicas nas Dificuldades de Aprendizagem | Produção Textual Acadêmica - EAD | Trabalho de Conclusão de Curso - Aplicação | ATC | Estágio Obrigatório","As disciplinas de cada curso da Sumaré são concebidas pelo NDE (Núcleo Docente Estruturante), que é composto por professores com notório saber, que além da DCN (Diretrizes Curriculares Nacionais) de cada curso, levam em consideração as pautas mais importantes do mercado de trabalho, ou seja, o que você aprende na Sumaré você usa na prática!",sim
publicidade-e-propaganda,Publicidade e Propaganda,EAD,PUBP_EAD,https://sumare.edu.br/graduacao/ead/publicidade-e-propaganda,api,35,7,"Teoria e História da Comunicação | Atividade Extensionista - Definições Conceitos de Publicidade e Propaganda | Publicidade, Propaganda e Princípios comunicacionais | Língua Portuguesa e Redação Comunicacional | Tecnologia e Sociedade | Planejamento de Campanha e Pesquisa de Mercado | Atividade Extensionista - Mercado Publicitário | Promoção e Merchandising | Psicologia aplicada à comunicação | Sustentabilidade e Responsabilidade Social | Redação Publicitária: digital, eletrônica e impressa | Atividade Extensionista - Criatividade e Criação | Marketing de Varejo e Promoção de Vendas | Direção e Criação de Arte | Filosofia | Fotografia Publicitária | Atividade Extensionista - Gestão da Imagem | Planejamento Visual, Digital e Gráfico | Imagem, Estética, Comunicação e Cultura | Comportamento nas Organizações | Produção Publicitária: Audiovisual | Design Thinking na Construção da Marca | Ética e Legislação em Comunicação | Direito Empresarial | Ambientes virtuais de consumo | Marketing Digital e de Mercado | Inovação e Empreendedorismo em Comunicação | Lógica e Interpretação de Dados | Gerenciamento de Campanhas e Marcas | Trabalho de Conclusão de Curso | ATC | Estágio Obrigatório | Produção Publicitária: Transmídia | Métricas e Mensuração de Dados em Marketing | Governança Corporativa","As disciplinas de cada curso da Sumaré são concebidas pelo NDE (Núcleo Docente Estruturante), que é composto por professores com notório saber, que além da DCN (Diretrizes Curriculares Nacionais) de cada curso, levam em consideração as pautas mais importantes do mercado de trabalho, ou seja, o que você aprende na Sumaré você usa na prática!",sim
redes-de-computadores,Redes de Computadores,EAD,REDES_EAD,https://sumare.edu.br/graduacao/ead/redes-de-computadores,api,32,5,Arquitetura de Computadores | Atividade Extensionista - Tópicos da Computação | Redes de Computadores e Telecomunicação | Sistemas Operacionais | Desenvolvimento para WEB | Tecnologia e Sociedade | Algoritmos | Atividade Extensionista - Infraestrutura de TI | Banco de Dados | Gestão de Projetos | Segurança da Informação | Sustentabilidade e Responsabilidade social | Sistema Operacional Livre | Atividade Extensionista - Gestão em Redes | Sistema Operacional Proprietário | Routers e Switching | Protocolos de Redes de Longa Distância | Empreendedorismo | Monitoramento e Análise de Redes | Atividade Extensionista - Administração de Serviços | Governança para TIC | Projeto de Redes | Segurança de Infraestrutura | Comportamento nas Organizações | Virtualização e Redes em Nuvem | Atividade Extensionista - Redes de Alta Velocidade | ATC | Estágio Obrigatório | PPI | Redes sem Fio e VoIP | Tecnologias Emergentes | Transmissão de Dados,"As disciplinas de cada curso da Sumaré são concebidas pelo NDE (Núcleo Docente Estruturante), que é composto por professores com notório saber, que além da DCN (Diretrizes Curriculares Nacionais) de cada curso, levam em consideração as pautas mais importantes do mercado de trabalho, ou seja, o que você aprende na Sumaré você usa na prática!",sim
saneamento-ambiental,Saneamento Ambiental,EAD,TSAMB_EAD,https://sumare.edu.br/graduacao/ead/saneamento-ambiental,html,25,4,Bem-Vindo ao AVA Sumaré | Conheça seu Tutor | Conheça seu curso - Saneamento Ambiental | Legislação Ambiental | Ecologia de Sistemas | Topografia e geoprocessamento aplicados | Atividade Extensionista - Ecologia e Legislação Ambiental | Biblioteca Virtual | Tecnologia e Sociedade | Recursos Hídricos e Drenagem Urbana | Direito Ambiental | Hidrologia e Climatologia | Sistemas de Abastecimento e distribuição de Água | Atividade Extensionista - Recursos Hídricos | Estatística Aplicada às Ciências Sociais e Ambientais | Políticas Urbanas e Controle da Poluição | Atividade Extensionista - Políticas Públicas e Educação Ambiental | Microbiologia Ambiental | Saúde Pública e Educação Ambiental | Projeto de Pesquisa Integrador em Saneamento Ambiental | Ética e Cidadania | Atividade Extensionista - Sustentabilidade | Biologia do Solo e Recursos ambientais | Sustentabilidade e responsabilidade socioambiental | Gerenciamento de Resíduos Sólidos e Certificação Ambientais,"As disciplinas de cada curso da Sumaré são concebidas pelo NDE (Núcleo Docente Estruturante), que é composto por professores com notório saber, que além da DCN (Diretrizes Curriculares Nacionais) de cada curso, levam em consideração as pautas mais importantes do mercado de trabalho, ou seja, o que você aprende na Sumaré você usa na prática!",sim
saneamento-ambiental,Saneamento Ambiental,Semipresencial,TSAMB_SEMI,https://sumare.edu.br/graduacao/semi/saneamento-ambiental,html,25,4,Bem-Vindo ao AVA Sumaré | Conheça seu Tutor | Conheça seu curso - Saneamento Ambiental Semipresencial | Tecnologia e Sociedade | Ecologia de Sistemas | Legislação Ambiental | Ética e Cidadania | Atividade Extensionista - Ecologia e Legislação Ambiental | Biblioteca Virtual | Direito Ambiental | Hidrologia e Climatologia | Recursos Hídricos e Drenagem Urbana | Sistemas de Abastecimento e Distribuição de Água | Atividade Extensionista - Recursos Hídricos | Estatística Aplicada às Ciências Sociais e Ambientais | Saúde Pública e Educação Ambiental | Políticas Urbanas e Controle da Poluição | Microbiologia Ambiental | Atividade Extensionista - Políticas Públicas e Educação Ambiental | Projeto de Pesquisa Integrador em Saneamento Ambiental | Biologia do Solo e Recursos Ambientais | Topografia e Geoprocessamento Aplicados | Sustentabilidade e Responsabilidade Socioambiental | Gerenciamento de Resíduos Sólidos e Certificação Ambientais | Atividade Extensionista - Sustentabilidade,"As disciplinas de cada curso da Sumaré são concebidas pelo NDE (Núcleo Docente Estruturante), que é composto por professores com notório saber, que além da DCN (Diretrizes Curriculares Nacionais) de cada curso, levam em consideração as pautas mais importantes do mercado de trabalho, ou seja, o que você aprende na Sumaré você usa na prática!",sim
sistemas-de-informacao,Sistemas de Informação,EAD,SISINF_EAD,https://sumare.edu.br/graduacao/ead/sistemas-de-informacao-,api,41,8,Arquitetura de Computadores | Atividade Extensionista - Tópicos da Computação | Redes de Computadores e Telecomunicação | Desenvolvimento para WEB | Tecnologia e Sociedade | Banco de Dados | Atividade Extensionista - Projetos Banco de Dados | Algoritmos | Gestão de Projetos | Sustentabilidade e Responsabilidade social | Gestão de Serviços e Processos | Atividade Extensionista - Gestão de TI | Governança para TIC | Engenharia de Software | Filosofia | Gestão de Sistemas de Informação | Atividade Extensionista - Modelagem de Dados | Gestão do Conhecimento | Modelagem e Organização de Dados | Comportamento nas Organizações | Estrutura de Dados | Atividade Extensionista - Analise e Estrutura de Dados | Interação Humano-Computador | Arquitetura da informação | Direito Empresarial | Programação Orientada a Objetos | Atividade Extensionista - Programação e Estatística | Pesquisa Operacional | Probabilidade de Estatística | Empreendedorismo | Sistemas Operacionais | Segurança da Informação | Paradigmas e Linguagem de Programação | Lógica e Interpretação de Dados | Programação para Jogos Digitais | ATC | Estágio Obrigatório | PPI | Qualidade de Processo e Produto | Lógica Matemática e Matemática Discreta | Aplicação e Análise de Casos,"As disciplinas de cada curso da Sumaré são concebidas pelo NDE (Núcleo Docente Estruturante), que é composto por professores com notório saber, que além da DCN (Diretrizes Curriculares Nacionais) de cada curso, levam em consideração as pautas mais importantes do mercado de trabalho, ou seja, o que você aprende na Sumaré você usa na prática!",sim
sistemas-para-internet,Sistemas para Internet,EAD,SINT_EAD,https://sumare.edu.br/graduacao/ead/sistemas-para-internet,api,32,5,Arquitetura de Computadores | Atividade Extensionista - Tópicos da Computação | Redes de Computadores e Telecomunicação | Sistemas Operacionais | Desenvolvimento para WEB | Tecnologia e Sociedade | Algoritmos | Atividade Extensionista - Projeto de Segurança | Banco de Dados | Gestão de Projetos | Segurança da Informação | Sustentabilidade e Responsabilidade social | Animação 2D | Atividade Extensionista - Tratamento de Imagens | Engenharia de Software | Marketing Digital e Redes Sociais | Tratamento de Imagens | Empreendedorismo | Administração de Servidores WEB | Atividade Extensionista - Desenvolvimento de APP | Desenvolvimento de Aplicativos Móveis | Design de Web Sites | Programação Orientada a Objetos | Comportamento nas Organizações | Interface Humano-Computador | Atividade Extensionista - Gerenciamento WEB | ATC | Estágio Obrigatório | PPI | Linguagem de Programação WEB | Segurança em desenvolvimento de Sistemas | TI Aplicada aos Negócios,"As disciplinas de cada curso da Sumaré são concebidas pelo NDE (Núcleo Docente Estruturante), que é composto por professores com notório saber, que além da DCN (Diretrizes Curriculares Nacionais) de cada curso, levam em consideração as pautas mais importantes do mercado de trabalho, ou seja, o que você aprende na Sumaré você usa na prática!",sim
servico-social,Superior em Serviço Social,EAD,SERV_EAD,https://sumare.edu.br/graduacao/ead/superior-em-servico-social,html,34,8,"Bem-Vindo ao AVA Sumaré | Conheça seu Tutor | Conheça seu curso - Serviço Social | Filosofia e Sociologia Contemporânea | Formação Sócio Histórica do Brasil | Fundamentos Históricos, teóricos e metodológicos do Serviço Social I | Atividade Extensionista - Bases do Serviço Social | Biblioteca Virtual | Atividade Extensionista - Questão Social | Ciência Política | Fundamentos Históricos, teóricos e metodológicos do Serviço Social II | Questão Social na Sociedade Contemporânea | Atividade Extensionista - Fundamentos Básicos para Prática Profissional | Ética e Legislação Profissional | Psicologia Social | Antropologia Social | Atividade Extensionista - Políticas Sociais | Processo de Trabalho no Serviço Social | Política Social | Ética, Cidadania e Sustentabilidade | Estágio Supervisionado - Serviço Social | Segmentos Populacionais e Políticas Sociais | Direitos Humanos e Legislação Social | Serviço Social Aplicado e Estágio Supervisionado | Assistência Social e Previdência Social | Políticas de Saúde e Educação | Economia Política | Trabalho de Conclusão de Curso I | Metodologia Científica e Pesquisa em Serviço Social | Serviço Social e Família | Trabalho de Conclusão de Curso II | Estatística e Indicadores Sociais | Planejamento e Gestão em Serviço Social | Serviço Social em Organizações","As disciplinas de cada curso da Sumaré são concebidas pelo NDE (Núcleo Docente Estruturante), que é composto por professores com notório saber, que além da DCN (Diretrizes Curriculares Nacionais) de cada curso, levam em consideração as pautas mais importantes do mercado de trabalho, ou seja, o que você aprende na Sumaré você usa na prática!",sim
servico-social,Superior em Serviço Social,Semipresencial,SERV_SEMI,https://sumare.edu.br/graduacao/semi/superior-em-servico-social,html,36,8,"Bem-Vindo ao AVA Sumaré | Conheça seu Tutor | Conheça seu curso - Serviço Social Semipresencial | Formação Sócio Histórica do Brasil | Filosofia e Sociologia Contemporânea | Fundamentos Históricos, Teóricos e Metodológicos do Serviço Social I | Atividade Extensionista - Bases do Serviço Social | Biblioteca Virtual | Ciência Política | Fundamentos Históricos, Teóricos e Metodológicos do Serviço Social II | Questão Social na Sociedade Contemporânea | Atividade Extensionista - Questão Social | Psicologia Social | Antropologia Social | Ética e Legislação Profissional | Atividade Extensionista - Fundamentos Básicos para Prática Profissional | Política Social | Ética, Cidadania e Sustentabilidade | Processo de Trabalho no Serviço Social | Atividade Extensionista - Políticas Sociais | Estágio Supervisionado - Serviço Social | Serviço Social Aplicado e Estágio Supervisionado | Segmentos Populacionais e Politicas Sociais | Direitos Humanos e Legislação Social | Atividade Extensionista - Legislação Social | Assistência Social e Previdência Social | Políticas de Saúde e Educação | Economia Política | Atividade Extensionista - Economia e Políticas Públicas | Trabalho de Conclusão de Curso I | Metodologia Científica e Pesquisa em Serviço Social | Serviço Social e Família | Trabalho de Conclusão de Curso II | Estatística e Indicadores Sociais | Planejamento e Gestão em Serviço Social | Serviço Social em Organizações","As disciplinas de cada curso da Sumaré são concebidas pelo NDE (Núcleo Docente Estruturante), que é composto por professores com notório saber, que além da DCN (Diretrizes Curriculares Nacionais) de cada curso, levam em consideração as pautas mais importantes do mercado de trabalho, ou seja, o que você aprende na Sumaré você usa na prática!",sim